[Sun Jun 22 02:15:02 2025] COMPUTER_TACTIC: City=西凉 (ID:0), Tactic=Armament
[Sun Jun 22 02:15:02 2025] COMPUTER_TACTIC: City=北平 (ID:1), Tactic=Interior
[Sun Jun 22 02:15:02 2025] COMPUTER_TACTIC: City=襄平 (ID:2), Tactic=Diplomatism
[Sun Jun 22 02:15:02 2025] COMPUTER_TACTIC: City=安定 (ID:3), Tactic=Armament
[Sun Jun 22 02:15:02 2025] COMPUTER_TACTIC: City=晋阳 (ID:4), Tactic=Armament
[Sun Jun 22 02:15:02 2025] COMPUTER_TACTIC: City=平原 (ID:5), Tactic=Armament
[Sun Jun 22 02:15:02 2025] COMPUTER_TACTIC: City=南皮 (ID:6), Tactic=Interior
[Sun Jun 22 02:15:02 2025] COMPUTER_TACTIC: City=北海 (ID:7), Tactic=Armament
[Sun Jun 22 02:15:02 2025] COMPUTER_TACTIC: City=天水 (ID:8), Tactic=Armament
[Sun Jun 22 02:15:02 2025] COMPUTER_TACTIC: City=河内 (ID:9), Tactic=Interior
[Sun Jun 22 02:15:02 2025] COMPUTER_TACTIC: City=长安 (ID:10), Tactic=Interior
[Sun Jun 22 02:15:02 2025] COMPUTER_TACTIC: City= (ID:11), Tactic=Diplomatism
[Sun Jun 22 02:15:02 2025] COMPUTER_TACTIC: City=濮阳 (ID:12), Tactic=Interior
[Sun Jun 22 02:15:02 2025] ORDER_CREATED: Person=刘备 (ID:2), Order=开垦 (ID:1), City=徐州 (ID:13)
[Sun Jun 22 02:15:02 2025] PERSON_REMOVED: Person=刘备 (ID:2), City=徐州 (ID:13), Reason=Order Assignment
[Sun Jun 22 02:15:02 2025] ORDER_CREATED: Person=关羽 (ID:31), Order=开垦 (ID:1), City=徐州 (ID:13)
[Sun Jun 22 02:15:02 2025] PERSON_REMOVED: Person=关羽 (ID:31), City=徐州 (ID:13), Reason=Order Assignment
[Sun Jun 22 02:15:02 2025] ORDER_CREATED: Person=张飞 (ID:32), Order=开垦 (ID:1), City=徐州 (ID:13)
[Sun Jun 22 02:15:02 2025] PERSON_REMOVED: Person=张飞 (ID:32), City=徐州 (ID:13), Reason=Order Assignment
[Sun Jun 22 02:15:02 2025] ORDER_CREATED: Person=陈圭 (ID:34), Order=开垦 (ID:1), City=徐州 (ID:13)
[Sun Jun 22 02:15:02 2025] PERSON_REMOVED: Person=陈圭 (ID:34), City=徐州 (ID:13), Reason=Order Assignment
[Sun Jun 22 02:15:02 2025] ORDER_CREATED: Person=孙乾 (ID:36), Order=开垦 (ID:1), City=徐州 (ID:13)
[Sun Jun 22 02:15:02 2025] PERSON_REMOVED: Person=孙乾 (ID:36), City=徐州 (ID:13), Reason=Order Assignment
[Sun Jun 22 02:15:02 2025] COMPUTER_TACTIC: City=汉中 (ID:14), Tactic=Interior
[Sun Jun 22 02:15:02 2025] COMPUTER_TACTIC: City=许昌 (ID:16), Tactic=Interior
[Sun Jun 22 02:15:02 2025] ORDER_CREATED: Person=简雍 (ID:33), Order=开垦 (ID:1), City=小沛 (ID:17)
[Sun Jun 22 02:15:02 2025] PERSON_REMOVED: Person=简雍 (ID:33), City=小沛 (ID:17), Reason=Order Assignment
[Sun Jun 22 02:15:02 2025] ORDER_CREATED: Person=糜竺 (ID:37), Order=开垦 (ID:1), City=小沛 (ID:17)
[Sun Jun 22 02:15:02 2025] PERSON_REMOVED: Person=糜竺 (ID:37), City=小沛 (ID:17), Reason=Order Assignment
[Sun Jun 22 02:15:02 2025] ORDER_CREATED: Person=糜芳 (ID:38), Order=开垦 (ID:1), City=小沛 (ID:17)
[Sun Jun 22 02:15:02 2025] PERSON_REMOVED: Person=糜芳 (ID:38), City=小沛 (ID:17), Reason=Order Assignment
[Sun Jun 22 02:15:02 2025] ORDER_CREATED: Person=陈登 (ID:35), Order=开垦 (ID:1), City=下邳 (ID:18)
[Sun Jun 22 02:15:02 2025] PERSON_REMOVED: Person=陈登 (ID:35), City=下邳 (ID:18), Reason=Order Assignment
[Sun Jun 22 02:15:02 2025] ORDER_CREATED: Person=曹豹 (ID:39), Order=开垦 (ID:1), City=下邳 (ID:18)
[Sun Jun 22 02:15:02 2025] PERSON_REMOVED: Person=曹豹 (ID:39), City=下邳 (ID:18), Reason=Order Assignment
[Sun Jun 22 02:15:02 2025] COMPUTER_TACTIC: City=梓潼 (ID:19), Tactic=Interior
[Sun Jun 22 02:15:02 2025] COMPUTER_TACTIC: City=宛城 (ID:20), Tactic=Diplomatism
[Sun Jun 22 02:15:02 2025] COMPUTER_TACTIC: City=寿春 (ID:21), Tactic=Interior
[Sun Jun 22 02:15:02 2025] COMPUTER_TACTIC: City=建业 (ID:22), Tactic=Armament
[Sun Jun 22 02:15:02 2025] COMPUTER_TACTIC: City= (ID:23), Tactic=Armament
[Sun Jun 22 02:15:02 2025] COMPUTER_TACTIC: City=成都 (ID:24), Tactic=Diplomatism
[Sun Jun 22 02:15:02 2025] COMPUTER_TACTIC: City=棉竹 (ID:25), Tactic=Armament
[Sun Jun 22 02:15:02 2025] COMPUTER_TACTIC: City=襄阳 (ID:26), Tactic=Armament
[Sun Jun 22 02:15:02 2025] COMPUTER_TACTIC: City=江夏 (ID:27), Tactic=Armament
[Sun Jun 22 02:15:02 2025] COMPUTER_TACTIC: City=巴郡 (ID:31), Tactic=Diplomatism
[Sun Jun 22 02:15:02 2025] COMPUTER_TACTIC: City=长沙 (ID:33), Tactic=Armament
[Sun Jun 22 02:15:02 2025] COMPUTER_TACTIC: City=建宁 (ID:37), Tactic=Armament
[Sun Jun 22 02:15:02 2025] ORDER_EXECUTED: Person=刘备 (ID:2), Order=开垦 (ID:1), City=徐州 (ID:13)
[Sun Jun 22 02:15:02 2025] PERSON_RETURNED: Person=刘备 (ID:2), City=徐州 (ID:13), Reason=Order Completion
[Sun Jun 22 02:15:02 2025] ORDER_DELETED: Person=刘备 (ID:2), Order=开垦 (ID:1), City=徐州 (ID:13)
[Sun Jun 22 02:15:02 2025] ORDER_EXECUTED: Person=关羽 (ID:31), Order=开垦 (ID:1), City=徐州 (ID:13)
[Sun Jun 22 02:15:02 2025] PERSON_RETURNED: Person=关羽 (ID:31), City=徐州 (ID:13), Reason=Order Completion
[Sun Jun 22 02:15:02 2025] ORDER_DELETED: Person=关羽 (ID:31), Order=开垦 (ID:1), City=徐州 (ID:13)
[Sun Jun 22 02:15:02 2025] ORDER_EXECUTED: Person=张飞 (ID:32), Order=开垦 (ID:1), City=徐州 (ID:13)
[Sun Jun 22 02:15:02 2025] PERSON_RETURNED: Person=张飞 (ID:32), City=徐州 (ID:13), Reason=Order Completion
[Sun Jun 22 02:15:02 2025] ORDER_DELETED: Person=张飞 (ID:32), Order=开垦 (ID:1), City=徐州 (ID:13)
[Sun Jun 22 02:15:02 2025] ORDER_EXECUTED: Person=陈圭 (ID:34), Order=开垦 (ID:1), City=徐州 (ID:13)
[Sun Jun 22 02:15:02 2025] PERSON_RETURNED: Person=陈圭 (ID:34), City=徐州 (ID:13), Reason=Order Completion
[Sun Jun 22 02:15:02 2025] ORDER_DELETED: Person=陈圭 (ID:34), Order=开垦 (ID:1), City=徐州 (ID:13)
[Sun Jun 22 02:15:02 2025] ORDER_EXECUTED: Person=孙乾 (ID:36), Order=开垦 (ID:1), City=徐州 (ID:13)
[Sun Jun 22 02:15:02 2025] PERSON_RETURNED: Person=孙乾 (ID:36), City=徐州 (ID:13), Reason=Order Completion
[Sun Jun 22 02:15:02 2025] ORDER_DELETED: Person=孙乾 (ID:36), Order=开垦 (ID:1), City=徐州 (ID:13)
[Sun Jun 22 02:15:02 2025] ORDER_EXECUTED: Person=简雍 (ID:33), Order=开垦 (ID:1), City=小沛 (ID:17)
[Sun Jun 22 02:15:02 2025] PERSON_RETURNED: Person=简雍 (ID:33), City=小沛 (ID:17), Reason=Order Completion
[Sun Jun 22 02:15:02 2025] ORDER_DELETED: Person=简雍 (ID:33), Order=开垦 (ID:1), City=小沛 (ID:17)
[Sun Jun 22 02:15:02 2025] ORDER_EXECUTED: Person=糜竺 (ID:37), Order=开垦 (ID:1), City=小沛 (ID:17)
[Sun Jun 22 02:15:02 2025] PERSON_RETURNED: Person=糜竺 (ID:37), City=小沛 (ID:17), Reason=Order Completion
[Sun Jun 22 02:15:02 2025] ORDER_DELETED: Person=糜竺 (ID:37), Order=开垦 (ID:1), City=小沛 (ID:17)
[Sun Jun 22 02:15:02 2025] ORDER_EXECUTED: Person=糜芳 (ID:38), Order=开垦 (ID:1), City=小沛 (ID:17)
[Sun Jun 22 02:15:02 2025] PERSON_RETURNED: Person=糜芳 (ID:38), City=小沛 (ID:17), Reason=Order Completion
[Sun Jun 22 02:15:02 2025] ORDER_DELETED: Person=糜芳 (ID:38), Order=开垦 (ID:1), City=小沛 (ID:17)
[Sun Jun 22 02:15:02 2025] ORDER_EXECUTED: Person=陈登 (ID:35), Order=开垦 (ID:1), City=下邳 (ID:18)
[Sun Jun 22 02:15:02 2025] PERSON_RETURNED: Person=陈登 (ID:35), City=下邳 (ID:18), Reason=Order Completion
[Sun Jun 22 02:15:02 2025] ORDER_DELETED: Person=陈登 (ID:35), Order=开垦 (ID:1), City=下邳 (ID:18)
[Sun Jun 22 02:15:02 2025] ORDER_EXECUTED: Person=曹豹 (ID:39), Order=开垦 (ID:1), City=下邳 (ID:18)
[Sun Jun 22 02:15:02 2025] PERSON_RETURNED: Person=曹豹 (ID:39), City=下邳 (ID:18), Reason=Order Completion
[Sun Jun 22 02:15:02 2025] ORDER_DELETED: Person=曹豹 (ID:39), Order=开垦 (ID:1), City=下邳 (ID:18)
[Sun Jun 22 02:15:02 2025] GAME_TURN: Year=61443, Month=2
[Sun Jun 22 02:26:26 2025] COMPUTER_TACTIC: City=西凉 (ID:0), Tactic=Armament
[Sun Jun 22 02:26:26 2025] COMPUTER_TACTIC: City=北平 (ID:1), Tactic=Interior
[Sun Jun 22 02:26:26 2025] COMPUTER_TACTIC: City=襄平 (ID:2), Tactic=Diplomatism
[Sun Jun 22 02:26:26 2025] COMPUTER_TACTIC: City=安定 (ID:3), Tactic=Armament
[Sun Jun 22 02:26:26 2025] COMPUTER_TACTIC: City=晋阳 (ID:4), Tactic=Armament
[Sun Jun 22 02:26:26 2025] COMPUTER_TACTIC: City=平原 (ID:5), Tactic=Armament
[Sun Jun 22 02:26:26 2025] COMPUTER_TACTIC: City=南皮 (ID:6), Tactic=Interior
[Sun Jun 22 02:26:26 2025] COMPUTER_TACTIC: City=北海 (ID:7), Tactic=Armament
[Sun Jun 22 02:26:26 2025] COMPUTER_TACTIC: City=天水 (ID:8), Tactic=Armament
[Sun Jun 22 02:26:26 2025] COMPUTER_TACTIC: City=河内 (ID:9), Tactic=Interior
[Sun Jun 22 02:26:26 2025] COMPUTER_TACTIC: City=长安 (ID:10), Tactic=Interior
[Sun Jun 22 02:26:26 2025] COMPUTER_TACTIC: City= (ID:11), Tactic=Diplomatism
[Sun Jun 22 02:26:26 2025] COMPUTER_TACTIC: City=濮阳 (ID:12), Tactic=Interior
[Sun Jun 22 02:26:26 2025] ORDER_CREATED: Person=刘备 (ID:2), Order=开垦 (ID:1), City=徐州 (ID:13)
[Sun Jun 22 02:26:26 2025] PERSON_REMOVED: Person=刘备 (ID:2), City=徐州 (ID:13), Reason=Order Assignment
[Sun Jun 22 02:26:26 2025] ORDER_CREATED: Person=关羽 (ID:31), Order=开垦 (ID:1), City=徐州 (ID:13)
[Sun Jun 22 02:26:26 2025] PERSON_REMOVED: Person=关羽 (ID:31), City=徐州 (ID:13), Reason=Order Assignment
[Sun Jun 22 02:26:26 2025] ORDER_CREATED: Person=张飞 (ID:32), Order=开垦 (ID:1), City=徐州 (ID:13)
[Sun Jun 22 02:26:26 2025] PERSON_REMOVED: Person=张飞 (ID:32), City=徐州 (ID:13), Reason=Order Assignment
[Sun Jun 22 02:26:26 2025] ORDER_CREATED: Person=陈圭 (ID:34), Order=开垦 (ID:1), City=徐州 (ID:13)
[Sun Jun 22 02:26:26 2025] PERSON_REMOVED: Person=陈圭 (ID:34), City=徐州 (ID:13), Reason=Order Assignment
[Sun Jun 22 02:26:26 2025] ORDER_CREATED: Person=孙乾 (ID:36), Order=开垦 (ID:1), City=徐州 (ID:13)
[Sun Jun 22 02:26:26 2025] PERSON_REMOVED: Person=孙乾 (ID:36), City=徐州 (ID:13), Reason=Order Assignment
[Sun Jun 22 02:26:26 2025] COMPUTER_TACTIC: City=汉中 (ID:14), Tactic=Interior
[Sun Jun 22 02:26:26 2025] COMPUTER_TACTIC: City=许昌 (ID:16), Tactic=Interior
[Sun Jun 22 02:26:26 2025] ORDER_CREATED: Person=简雍 (ID:33), Order=开垦 (ID:1), City=小沛 (ID:17)
[Sun Jun 22 02:26:26 2025] PERSON_REMOVED: Person=简雍 (ID:33), City=小沛 (ID:17), Reason=Order Assignment
[Sun Jun 22 02:26:26 2025] ORDER_CREATED: Person=糜竺 (ID:37), Order=开垦 (ID:1), City=小沛 (ID:17)
[Sun Jun 22 02:26:26 2025] PERSON_REMOVED: Person=糜竺 (ID:37), City=小沛 (ID:17), Reason=Order Assignment
[Sun Jun 22 02:26:26 2025] ORDER_CREATED: Person=糜芳 (ID:38), Order=开垦 (ID:1), City=小沛 (ID:17)
[Sun Jun 22 02:26:26 2025] PERSON_REMOVED: Person=糜芳 (ID:38), City=小沛 (ID:17), Reason=Order Assignment
[Sun Jun 22 02:26:26 2025] ORDER_CREATED: Person=陈登 (ID:35), Order=开垦 (ID:1), City=下邳 (ID:18)
[Sun Jun 22 02:26:26 2025] PERSON_REMOVED: Person=陈登 (ID:35), City=下邳 (ID:18), Reason=Order Assignment
[Sun Jun 22 02:26:26 2025] ORDER_CREATED: Person=曹豹 (ID:39), Order=开垦 (ID:1), City=下邳 (ID:18)
[Sun Jun 22 02:26:26 2025] PERSON_REMOVED: Person=曹豹 (ID:39), City=下邳 (ID:18), Reason=Order Assignment
[Sun Jun 22 02:26:26 2025] COMPUTER_TACTIC: City=梓潼 (ID:19), Tactic=Interior
[Sun Jun 22 02:26:26 2025] COMPUTER_TACTIC: City=宛城 (ID:20), Tactic=Diplomatism
[Sun Jun 22 02:26:26 2025] COMPUTER_TACTIC: City=寿春 (ID:21), Tactic=Interior
[Sun Jun 22 02:26:26 2025] COMPUTER_TACTIC: City=建业 (ID:22), Tactic=Armament
[Sun Jun 22 02:26:26 2025] COMPUTER_TACTIC: City= (ID:23), Tactic=Armament
[Sun Jun 22 02:26:26 2025] COMPUTER_TACTIC: City=成都 (ID:24), Tactic=Diplomatism
[Sun Jun 22 02:26:26 2025] COMPUTER_TACTIC: City=棉竹 (ID:25), Tactic=Armament
[Sun Jun 22 02:26:26 2025] COMPUTER_TACTIC: City=襄阳 (ID:26), Tactic=Armament
[Sun Jun 22 02:26:26 2025] COMPUTER_TACTIC: City=江夏 (ID:27), Tactic=Armament
[Sun Jun 22 02:26:26 2025] COMPUTER_TACTIC: City=巴郡 (ID:31), Tactic=Diplomatism
[Sun Jun 22 02:26:26 2025] COMPUTER_TACTIC: City=长沙 (ID:33), Tactic=Armament
[Sun Jun 22 02:26:26 2025] COMPUTER_TACTIC: City=建宁 (ID:37), Tactic=Armament
[Sun Jun 22 02:26:26 2025] ORDER_EXECUTED: Person=刘备 (ID:2), Order=开垦 (ID:1), City=徐州 (ID:13)
[Sun Jun 22 02:26:26 2025] PERSON_RETURNED: Person=刘备 (ID:2), City=徐州 (ID:13), Reason=Order Completion
[Sun Jun 22 02:26:26 2025] ORDER_DELETED: Person=刘备 (ID:2), Order=开垦 (ID:1), City=徐州 (ID:13)
[Sun Jun 22 02:26:26 2025] ORDER_EXECUTED: Person=关羽 (ID:31), Order=开垦 (ID:1), City=徐州 (ID:13)
[Sun Jun 22 02:26:26 2025] PERSON_RETURNED: Person=关羽 (ID:31), City=徐州 (ID:13), Reason=Order Completion
[Sun Jun 22 02:26:26 2025] ORDER_DELETED: Person=关羽 (ID:31), Order=开垦 (ID:1), City=徐州 (ID:13)
[Sun Jun 22 02:26:26 2025] ORDER_EXECUTED: Person=张飞 (ID:32), Order=开垦 (ID:1), City=徐州 (ID:13)
[Sun Jun 22 02:26:26 2025] PERSON_RETURNED: Person=张飞 (ID:32), City=徐州 (ID:13), Reason=Order Completion
[Sun Jun 22 02:26:26 2025] ORDER_DELETED: Person=张飞 (ID:32), Order=开垦 (ID:1), City=徐州 (ID:13)
[Sun Jun 22 02:26:26 2025] ORDER_EXECUTED: Person=陈圭 (ID:34), Order=开垦 (ID:1), City=徐州 (ID:13)
[Sun Jun 22 02:26:26 2025] PERSON_RETURNED: Person=陈圭 (ID:34), City=徐州 (ID:13), Reason=Order Completion
[Sun Jun 22 02:26:26 2025] ORDER_DELETED: Person=陈圭 (ID:34), Order=开垦 (ID:1), City=徐州 (ID:13)
[Sun Jun 22 02:26:26 2025] ORDER_EXECUTED: Person=孙乾 (ID:36), Order=开垦 (ID:1), City=徐州 (ID:13)
[Sun Jun 22 02:26:26 2025] PERSON_RETURNED: Person=孙乾 (ID:36), City=徐州 (ID:13), Reason=Order Completion
[Sun Jun 22 02:26:26 2025] ORDER_DELETED: Person=孙乾 (ID:36), Order=开垦 (ID:1), City=徐州 (ID:13)
[Sun Jun 22 02:26:26 2025] ORDER_EXECUTED: Person=简雍 (ID:33), Order=开垦 (ID:1), City=小沛 (ID:17)
[Sun Jun 22 02:26:26 2025] PERSON_RETURNED: Person=简雍 (ID:33), City=小沛 (ID:17), Reason=Order Completion
[Sun Jun 22 02:26:26 2025] ORDER_DELETED: Person=简雍 (ID:33), Order=开垦 (ID:1), City=小沛 (ID:17)
[Sun Jun 22 02:26:26 2025] ORDER_EXECUTED: Person=糜竺 (ID:37), Order=开垦 (ID:1), City=小沛 (ID:17)
[Sun Jun 22 02:26:26 2025] PERSON_RETURNED: Person=糜竺 (ID:37), City=小沛 (ID:17), Reason=Order Completion
[Sun Jun 22 02:26:26 2025] ORDER_DELETED: Person=糜竺 (ID:37), Order=开垦 (ID:1), City=小沛 (ID:17)
[Sun Jun 22 02:26:26 2025] ORDER_EXECUTED: Person=糜芳 (ID:38), Order=开垦 (ID:1), City=小沛 (ID:17)
[Sun Jun 22 02:26:26 2025] PERSON_RETURNED: Person=糜芳 (ID:38), City=小沛 (ID:17), Reason=Order Completion
[Sun Jun 22 02:26:26 2025] ORDER_DELETED: Person=糜芳 (ID:38), Order=开垦 (ID:1), City=小沛 (ID:17)
[Sun Jun 22 02:26:26 2025] ORDER_EXECUTED: Person=陈登 (ID:35), Order=开垦 (ID:1), City=下邳 (ID:18)
[Sun Jun 22 02:26:26 2025] PERSON_RETURNED: Person=陈登 (ID:35), City=下邳 (ID:18), Reason=Order Completion
[Sun Jun 22 02:26:26 2025] ORDER_DELETED: Person=陈登 (ID:35), Order=开垦 (ID:1), City=下邳 (ID:18)
[Sun Jun 22 02:26:26 2025] ORDER_EXECUTED: Person=曹豹 (ID:39), Order=开垦 (ID:1), City=下邳 (ID:18)
[Sun Jun 22 02:26:26 2025] PERSON_RETURNED: Person=曹豹 (ID:39), City=下邳 (ID:18), Reason=Order Completion
[Sun Jun 22 02:26:26 2025] ORDER_DELETED: Person=曹豹 (ID:39), Order=开垦 (ID:1), City=下邳 (ID:18)
[Sun Jun 22 02:26:26 2025] GAME_TURN: Year=61443, Month=2
[Sun Jun 22 02:26:27 2025] COMPUTER_TACTIC: City=西凉 (ID:0), Tactic=Armament
[Sun Jun 22 02:26:27 2025] COMPUTER_TACTIC: City=北平 (ID:1), Tactic=Armament
[Sun Jun 22 02:26:27 2025] COMPUTER_TACTIC: City=襄平 (ID:2), Tactic=Armament
[Sun Jun 22 02:26:27 2025] COMPUTER_TACTIC: City=安定 (ID:3), Tactic=Interior
[Sun Jun 22 02:26:27 2025] COMPUTER_TACTIC: City=晋阳 (ID:4), Tactic=Armament
[Sun Jun 22 02:26:27 2025] COMPUTER_TACTIC: City=平原 (ID:5), Tactic=Armament
[Sun Jun 22 02:26:27 2025] COMPUTER_TACTIC: City=南皮 (ID:6), Tactic=Armament
[Sun Jun 22 02:26:27 2025] COMPUTER_TACTIC: City=北海 (ID:7), Tactic=Interior
[Sun Jun 22 02:26:27 2025] COMPUTER_TACTIC: City=天水 (ID:8), Tactic=Armament
[Sun Jun 22 02:26:27 2025] COMPUTER_TACTIC: City=河内 (ID:9), Tactic=Armament
[Sun Jun 22 02:26:27 2025] COMPUTER_TACTIC: City=长安 (ID:10), Tactic=Armament
[Sun Jun 22 02:26:27 2025] COMPUTER_TACTIC: City= (ID:11), Tactic=Armament
[Sun Jun 22 02:26:27 2025] COMPUTER_TACTIC: City=濮阳 (ID:12), Tactic=Interior
[Sun Jun 22 02:26:27 2025] ORDER_CREATED: Person=刘备 (ID:2), Order=开垦 (ID:1), City=徐州 (ID:13)
[Sun Jun 22 02:26:27 2025] PERSON_REMOVED: Person=刘备 (ID:2), City=徐州 (ID:13), Reason=Order Assignment
[Sun Jun 22 02:26:27 2025] ORDER_CREATED: Person=关羽 (ID:31), Order=开垦 (ID:1), City=徐州 (ID:13)
[Sun Jun 22 02:26:27 2025] PERSON_REMOVED: Person=关羽 (ID:31), City=徐州 (ID:13), Reason=Order Assignment
[Sun Jun 22 02:26:27 2025] ORDER_CREATED: Person=张飞 (ID:32), Order=开垦 (ID:1), City=徐州 (ID:13)
[Sun Jun 22 02:26:27 2025] PERSON_REMOVED: Person=张飞 (ID:32), City=徐州 (ID:13), Reason=Order Assignment
[Sun Jun 22 02:26:27 2025] ORDER_CREATED: Person=陈圭 (ID:34), Order=开垦 (ID:1), City=徐州 (ID:13)
[Sun Jun 22 02:26:27 2025] PERSON_REMOVED: Person=陈圭 (ID:34), City=徐州 (ID:13), Reason=Order Assignment
[Sun Jun 22 02:26:27 2025] ORDER_CREATED: Person=孙乾 (ID:36), Order=开垦 (ID:1), City=徐州 (ID:13)
[Sun Jun 22 02:26:27 2025] PERSON_REMOVED: Person=孙乾 (ID:36), City=徐州 (ID:13), Reason=Order Assignment
[Sun Jun 22 02:26:27 2025] COMPUTER_TACTIC: City=汉中 (ID:14), Tactic=Diplomatism
[Sun Jun 22 02:26:27 2025] COMPUTER_TACTIC: City=许昌 (ID:16), Tactic=Armament
[Sun Jun 22 02:26:27 2025] ORDER_CREATED: Person=简雍 (ID:33), Order=开垦 (ID:1), City=小沛 (ID:17)
[Sun Jun 22 02:26:27 2025] PERSON_REMOVED: Person=简雍 (ID:33), City=小沛 (ID:17), Reason=Order Assignment
[Sun Jun 22 02:26:27 2025] ORDER_CREATED: Person=糜竺 (ID:37), Order=招商 (ID:2), City=小沛 (ID:17)
[Sun Jun 22 02:26:27 2025] PERSON_REMOVED: Person=糜竺 (ID:37), City=小沛 (ID:17), Reason=Order Assignment
[Sun Jun 22 02:26:27 2025] ORDER_CREATED: Person=糜芳 (ID:38), Order=招商 (ID:2), City=小沛 (ID:17)
[Sun Jun 22 02:26:27 2025] PERSON_REMOVED: Person=糜芳 (ID:38), City=小沛 (ID:17), Reason=Order Assignment
[Sun Jun 22 02:26:27 2025] ORDER_CREATED: Person=陈登 (ID:35), Order=开垦 (ID:1), City=下邳 (ID:18)
[Sun Jun 22 02:26:27 2025] PERSON_REMOVED: Person=陈登 (ID:35), City=下邳 (ID:18), Reason=Order Assignment
[Sun Jun 22 02:26:27 2025] ORDER_CREATED: Person=曹豹 (ID:39), Order=开垦 (ID:1), City=下邳 (ID:18)
[Sun Jun 22 02:26:27 2025] PERSON_REMOVED: Person=曹豹 (ID:39), City=下邳 (ID:18), Reason=Order Assignment
[Sun Jun 22 02:26:27 2025] COMPUTER_TACTIC: City=梓潼 (ID:19), Tactic=Diplomatism
[Sun Jun 22 02:26:27 2025] COMPUTER_TACTIC: City=宛城 (ID:20), Tactic=Armament
[Sun Jun 22 02:26:27 2025] COMPUTER_TACTIC: City=寿春 (ID:21), Tactic=Interior
[Sun Jun 22 02:26:27 2025] COMPUTER_TACTIC: City=建业 (ID:22), Tactic=Armament
[Sun Jun 22 02:26:27 2025] COMPUTER_TACTIC: City= (ID:23), Tactic=Armament
[Sun Jun 22 02:26:27 2025] COMPUTER_TACTIC: City=成都 (ID:24), Tactic=Diplomatism
[Sun Jun 22 02:26:27 2025] COMPUTER_TACTIC: City=棉竹 (ID:25), Tactic=Diplomatism
[Sun Jun 22 02:26:27 2025] COMPUTER_TACTIC: City=襄阳 (ID:26), Tactic=Armament
[Sun Jun 22 02:26:27 2025] COMPUTER_TACTIC: City=江夏 (ID:27), Tactic=Armament
[Sun Jun 22 02:26:27 2025] COMPUTER_TACTIC: City=巴郡 (ID:31), Tactic=Diplomatism
[Sun Jun 22 02:26:27 2025] COMPUTER_TACTIC: City=长沙 (ID:33), Tactic=Armament
[Sun Jun 22 02:26:27 2025] COMPUTER_TACTIC: City=建宁 (ID:37), Tactic=Armament
[Sun Jun 22 02:26:27 2025] ORDER_EXECUTED: Person=刘备 (ID:2), Order=开垦 (ID:1), City=徐州 (ID:13)
[Sun Jun 22 02:26:27 2025] PERSON_RETURNED: Person=刘备 (ID:2), City=徐州 (ID:13), Reason=Order Completion
[Sun Jun 22 02:26:27 2025] ORDER_DELETED: Person=刘备 (ID:2), Order=开垦 (ID:1), City=徐州 (ID:13)
[Sun Jun 22 02:26:27 2025] ORDER_EXECUTED: Person=关羽 (ID:31), Order=开垦 (ID:1), City=徐州 (ID:13)
[Sun Jun 22 02:26:27 2025] PERSON_RETURNED: Person=关羽 (ID:31), City=徐州 (ID:13), Reason=Order Completion
[Sun Jun 22 02:26:27 2025] ORDER_DELETED: Person=关羽 (ID:31), Order=开垦 (ID:1), City=徐州 (ID:13)
[Sun Jun 22 02:26:27 2025] ORDER_EXECUTED: Person=张飞 (ID:32), Order=开垦 (ID:1), City=徐州 (ID:13)
[Sun Jun 22 02:26:27 2025] PERSON_RETURNED: Person=张飞 (ID:32), City=徐州 (ID:13), Reason=Order Completion
[Sun Jun 22 02:26:27 2025] ORDER_DELETED: Person=张飞 (ID:32), Order=开垦 (ID:1), City=徐州 (ID:13)
[Sun Jun 22 02:26:27 2025] ORDER_EXECUTED: Person=陈圭 (ID:34), Order=开垦 (ID:1), City=徐州 (ID:13)
[Sun Jun 22 02:26:27 2025] PERSON_RETURNED: Person=陈圭 (ID:34), City=徐州 (ID:13), Reason=Order Completion
[Sun Jun 22 02:26:27 2025] ORDER_DELETED: Person=陈圭 (ID:34), Order=开垦 (ID:1), City=徐州 (ID:13)
[Sun Jun 22 02:26:27 2025] ORDER_EXECUTED: Person=孙乾 (ID:36), Order=开垦 (ID:1), City=徐州 (ID:13)
[Sun Jun 22 02:26:27 2025] PERSON_RETURNED: Person=孙乾 (ID:36), City=徐州 (ID:13), Reason=Order Completion
[Sun Jun 22 02:26:27 2025] ORDER_DELETED: Person=孙乾 (ID:36), Order=开垦 (ID:1), City=徐州 (ID:13)
[Sun Jun 22 02:26:27 2025] ORDER_EXECUTED: Person=简雍 (ID:33), Order=开垦 (ID:1), City=小沛 (ID:17)
[Sun Jun 22 02:26:27 2025] PERSON_RETURNED: Person=简雍 (ID:33), City=小沛 (ID:17), Reason=Order Completion
[Sun Jun 22 02:26:27 2025] ORDER_DELETED: Person=简雍 (ID:33), Order=开垦 (ID:1), City=小沛 (ID:17)
[Sun Jun 22 02:26:27 2025] ORDER_EXECUTED: Person=糜竺 (ID:37), Order=招商 (ID:2), City=小沛 (ID:17)
[Sun Jun 22 02:26:27 2025] PERSON_RETURNED: Person=糜竺 (ID:37), City=小沛 (ID:17), Reason=Order Completion
[Sun Jun 22 02:26:27 2025] ORDER_DELETED: Person=糜竺 (ID:37), Order=招商 (ID:2), City=小沛 (ID:17)
[Sun Jun 22 02:26:27 2025] ORDER_EXECUTED: Person=糜芳 (ID:38), Order=招商 (ID:2), City=小沛 (ID:17)
[Sun Jun 22 02:26:27 2025] PERSON_RETURNED: Person=糜芳 (ID:38), City=小沛 (ID:17), Reason=Order Completion
[Sun Jun 22 02:26:27 2025] ORDER_DELETED: Person=糜芳 (ID:38), Order=招商 (ID:2), City=小沛 (ID:17)
[Sun Jun 22 02:26:27 2025] ORDER_EXECUTED: Person=陈登 (ID:35), Order=开垦 (ID:1), City=下邳 (ID:18)
[Sun Jun 22 02:26:27 2025] PERSON_RETURNED: Person=陈登 (ID:35), City=下邳 (ID:18), Reason=Order Completion
[Sun Jun 22 02:26:27 2025] ORDER_DELETED: Person=陈登 (ID:35), Order=开垦 (ID:1), City=下邳 (ID:18)
[Sun Jun 22 02:26:27 2025] ORDER_EXECUTED: Person=曹豹 (ID:39), Order=开垦 (ID:1), City=下邳 (ID:18)
[Sun Jun 22 02:26:27 2025] PERSON_RETURNED: Person=曹豹 (ID:39), City=下邳 (ID:18), Reason=Order Completion
[Sun Jun 22 02:26:27 2025] ORDER_DELETED: Person=曹豹 (ID:39), Order=开垦 (ID:1), City=下邳 (ID:18)
[Sun Jun 22 02:26:27 2025] GAME_TURN: Year=61443, Month=3
[Sun Jun 22 02:26:28 2025] COMPUTER_TACTIC: City=西凉 (ID:0), Tactic=Armament
[Sun Jun 22 02:26:28 2025] COMPUTER_TACTIC: City=北平 (ID:1), Tactic=Armament
[Sun Jun 22 02:26:28 2025] COMPUTER_TACTIC: City=襄平 (ID:2), Tactic=Interior
[Sun Jun 22 02:26:28 2025] COMPUTER_TACTIC: City=安定 (ID:3), Tactic=Armament
[Sun Jun 22 02:26:28 2025] COMPUTER_TACTIC: City=晋阳 (ID:4), Tactic=Armament
[Sun Jun 22 02:26:28 2025] COMPUTER_TACTIC: City=南皮 (ID:6), Tactic=Diplomatism
[Sun Jun 22 02:26:28 2025] COMPUTER_TACTIC: City=北海 (ID:7), Tactic=Armament
[Sun Jun 22 02:26:28 2025] COMPUTER_TACTIC: City=天水 (ID:8), Tactic=Armament
[Sun Jun 22 02:26:28 2025] COMPUTER_TACTIC: City=河内 (ID:9), Tactic=Interior
[Sun Jun 22 02:26:28 2025] COMPUTER_TACTIC: City=长安 (ID:10), Tactic=Armament
[Sun Jun 22 02:26:28 2025] COMPUTER_TACTIC: City= (ID:11), Tactic=Interior
[Sun Jun 22 02:26:28 2025] COMPUTER_TACTIC: City=濮阳 (ID:12), Tactic=Armament
[Sun Jun 22 02:26:28 2025] ORDER_CREATED: Person=刘备 (ID:2), Order=出巡 (ID:5), City=徐州 (ID:13)
[Sun Jun 22 02:26:28 2025] PERSON_REMOVED: Person=刘备 (ID:2), City=徐州 (ID:13), Reason=Order Assignment
[Sun Jun 22 02:26:28 2025] ORDER_CREATED: Person=关羽 (ID:31), Order=开垦 (ID:1), City=徐州 (ID:13)
[Sun Jun 22 02:26:28 2025] PERSON_REMOVED: Person=关羽 (ID:31), City=徐州 (ID:13), Reason=Order Assignment
[Sun Jun 22 02:26:28 2025] ORDER_CREATED: Person=张飞 (ID:32), Order=出巡 (ID:5), City=徐州 (ID:13)
[Sun Jun 22 02:26:28 2025] PERSON_REMOVED: Person=张飞 (ID:32), City=徐州 (ID:13), Reason=Order Assignment
[Sun Jun 22 02:26:28 2025] ORDER_CREATED: Person=陈圭 (ID:34), Order=开垦 (ID:1), City=徐州 (ID:13)
[Sun Jun 22 02:26:28 2025] PERSON_REMOVED: Person=陈圭 (ID:34), City=徐州 (ID:13), Reason=Order Assignment
[Sun Jun 22 02:26:28 2025] ORDER_CREATED: Person=孙乾 (ID:36), Order=招商 (ID:2), City=徐州 (ID:13)
[Sun Jun 22 02:26:28 2025] PERSON_REMOVED: Person=孙乾 (ID:36), City=徐州 (ID:13), Reason=Order Assignment
[Sun Jun 22 02:26:28 2025] COMPUTER_TACTIC: City=徐州 (ID:13), Tactic=Interior
[Sun Jun 22 02:26:28 2025] COMPUTER_TACTIC: City=汉中 (ID:14), Tactic=Interior
[Sun Jun 22 02:26:28 2025] COMPUTER_TACTIC: City=许昌 (ID:16), Tactic=Armament
[Sun Jun 22 02:26:28 2025] ORDER_CREATED: Person=简雍 (ID:33), Order=招商 (ID:2), City=小沛 (ID:17)
[Sun Jun 22 02:26:28 2025] PERSON_REMOVED: Person=简雍 (ID:33), City=小沛 (ID:17), Reason=Order Assignment
[Sun Jun 22 02:26:28 2025] ORDER_CREATED: Person=糜竺 (ID:37), Order=招商 (ID:2), City=小沛 (ID:17)
[Sun Jun 22 02:26:28 2025] PERSON_REMOVED: Person=糜竺 (ID:37), City=小沛 (ID:17), Reason=Order Assignment
[Sun Jun 22 02:26:28 2025] ORDER_CREATED: Person=糜芳 (ID:38), Order=出巡 (ID:5), City=小沛 (ID:17)
[Sun Jun 22 02:26:28 2025] PERSON_REMOVED: Person=糜芳 (ID:38), City=小沛 (ID:17), Reason=Order Assignment
[Sun Jun 22 02:26:28 2025] ORDER_CREATED: Person=陈登 (ID:35), Order=开垦 (ID:1), City=下邳 (ID:18)
[Sun Jun 22 02:26:28 2025] PERSON_REMOVED: Person=陈登 (ID:35), City=下邳 (ID:18), Reason=Order Assignment
[Sun Jun 22 02:26:28 2025] ORDER_CREATED: Person=曹豹 (ID:39), Order=开垦 (ID:1), City=下邳 (ID:18)
[Sun Jun 22 02:26:28 2025] PERSON_REMOVED: Person=曹豹 (ID:39), City=下邳 (ID:18), Reason=Order Assignment
[Sun Jun 22 02:26:28 2025] COMPUTER_TACTIC: City=梓潼 (ID:19), Tactic=Diplomatism
[Sun Jun 22 02:26:28 2025] COMPUTER_TACTIC: City=宛城 (ID:20), Tactic=Armament
[Sun Jun 22 02:26:28 2025] COMPUTER_TACTIC: City=寿春 (ID:21), Tactic=Interior
[Sun Jun 22 02:26:28 2025] COMPUTER_TACTIC: City=建业 (ID:22), Tactic=Diplomatism
[Sun Jun 22 02:26:28 2025] COMPUTER_TACTIC: City= (ID:23), Tactic=Armament
[Sun Jun 22 02:26:28 2025] COMPUTER_TACTIC: City=成都 (ID:24), Tactic=Interior
[Sun Jun 22 02:26:28 2025] COMPUTER_TACTIC: City=棉竹 (ID:25), Tactic=Interior
[Sun Jun 22 02:26:28 2025] COMPUTER_TACTIC: City=襄阳 (ID:26), Tactic=Interior
[Sun Jun 22 02:26:28 2025] COMPUTER_TACTIC: City=江夏 (ID:27), Tactic=Armament
[Sun Jun 22 02:26:28 2025] COMPUTER_TACTIC: City=巴郡 (ID:31), Tactic=Armament
[Sun Jun 22 02:26:28 2025] COMPUTER_TACTIC: City=长沙 (ID:33), Tactic=Diplomatism
[Sun Jun 22 02:26:28 2025] COMPUTER_TACTIC: City=建宁 (ID:37), Tactic=Armament
[Sun Jun 22 02:26:28 2025] ORDER_EXECUTED: Person=刘备 (ID:2), Order=出巡 (ID:5), City=徐州 (ID:13)
[Sun Jun 22 02:26:28 2025] PERSON_RETURNED: Person=刘备 (ID:2), City=徐州 (ID:13), Reason=Order Completion
[Sun Jun 22 02:26:28 2025] ORDER_DELETED: Person=刘备 (ID:2), Order=出巡 (ID:5), City=徐州 (ID:13)
[Sun Jun 22 02:26:28 2025] ORDER_EXECUTED: Person=关羽 (ID:31), Order=开垦 (ID:1), City=徐州 (ID:13)
[Sun Jun 22 02:26:28 2025] PERSON_RETURNED: Person=关羽 (ID:31), City=徐州 (ID:13), Reason=Order Completion
[Sun Jun 22 02:26:28 2025] ORDER_DELETED: Person=关羽 (ID:31), Order=开垦 (ID:1), City=徐州 (ID:13)
[Sun Jun 22 02:26:28 2025] ORDER_EXECUTED: Person=张飞 (ID:32), Order=出巡 (ID:5), City=徐州 (ID:13)
[Sun Jun 22 02:26:28 2025] PERSON_RETURNED: Person=张飞 (ID:32), City=徐州 (ID:13), Reason=Order Completion
[Sun Jun 22 02:26:28 2025] ORDER_DELETED: Person=张飞 (ID:32), Order=出巡 (ID:5), City=徐州 (ID:13)
[Sun Jun 22 02:26:28 2025] ORDER_EXECUTED: Person=陈圭 (ID:34), Order=开垦 (ID:1), City=徐州 (ID:13)
[Sun Jun 22 02:26:28 2025] PERSON_RETURNED: Person=陈圭 (ID:34), City=徐州 (ID:13), Reason=Order Completion
[Sun Jun 22 02:26:28 2025] ORDER_DELETED: Person=陈圭 (ID:34), Order=开垦 (ID:1), City=徐州 (ID:13)
[Sun Jun 22 02:26:28 2025] ORDER_EXECUTED: Person=孙乾 (ID:36), Order=招商 (ID:2), City=徐州 (ID:13)
[Sun Jun 22 02:26:28 2025] PERSON_RETURNED: Person=孙乾 (ID:36), City=徐州 (ID:13), Reason=Order Completion
[Sun Jun 22 02:26:28 2025] ORDER_DELETED: Person=孙乾 (ID:36), Order=招商 (ID:2), City=徐州 (ID:13)
[Sun Jun 22 02:26:28 2025] ORDER_EXECUTED: Person=简雍 (ID:33), Order=招商 (ID:2), City=小沛 (ID:17)
[Sun Jun 22 02:26:28 2025] PERSON_RETURNED: Person=简雍 (ID:33), City=小沛 (ID:17), Reason=Order Completion
[Sun Jun 22 02:26:28 2025] ORDER_DELETED: Person=简雍 (ID:33), Order=招商 (ID:2), City=小沛 (ID:17)
[Sun Jun 22 02:26:28 2025] ORDER_EXECUTED: Person=糜竺 (ID:37), Order=招商 (ID:2), City=小沛 (ID:17)
[Sun Jun 22 02:26:28 2025] PERSON_RETURNED: Person=糜竺 (ID:37), City=小沛 (ID:17), Reason=Order Completion
[Sun Jun 22 02:26:28 2025] ORDER_DELETED: Person=糜竺 (ID:37), Order=招商 (ID:2), City=小沛 (ID:17)
[Sun Jun 22 02:26:28 2025] ORDER_EXECUTED: Person=糜芳 (ID:38), Order=出巡 (ID:5), City=小沛 (ID:17)
[Sun Jun 22 02:26:28 2025] PERSON_RETURNED: Person=糜芳 (ID:38), City=小沛 (ID:17), Reason=Order Completion
[Sun Jun 22 02:26:28 2025] ORDER_DELETED: Person=糜芳 (ID:38), Order=出巡 (ID:5), City=小沛 (ID:17)
[Sun Jun 22 02:26:28 2025] ORDER_EXECUTED: Person=陈登 (ID:35), Order=开垦 (ID:1), City=下邳 (ID:18)
[Sun Jun 22 02:26:28 2025] PERSON_RETURNED: Person=陈登 (ID:35), City=下邳 (ID:18), Reason=Order Completion
[Sun Jun 22 02:26:28 2025] ORDER_DELETED: Person=陈登 (ID:35), Order=开垦 (ID:1), City=下邳 (ID:18)
[Sun Jun 22 02:26:28 2025] ORDER_EXECUTED: Person=曹豹 (ID:39), Order=开垦 (ID:1), City=下邳 (ID:18)
[Sun Jun 22 02:26:28 2025] PERSON_RETURNED: Person=曹豹 (ID:39), City=下邳 (ID:18), Reason=Order Completion
[Sun Jun 22 02:26:28 2025] ORDER_DELETED: Person=曹豹 (ID:39), Order=开垦 (ID:1), City=下邳 (ID:18)
[Sun Jun 22 02:26:29 2025] GAME_TURN: Year=61443, Month=4
[Sun Jun 22 02:26:30 2025] COMPUTER_TACTIC: City=西凉 (ID:0), Tactic=Armament
[Sun Jun 22 02:26:30 2025] COMPUTER_TACTIC: City=北平 (ID:1), Tactic=Armament
[Sun Jun 22 02:26:30 2025] COMPUTER_TACTIC: City=襄平 (ID:2), Tactic=Interior
[Sun Jun 22 02:26:30 2025] COMPUTER_TACTIC: City=安定 (ID:3), Tactic=Interior
[Sun Jun 22 02:26:30 2025] COMPUTER_TACTIC: City=晋阳 (ID:4), Tactic=Armament
[Sun Jun 22 02:26:30 2025] COMPUTER_TACTIC: City=南皮 (ID:6), Tactic=Armament
[Sun Jun 22 02:26:30 2025] COMPUTER_TACTIC: City=北海 (ID:7), Tactic=Armament
[Sun Jun 22 02:26:30 2025] COMPUTER_TACTIC: City=天水 (ID:8), Tactic=Armament
[Sun Jun 22 02:26:30 2025] COMPUTER_TACTIC: City=河内 (ID:9), Tactic=Diplomatism
[Sun Jun 22 02:26:30 2025] COMPUTER_TACTIC: City=长安 (ID:10), Tactic=Interior
[Sun Jun 22 02:26:30 2025] COMPUTER_TACTIC: City= (ID:11), Tactic=Armament
[Sun Jun 22 02:26:30 2025] COMPUTER_TACTIC: City=濮阳 (ID:12), Tactic=Diplomatism
[Sun Jun 22 02:26:30 2025] ORDER_CREATED: Person=刘备 (ID:2), Order=开垦 (ID:1), City=徐州 (ID:13)
[Sun Jun 22 02:26:30 2025] PERSON_REMOVED: Person=刘备 (ID:2), City=徐州 (ID:13), Reason=Order Assignment
[Sun Jun 22 02:26:30 2025] ORDER_CREATED: Person=关羽 (ID:31), Order=开垦 (ID:1), City=徐州 (ID:13)
[Sun Jun 22 02:26:30 2025] PERSON_REMOVED: Person=关羽 (ID:31), City=徐州 (ID:13), Reason=Order Assignment
[Sun Jun 22 02:26:30 2025] ORDER_CREATED: Person=张飞 (ID:32), Order=开垦 (ID:1), City=徐州 (ID:13)
[Sun Jun 22 02:26:30 2025] PERSON_REMOVED: Person=张飞 (ID:32), City=徐州 (ID:13), Reason=Order Assignment
[Sun Jun 22 02:26:30 2025] ORDER_CREATED: Person=陈圭 (ID:34), Order=开垦 (ID:1), City=徐州 (ID:13)
[Sun Jun 22 02:26:30 2025] PERSON_REMOVED: Person=陈圭 (ID:34), City=徐州 (ID:13), Reason=Order Assignment
[Sun Jun 22 02:26:30 2025] ORDER_CREATED: Person=孙乾 (ID:36), Order=开垦 (ID:1), City=徐州 (ID:13)
[Sun Jun 22 02:26:30 2025] PERSON_REMOVED: Person=孙乾 (ID:36), City=徐州 (ID:13), Reason=Order Assignment
[Sun Jun 22 02:26:30 2025] COMPUTER_TACTIC: City=汉中 (ID:14), Tactic=Diplomatism
[Sun Jun 22 02:26:30 2025] COMPUTER_TACTIC: City=许昌 (ID:16), Tactic=Armament
[Sun Jun 22 02:26:30 2025] ORDER_CREATED: Person=简雍 (ID:33), Order=出巡 (ID:5), City=小沛 (ID:17)
[Sun Jun 22 02:26:30 2025] PERSON_REMOVED: Person=简雍 (ID:33), City=小沛 (ID:17), Reason=Order Assignment
[Sun Jun 22 02:26:30 2025] ORDER_CREATED: Person=糜竺 (ID:37), Order=出巡 (ID:5), City=小沛 (ID:17)
[Sun Jun 22 02:26:30 2025] PERSON_REMOVED: Person=糜竺 (ID:37), City=小沛 (ID:17), Reason=Order Assignment
[Sun Jun 22 02:26:30 2025] ORDER_CREATED: Person=糜芳 (ID:38), Order=出巡 (ID:5), City=小沛 (ID:17)
[Sun Jun 22 02:26:30 2025] PERSON_REMOVED: Person=糜芳 (ID:38), City=小沛 (ID:17), Reason=Order Assignment
[Sun Jun 22 02:26:30 2025] ORDER_CREATED: Person=陈登 (ID:35), Order=开垦 (ID:1), City=下邳 (ID:18)
[Sun Jun 22 02:26:30 2025] PERSON_REMOVED: Person=陈登 (ID:35), City=下邳 (ID:18), Reason=Order Assignment
[Sun Jun 22 02:26:30 2025] ORDER_CREATED: Person=曹豹 (ID:39), Order=开垦 (ID:1), City=下邳 (ID:18)
[Sun Jun 22 02:26:30 2025] PERSON_REMOVED: Person=曹豹 (ID:39), City=下邳 (ID:18), Reason=Order Assignment
[Sun Jun 22 02:26:30 2025] COMPUTER_TACTIC: City=梓潼 (ID:19), Tactic=Interior
[Sun Jun 22 02:26:30 2025] COMPUTER_TACTIC: City=宛城 (ID:20), Tactic=Diplomatism
[Sun Jun 22 02:26:30 2025] COMPUTER_TACTIC: City=寿春 (ID:21), Tactic=Interior
[Sun Jun 22 02:26:30 2025] COMPUTER_TACTIC: City=建业 (ID:22), Tactic=Armament
[Sun Jun 22 02:26:30 2025] COMPUTER_TACTIC: City= (ID:23), Tactic=Armament
[Sun Jun 22 02:26:30 2025] COMPUTER_TACTIC: City=成都 (ID:24), Tactic=Interior
[Sun Jun 22 02:26:30 2025] COMPUTER_TACTIC: City=棉竹 (ID:25), Tactic=Interior
[Sun Jun 22 02:26:30 2025] COMPUTER_TACTIC: City=襄阳 (ID:26), Tactic=Armament
[Sun Jun 22 02:26:30 2025] COMPUTER_TACTIC: City=江夏 (ID:27), Tactic=Armament
[Sun Jun 22 02:26:30 2025] COMPUTER_TACTIC: City=巴郡 (ID:31), Tactic=Armament
[Sun Jun 22 02:26:30 2025] COMPUTER_TACTIC: City=长沙 (ID:33), Tactic=Interior
[Sun Jun 22 02:26:30 2025] COMPUTER_TACTIC: City=建宁 (ID:37), Tactic=Interior
[Sun Jun 22 02:26:30 2025] ORDER_EXECUTED: Person=刘备 (ID:2), Order=开垦 (ID:1), City=徐州 (ID:13)
[Sun Jun 22 02:26:30 2025] PERSON_RETURNED: Person=刘备 (ID:2), City=徐州 (ID:13), Reason=Order Completion
[Sun Jun 22 02:26:30 2025] ORDER_DELETED: Person=刘备 (ID:2), Order=开垦 (ID:1), City=徐州 (ID:13)
[Sun Jun 22 02:26:30 2025] ORDER_EXECUTED: Person=关羽 (ID:31), Order=开垦 (ID:1), City=徐州 (ID:13)
[Sun Jun 22 02:26:30 2025] PERSON_RETURNED: Person=关羽 (ID:31), City=徐州 (ID:13), Reason=Order Completion
[Sun Jun 22 02:26:30 2025] ORDER_DELETED: Person=关羽 (ID:31), Order=开垦 (ID:1), City=徐州 (ID:13)
[Sun Jun 22 02:26:30 2025] ORDER_EXECUTED: Person=张飞 (ID:32), Order=开垦 (ID:1), City=徐州 (ID:13)
[Sun Jun 22 02:26:30 2025] PERSON_RETURNED: Person=张飞 (ID:32), City=徐州 (ID:13), Reason=Order Completion
[Sun Jun 22 02:26:30 2025] ORDER_DELETED: Person=张飞 (ID:32), Order=开垦 (ID:1), City=徐州 (ID:13)
[Sun Jun 22 02:26:30 2025] ORDER_EXECUTED: Person=陈圭 (ID:34), Order=开垦 (ID:1), City=徐州 (ID:13)
[Sun Jun 22 02:26:30 2025] PERSON_RETURNED: Person=陈圭 (ID:34), City=徐州 (ID:13), Reason=Order Completion
[Sun Jun 22 02:26:30 2025] ORDER_DELETED: Person=陈圭 (ID:34), Order=开垦 (ID:1), City=徐州 (ID:13)
[Sun Jun 22 02:26:30 2025] ORDER_EXECUTED: Person=孙乾 (ID:36), Order=开垦 (ID:1), City=徐州 (ID:13)
[Sun Jun 22 02:26:30 2025] PERSON_RETURNED: Person=孙乾 (ID:36), City=徐州 (ID:13), Reason=Order Completion
[Sun Jun 22 02:26:30 2025] ORDER_DELETED: Person=孙乾 (ID:36), Order=开垦 (ID:1), City=徐州 (ID:13)
[Sun Jun 22 02:26:30 2025] ORDER_EXECUTED: Person=简雍 (ID:33), Order=出巡 (ID:5), City=小沛 (ID:17)
[Sun Jun 22 02:26:30 2025] PERSON_RETURNED: Person=简雍 (ID:33), City=小沛 (ID:17), Reason=Order Completion
[Sun Jun 22 02:26:30 2025] ORDER_DELETED: Person=简雍 (ID:33), Order=出巡 (ID:5), City=小沛 (ID:17)
[Sun Jun 22 02:26:30 2025] ORDER_EXECUTED: Person=糜竺 (ID:37), Order=出巡 (ID:5), City=小沛 (ID:17)
[Sun Jun 22 02:26:30 2025] PERSON_RETURNED: Person=糜竺 (ID:37), City=小沛 (ID:17), Reason=Order Completion
[Sun Jun 22 02:26:30 2025] ORDER_DELETED: Person=糜竺 (ID:37), Order=出巡 (ID:5), City=小沛 (ID:17)
[Sun Jun 22 02:26:30 2025] ORDER_EXECUTED: Person=糜芳 (ID:38), Order=出巡 (ID:5), City=小沛 (ID:17)
[Sun Jun 22 02:26:30 2025] PERSON_RETURNED: Person=糜芳 (ID:38), City=小沛 (ID:17), Reason=Order Completion
[Sun Jun 22 02:26:30 2025] ORDER_DELETED: Person=糜芳 (ID:38), Order=出巡 (ID:5), City=小沛 (ID:17)
[Sun Jun 22 02:26:30 2025] ORDER_EXECUTED: Person=陈登 (ID:35), Order=开垦 (ID:1), City=下邳 (ID:18)
[Sun Jun 22 02:26:30 2025] PERSON_RETURNED: Person=陈登 (ID:35), City=下邳 (ID:18), Reason=Order Completion
[Sun Jun 22 02:26:30 2025] ORDER_DELETED: Person=陈登 (ID:35), Order=开垦 (ID:1), City=下邳 (ID:18)
[Sun Jun 22 02:26:30 2025] ORDER_EXECUTED: Person=曹豹 (ID:39), Order=开垦 (ID:1), City=下邳 (ID:18)
[Sun Jun 22 02:26:30 2025] PERSON_RETURNED: Person=曹豹 (ID:39), City=下邳 (ID:18), Reason=Order Completion
[Sun Jun 22 02:26:30 2025] ORDER_DELETED: Person=曹豹 (ID:39), Order=开垦 (ID:1), City=下邳 (ID:18)
[Sun Jun 22 02:26:31 2025] GAME_TURN: Year=61443, Month=5
[Sun Jun 22 02:26:32 2025] COMPUTER_TACTIC: City=西凉 (ID:0), Tactic=Armament
[Sun Jun 22 02:26:32 2025] COMPUTER_TACTIC: City=北平 (ID:1), Tactic=Armament
[Sun Jun 22 02:26:32 2025] COMPUTER_TACTIC: City=襄平 (ID:2), Tactic=Interior
[Sun Jun 22 02:26:32 2025] COMPUTER_TACTIC: City=安定 (ID:3), Tactic=Armament
[Sun Jun 22 02:26:32 2025] COMPUTER_TACTIC: City=晋阳 (ID:4), Tactic=Armament
[Sun Jun 22 02:26:32 2025] COMPUTER_TACTIC: City=南皮 (ID:6), Tactic=Armament
[Sun Jun 22 02:26:32 2025] COMPUTER_TACTIC: City=北海 (ID:7), Tactic=Armament
[Sun Jun 22 02:26:32 2025] COMPUTER_TACTIC: City=河内 (ID:9), Tactic=Armament
[Sun Jun 22 02:26:32 2025] COMPUTER_TACTIC: City=长安 (ID:10), Tactic=Diplomatism
[Sun Jun 22 02:26:32 2025] COMPUTER_TACTIC: City= (ID:11), Tactic=Armament
[Sun Jun 22 02:26:32 2025] COMPUTER_TACTIC: City=濮阳 (ID:12), Tactic=Interior
[Sun Jun 22 02:26:32 2025] ORDER_CREATED: Person=刘备 (ID:2), Order=开垦 (ID:1), City=徐州 (ID:13)
[Sun Jun 22 02:26:32 2025] PERSON_REMOVED: Person=刘备 (ID:2), City=徐州 (ID:13), Reason=Order Assignment
[Sun Jun 22 02:26:32 2025] ORDER_CREATED: Person=关羽 (ID:31), Order=开垦 (ID:1), City=徐州 (ID:13)
[Sun Jun 22 02:26:32 2025] PERSON_REMOVED: Person=关羽 (ID:31), City=徐州 (ID:13), Reason=Order Assignment
[Sun Jun 22 02:26:32 2025] ORDER_CREATED: Person=张飞 (ID:32), Order=开垦 (ID:1), City=徐州 (ID:13)
[Sun Jun 22 02:26:32 2025] PERSON_REMOVED: Person=张飞 (ID:32), City=徐州 (ID:13), Reason=Order Assignment
[Sun Jun 22 02:26:32 2025] ORDER_CREATED: Person=陈圭 (ID:34), Order=开垦 (ID:1), City=徐州 (ID:13)
[Sun Jun 22 02:26:32 2025] PERSON_REMOVED: Person=陈圭 (ID:34), City=徐州 (ID:13), Reason=Order Assignment
[Sun Jun 22 02:26:32 2025] ORDER_CREATED: Person=孙乾 (ID:36), Order=开垦 (ID:1), City=徐州 (ID:13)
[Sun Jun 22 02:26:32 2025] PERSON_REMOVED: Person=孙乾 (ID:36), City=徐州 (ID:13), Reason=Order Assignment
[Sun Jun 22 02:26:32 2025] COMPUTER_TACTIC: City=汉中 (ID:14), Tactic=Diplomatism
[Sun Jun 22 02:26:32 2025] COMPUTER_TACTIC: City=许昌 (ID:16), Tactic=Diplomatism
[Sun Jun 22 02:26:32 2025] ORDER_CREATED: Person=简雍 (ID:33), Order=出巡 (ID:5), City=小沛 (ID:17)
[Sun Jun 22 02:26:32 2025] PERSON_REMOVED: Person=简雍 (ID:33), City=小沛 (ID:17), Reason=Order Assignment
[Sun Jun 22 02:26:32 2025] ORDER_CREATED: Person=糜竺 (ID:37), Order=出巡 (ID:5), City=小沛 (ID:17)
[Sun Jun 22 02:26:32 2025] PERSON_REMOVED: Person=糜竺 (ID:37), City=小沛 (ID:17), Reason=Order Assignment
[Sun Jun 22 02:26:32 2025] ORDER_CREATED: Person=糜芳 (ID:38), Order=出巡 (ID:5), City=小沛 (ID:17)
[Sun Jun 22 02:26:32 2025] PERSON_REMOVED: Person=糜芳 (ID:38), City=小沛 (ID:17), Reason=Order Assignment
[Sun Jun 22 02:26:32 2025] ORDER_CREATED: Person=陈登 (ID:35), Order=招商 (ID:2), City=下邳 (ID:18)
[Sun Jun 22 02:26:32 2025] PERSON_REMOVED: Person=陈登 (ID:35), City=下邳 (ID:18), Reason=Order Assignment
[Sun Jun 22 02:26:32 2025] ORDER_CREATED: Person=曹豹 (ID:39), Order=招商 (ID:2), City=下邳 (ID:18)
[Sun Jun 22 02:26:32 2025] PERSON_REMOVED: Person=曹豹 (ID:39), City=下邳 (ID:18), Reason=Order Assignment
[Sun Jun 22 02:26:32 2025] COMPUTER_TACTIC: City=宛城 (ID:20), Tactic=Armament
[Sun Jun 22 02:26:32 2025] COMPUTER_TACTIC: City=寿春 (ID:21), Tactic=Diplomatism
[Sun Jun 22 02:26:32 2025] COMPUTER_TACTIC: City=建业 (ID:22), Tactic=Armament
[Sun Jun 22 02:26:32 2025] COMPUTER_TACTIC: City= (ID:23), Tactic=Armament
[Sun Jun 22 02:26:32 2025] COMPUTER_TACTIC: City=成都 (ID:24), Tactic=Interior
[Sun Jun 22 02:26:32 2025] COMPUTER_TACTIC: City=棉竹 (ID:25), Tactic=Armament
[Sun Jun 22 02:26:32 2025] COMPUTER_TACTIC: City=襄阳 (ID:26), Tactic=Armament
[Sun Jun 22 02:26:32 2025] COMPUTER_TACTIC: City=江夏 (ID:27), Tactic=Armament
[Sun Jun 22 02:26:32 2025] COMPUTER_TACTIC: City=巴郡 (ID:31), Tactic=Interior
[Sun Jun 22 02:26:32 2025] COMPUTER_TACTIC: City=长沙 (ID:33), Tactic=Interior
[Sun Jun 22 02:26:32 2025] COMPUTER_TACTIC: City=建宁 (ID:37), Tactic=Armament
[Sun Jun 22 02:26:32 2025] ORDER_EXECUTED: Person=刘备 (ID:2), Order=开垦 (ID:1), City=徐州 (ID:13)
[Sun Jun 22 02:26:32 2025] PERSON_RETURNED: Person=刘备 (ID:2), City=徐州 (ID:13), Reason=Order Completion
[Sun Jun 22 02:26:32 2025] ORDER_DELETED: Person=刘备 (ID:2), Order=开垦 (ID:1), City=徐州 (ID:13)
[Sun Jun 22 02:26:32 2025] ORDER_EXECUTED: Person=关羽 (ID:31), Order=开垦 (ID:1), City=徐州 (ID:13)
[Sun Jun 22 02:26:32 2025] PERSON_RETURNED: Person=关羽 (ID:31), City=徐州 (ID:13), Reason=Order Completion
[Sun Jun 22 02:26:32 2025] ORDER_DELETED: Person=关羽 (ID:31), Order=开垦 (ID:1), City=徐州 (ID:13)
[Sun Jun 22 02:26:32 2025] ORDER_EXECUTED: Person=张飞 (ID:32), Order=开垦 (ID:1), City=徐州 (ID:13)
[Sun Jun 22 02:26:32 2025] PERSON_RETURNED: Person=张飞 (ID:32), City=徐州 (ID:13), Reason=Order Completion
[Sun Jun 22 02:26:32 2025] ORDER_DELETED: Person=张飞 (ID:32), Order=开垦 (ID:1), City=徐州 (ID:13)
[Sun Jun 22 02:26:32 2025] ORDER_EXECUTED: Person=陈圭 (ID:34), Order=开垦 (ID:1), City=徐州 (ID:13)
[Sun Jun 22 02:26:32 2025] PERSON_RETURNED: Person=陈圭 (ID:34), City=徐州 (ID:13), Reason=Order Completion
[Sun Jun 22 02:26:32 2025] ORDER_DELETED: Person=陈圭 (ID:34), Order=开垦 (ID:1), City=徐州 (ID:13)
[Sun Jun 22 02:26:32 2025] ORDER_EXECUTED: Person=孙乾 (ID:36), Order=开垦 (ID:1), City=徐州 (ID:13)
[Sun Jun 22 02:26:32 2025] PERSON_RETURNED: Person=孙乾 (ID:36), City=徐州 (ID:13), Reason=Order Completion
[Sun Jun 22 02:26:32 2025] ORDER_DELETED: Person=孙乾 (ID:36), Order=开垦 (ID:1), City=徐州 (ID:13)
[Sun Jun 22 02:26:32 2025] ORDER_EXECUTED: Person=简雍 (ID:33), Order=出巡 (ID:5), City=小沛 (ID:17)
[Sun Jun 22 02:26:32 2025] PERSON_RETURNED: Person=简雍 (ID:33), City=小沛 (ID:17), Reason=Order Completion
[Sun Jun 22 02:26:32 2025] ORDER_DELETED: Person=简雍 (ID:33), Order=出巡 (ID:5), City=小沛 (ID:17)
[Sun Jun 22 02:26:32 2025] ORDER_EXECUTED: Person=糜竺 (ID:37), Order=出巡 (ID:5), City=小沛 (ID:17)
[Sun Jun 22 02:26:32 2025] PERSON_RETURNED: Person=糜竺 (ID:37), City=小沛 (ID:17), Reason=Order Completion
[Sun Jun 22 02:26:32 2025] ORDER_DELETED: Person=糜竺 (ID:37), Order=出巡 (ID:5), City=小沛 (ID:17)
[Sun Jun 22 02:26:32 2025] ORDER_EXECUTED: Person=糜芳 (ID:38), Order=出巡 (ID:5), City=小沛 (ID:17)
[Sun Jun 22 02:26:32 2025] PERSON_RETURNED: Person=糜芳 (ID:38), City=小沛 (ID:17), Reason=Order Completion
[Sun Jun 22 02:26:32 2025] ORDER_DELETED: Person=糜芳 (ID:38), Order=出巡 (ID:5), City=小沛 (ID:17)
[Sun Jun 22 02:26:32 2025] ORDER_EXECUTED: Person=陈登 (ID:35), Order=招商 (ID:2), City=下邳 (ID:18)
[Sun Jun 22 02:26:32 2025] PERSON_RETURNED: Person=陈登 (ID:35), City=下邳 (ID:18), Reason=Order Completion
[Sun Jun 22 02:26:32 2025] ORDER_DELETED: Person=陈登 (ID:35), Order=招商 (ID:2), City=下邳 (ID:18)
[Sun Jun 22 02:26:32 2025] ORDER_EXECUTED: Person=曹豹 (ID:39), Order=招商 (ID:2), City=下邳 (ID:18)
[Sun Jun 22 02:26:32 2025] PERSON_RETURNED: Person=曹豹 (ID:39), City=下邳 (ID:18), Reason=Order Completion
[Sun Jun 22 02:26:32 2025] ORDER_DELETED: Person=曹豹 (ID:39), Order=招商 (ID:2), City=下邳 (ID:18)
[Sun Jun 22 02:26:32 2025] GAME_TURN: Year=61443, Month=6
[Sun Jun 22 02:26:33 2025] COMPUTER_TACTIC: City=西凉 (ID:0), Tactic=Interior
[Sun Jun 22 02:26:33 2025] COMPUTER_TACTIC: City=北平 (ID:1), Tactic=Interior
[Sun Jun 22 02:26:33 2025] COMPUTER_TACTIC: City=襄平 (ID:2), Tactic=Interior
[Sun Jun 22 02:26:33 2025] COMPUTER_TACTIC: City=安定 (ID:3), Tactic=Armament
[Sun Jun 22 02:26:33 2025] COMPUTER_TACTIC: City=晋阳 (ID:4), Tactic=Armament
[Sun Jun 22 02:26:33 2025] COMPUTER_TACTIC: City=平原 (ID:5), Tactic=Armament
[Sun Jun 22 02:26:33 2025] COMPUTER_TACTIC: City=南皮 (ID:6), Tactic=Armament
[Sun Jun 22 02:26:33 2025] COMPUTER_TACTIC: City=北海 (ID:7), Tactic=Armament
[Sun Jun 22 02:26:33 2025] COMPUTER_TACTIC: City=天水 (ID:8), Tactic=Armament
[Sun Jun 22 02:26:33 2025] COMPUTER_TACTIC: City=河内 (ID:9), Tactic=Armament
[Sun Jun 22 02:26:33 2025] COMPUTER_TACTIC: City=长安 (ID:10), Tactic=Interior
[Sun Jun 22 02:26:33 2025] COMPUTER_TACTIC: City= (ID:11), Tactic=Armament
[Sun Jun 22 02:26:33 2025] COMPUTER_TACTIC: City=濮阳 (ID:12), Tactic=Diplomatism
[Sun Jun 22 02:26:33 2025] COMPUTER_TACTIC: City=汉中 (ID:14), Tactic=Interior
[Sun Jun 22 02:26:33 2025] COMPUTER_TACTIC: City=许昌 (ID:16), Tactic=Armament
[Sun Jun 22 02:26:33 2025] ORDER_CREATED: Person=简雍 (ID:33), Order=出巡 (ID:5), City=小沛 (ID:17)
[Sun Jun 22 02:26:33 2025] PERSON_REMOVED: Person=简雍 (ID:33), City=小沛 (ID:17), Reason=Order Assignment
[Sun Jun 22 02:26:33 2025] ORDER_CREATED: Person=糜竺 (ID:37), Order=出巡 (ID:5), City=小沛 (ID:17)
[Sun Jun 22 02:26:33 2025] PERSON_REMOVED: Person=糜竺 (ID:37), City=小沛 (ID:17), Reason=Order Assignment
[Sun Jun 22 02:26:33 2025] ORDER_CREATED: Person=糜芳 (ID:38), Order=出巡 (ID:5), City=小沛 (ID:17)
[Sun Jun 22 02:26:33 2025] PERSON_REMOVED: Person=糜芳 (ID:38), City=小沛 (ID:17), Reason=Order Assignment
[Sun Jun 22 02:26:33 2025] COMPUTER_TACTIC: City=梓潼 (ID:19), Tactic=Interior
[Sun Jun 22 02:26:33 2025] COMPUTER_TACTIC: City=宛城 (ID:20), Tactic=Diplomatism
[Sun Jun 22 02:26:33 2025] COMPUTER_TACTIC: City=寿春 (ID:21), Tactic=Diplomatism
[Sun Jun 22 02:26:33 2025] COMPUTER_TACTIC: City=建业 (ID:22), Tactic=Armament
[Sun Jun 22 02:26:33 2025] COMPUTER_TACTIC: City= (ID:23), Tactic=Armament
[Sun Jun 22 02:26:33 2025] COMPUTER_TACTIC: City=成都 (ID:24), Tactic=Interior
[Sun Jun 22 02:26:33 2025] COMPUTER_TACTIC: City=棉竹 (ID:25), Tactic=Interior
[Sun Jun 22 02:26:33 2025] COMPUTER_TACTIC: City=襄阳 (ID:26), Tactic=Armament
[Sun Jun 22 02:26:33 2025] COMPUTER_TACTIC: City=江夏 (ID:27), Tactic=Armament
[Sun Jun 22 02:26:33 2025] COMPUTER_TACTIC: City=巴郡 (ID:31), Tactic=Interior
[Sun Jun 22 02:26:33 2025] COMPUTER_TACTIC: City=长沙 (ID:33), Tactic=Interior
[Sun Jun 22 02:26:33 2025] COMPUTER_TACTIC: City=建宁 (ID:37), Tactic=Armament
[Sun Jun 22 02:26:33 2025] ORDER_EXECUTED: Person=简雍 (ID:33), Order=出巡 (ID:5), City=小沛 (ID:17)
[Sun Jun 22 02:26:33 2025] PERSON_RETURNED: Person=简雍 (ID:33), City=小沛 (ID:17), Reason=Order Completion
[Sun Jun 22 02:26:33 2025] ORDER_DELETED: Person=简雍 (ID:33), Order=出巡 (ID:5), City=小沛 (ID:17)
[Sun Jun 22 02:26:33 2025] ORDER_EXECUTED: Person=糜竺 (ID:37), Order=出巡 (ID:5), City=小沛 (ID:17)
[Sun Jun 22 02:26:33 2025] PERSON_RETURNED: Person=糜竺 (ID:37), City=小沛 (ID:17), Reason=Order Completion
[Sun Jun 22 02:26:33 2025] ORDER_DELETED: Person=糜竺 (ID:37), Order=出巡 (ID:5), City=小沛 (ID:17)
[Sun Jun 22 02:26:33 2025] ORDER_EXECUTED: Person=糜芳 (ID:38), Order=出巡 (ID:5), City=小沛 (ID:17)
[Sun Jun 22 02:26:33 2025] PERSON_RETURNED: Person=糜芳 (ID:38), City=小沛 (ID:17), Reason=Order Completion
[Sun Jun 22 02:26:33 2025] ORDER_DELETED: Person=糜芳 (ID:38), Order=出巡 (ID:5), City=小沛 (ID:17)
[Sun Jun 22 02:26:33 2025] GAME_TURN: Year=61443, Month=7
[Sun Jun 22 02:26:34 2025] COMPUTER_TACTIC: City=西凉 (ID:0), Tactic=Armament
[Sun Jun 22 02:26:34 2025] COMPUTER_TACTIC: City=北平 (ID:1), Tactic=Armament
[Sun Jun 22 02:26:34 2025] COMPUTER_TACTIC: City=襄平 (ID:2), Tactic=Diplomatism
[Sun Jun 22 02:26:34 2025] COMPUTER_TACTIC: City=安定 (ID:3), Tactic=Armament
[Sun Jun 22 02:26:34 2025] COMPUTER_TACTIC: City=晋阳 (ID:4), Tactic=Armament
[Sun Jun 22 02:26:34 2025] COMPUTER_TACTIC: City=平原 (ID:5), Tactic=Armament
[Sun Jun 22 02:26:34 2025] COMPUTER_TACTIC: City=南皮 (ID:6), Tactic=Armament
[Sun Jun 22 02:26:34 2025] COMPUTER_TACTIC: City=北海 (ID:7), Tactic=Armament
[Sun Jun 22 02:26:34 2025] COMPUTER_TACTIC: City=天水 (ID:8), Tactic=Armament
[Sun Jun 22 02:26:34 2025] COMPUTER_TACTIC: City=河内 (ID:9), Tactic=Armament
[Sun Jun 22 02:26:34 2025] COMPUTER_TACTIC: City=长安 (ID:10), Tactic=Armament
[Sun Jun 22 02:26:34 2025] COMPUTER_TACTIC: City= (ID:11), Tactic=Armament
[Sun Jun 22 02:26:34 2025] COMPUTER_TACTIC: City=濮阳 (ID:12), Tactic=Interior
[Sun Jun 22 02:26:34 2025] ORDER_CREATED: Person=刘备 (ID:2), Order=招揽 (ID:16), City=徐州 (ID:13), Target=Person ID 83 (ID:83)
[Sun Jun 22 02:26:34 2025] PERSON_REMOVED: Person=刘备 (ID:2), City=徐州 (ID:13), Reason=Order Assignment
[Sun Jun 22 02:26:34 2025] ORDER_CREATED: Person=关羽 (ID:31), Order=招揽 (ID:16), City=徐州 (ID:13), Target=Person ID 76 (ID:76)
[Sun Jun 22 02:26:34 2025] PERSON_REMOVED: Person=关羽 (ID:31), City=徐州 (ID:13), Reason=Order Assignment
[Sun Jun 22 02:26:34 2025] ORDER_CREATED: Person=张飞 (ID:32), Order=招揽 (ID:16), City=徐州 (ID:13), Target=Person ID 46 (ID:46)
[Sun Jun 22 02:26:34 2025] PERSON_REMOVED: Person=张飞 (ID:32), City=徐州 (ID:13), Reason=Order Assignment
[Sun Jun 22 02:26:34 2025] ORDER_CREATED: Person=陈圭 (ID:34), Order=招揽 (ID:16), City=徐州 (ID:13), Target=Person ID 107 (ID:107)
[Sun Jun 22 02:26:34 2025] PERSON_REMOVED: Person=陈圭 (ID:34), City=徐州 (ID:13), Reason=Order Assignment
[Sun Jun 22 02:26:34 2025] ORDER_CREATED: Person=孙乾 (ID:36), Order=招揽 (ID:16), City=徐州 (ID:13), Target=Person ID 57 (ID:57)
[Sun Jun 22 02:26:34 2025] PERSON_REMOVED: Person=孙乾 (ID:36), City=徐州 (ID:13), Reason=Order Assignment
[Sun Jun 22 02:26:34 2025] COMPUTER_TACTIC: City=徐州 (ID:13), Tactic=AI_Diplomatism
[Sun Jun 22 02:26:34 2025] COMPUTER_TACTIC: City=汉中 (ID:14), Tactic=Diplomatism
[Sun Jun 22 02:26:34 2025] COMPUTER_TACTIC: City=许昌 (ID:16), Tactic=Armament
[Sun Jun 22 02:26:34 2025] ORDER_CREATED: Person=简雍 (ID:33), Order=出巡 (ID:5), City=小沛 (ID:17)
[Sun Jun 22 02:26:34 2025] PERSON_REMOVED: Person=简雍 (ID:33), City=小沛 (ID:17), Reason=Order Assignment
[Sun Jun 22 02:26:34 2025] ORDER_CREATED: Person=糜竺 (ID:37), Order=出巡 (ID:5), City=小沛 (ID:17)
[Sun Jun 22 02:26:34 2025] PERSON_REMOVED: Person=糜竺 (ID:37), City=小沛 (ID:17), Reason=Order Assignment
[Sun Jun 22 02:26:34 2025] ORDER_CREATED: Person=糜芳 (ID:38), Order=出巡 (ID:5), City=小沛 (ID:17)
[Sun Jun 22 02:26:34 2025] PERSON_REMOVED: Person=糜芳 (ID:38), City=小沛 (ID:17), Reason=Order Assignment
[Sun Jun 22 02:26:34 2025] COMPUTER_TACTIC: City=梓潼 (ID:19), Tactic=Armament
[Sun Jun 22 02:26:34 2025] COMPUTER_TACTIC: City=宛城 (ID:20), Tactic=Armament
[Sun Jun 22 02:26:34 2025] COMPUTER_TACTIC: City=寿春 (ID:21), Tactic=Interior
[Sun Jun 22 02:26:34 2025] COMPUTER_TACTIC: City=建业 (ID:22), Tactic=Armament
[Sun Jun 22 02:26:34 2025] COMPUTER_TACTIC: City= (ID:23), Tactic=Armament
[Sun Jun 22 02:26:34 2025] COMPUTER_TACTIC: City=成都 (ID:24), Tactic=Armament
[Sun Jun 22 02:26:34 2025] COMPUTER_TACTIC: City=棉竹 (ID:25), Tactic=Interior
[Sun Jun 22 02:26:34 2025] COMPUTER_TACTIC: City=襄阳 (ID:26), Tactic=Armament
[Sun Jun 22 02:26:34 2025] COMPUTER_TACTIC: City=江夏 (ID:27), Tactic=Diplomatism
[Sun Jun 22 02:26:34 2025] COMPUTER_TACTIC: City=巴郡 (ID:31), Tactic=Interior
[Sun Jun 22 02:26:34 2025] COMPUTER_TACTIC: City=长沙 (ID:33), Tactic=Interior
[Sun Jun 22 02:26:34 2025] COMPUTER_TACTIC: City=建宁 (ID:37), Tactic=Armament
[Sun Jun 22 02:26:34 2025] ORDER_EXECUTED: Person=刘备 (ID:2), Order=招揽 (ID:16), City=徐州 (ID:13), Target=Person ID 83 (ID:83)
[Sun Jun 22 02:26:34 2025] PERSON_RETURNED: Person=刘备 (ID:2), City=徐州 (ID:13), Reason=Order Completion
[Sun Jun 22 02:26:34 2025] ORDER_DELETED: Person=刘备 (ID:2), Order=招揽 (ID:16), City=徐州 (ID:13), Target=Person ID 83 (ID:83)
[Sun Jun 22 02:26:34 2025] ORDER_EXECUTED: Person=关羽 (ID:31), Order=招揽 (ID:16), City=徐州 (ID:13), Target=Person ID 76 (ID:76)
[Sun Jun 22 02:26:34 2025] PERSON_RETURNED: Person=关羽 (ID:31), City=徐州 (ID:13), Reason=Order Completion
[Sun Jun 22 02:26:34 2025] ORDER_DELETED: Person=关羽 (ID:31), Order=招揽 (ID:16), City=徐州 (ID:13), Target=Person ID 76 (ID:76)
[Sun Jun 22 02:26:34 2025] ORDER_EXECUTED: Person=张飞 (ID:32), Order=招揽 (ID:16), City=徐州 (ID:13), Target=Person ID 46 (ID:46)
[Sun Jun 22 02:26:34 2025] PERSON_RETURNED: Person=张飞 (ID:32), City=徐州 (ID:13), Reason=Order Completion
[Sun Jun 22 02:26:34 2025] ORDER_DELETED: Person=张飞 (ID:32), Order=招揽 (ID:16), City=徐州 (ID:13), Target=Person ID 46 (ID:46)
[Sun Jun 22 02:26:34 2025] ORDER_EXECUTED: Person=陈圭 (ID:34), Order=招揽 (ID:16), City=徐州 (ID:13), Target=Person ID 107 (ID:107)
[Sun Jun 22 02:26:34 2025] PERSON_RETURNED: Person=陈圭 (ID:34), City=徐州 (ID:13), Reason=Order Completion
[Sun Jun 22 02:26:34 2025] ORDER_DELETED: Person=陈圭 (ID:34), Order=招揽 (ID:16), City=徐州 (ID:13), Target=Person ID 107 (ID:107)
[Sun Jun 22 02:26:34 2025] ORDER_EXECUTED: Person=孙乾 (ID:36), Order=招揽 (ID:16), City=徐州 (ID:13), Target=Person ID 57 (ID:57)
[Sun Jun 22 02:26:34 2025] PERSON_RETURNED: Person=孙乾 (ID:36), City=徐州 (ID:13), Reason=Order Completion
[Sun Jun 22 02:26:34 2025] ORDER_DELETED: Person=孙乾 (ID:36), Order=招揽 (ID:16), City=徐州 (ID:13), Target=Person ID 57 (ID:57)
[Sun Jun 22 02:26:34 2025] ORDER_EXECUTED: Person=简雍 (ID:33), Order=出巡 (ID:5), City=小沛 (ID:17)
[Sun Jun 22 02:26:34 2025] PERSON_RETURNED: Person=简雍 (ID:33), City=小沛 (ID:17), Reason=Order Completion
[Sun Jun 22 02:26:34 2025] ORDER_DELETED: Person=简雍 (ID:33), Order=出巡 (ID:5), City=小沛 (ID:17)
[Sun Jun 22 02:26:34 2025] ORDER_EXECUTED: Person=糜竺 (ID:37), Order=出巡 (ID:5), City=小沛 (ID:17)
[Sun Jun 22 02:26:34 2025] PERSON_RETURNED: Person=糜竺 (ID:37), City=小沛 (ID:17), Reason=Order Completion
[Sun Jun 22 02:26:34 2025] ORDER_DELETED: Person=糜竺 (ID:37), Order=出巡 (ID:5), City=小沛 (ID:17)
[Sun Jun 22 02:26:34 2025] ORDER_EXECUTED: Person=糜芳 (ID:38), Order=出巡 (ID:5), City=小沛 (ID:17)
[Sun Jun 22 02:26:34 2025] PERSON_RETURNED: Person=糜芳 (ID:38), City=小沛 (ID:17), Reason=Order Completion
[Sun Jun 22 02:26:34 2025] ORDER_DELETED: Person=糜芳 (ID:38), Order=出巡 (ID:5), City=小沛 (ID:17)
[Sun Jun 22 02:26:35 2025] GAME_TURN: Year=61443, Month=8
[Sun Jun 22 02:26:36 2025] COMPUTER_TACTIC: City=西凉 (ID:0), Tactic=Armament
[Sun Jun 22 02:26:36 2025] COMPUTER_TACTIC: City=北平 (ID:1), Tactic=Armament
[Sun Jun 22 02:26:36 2025] COMPUTER_TACTIC: City=襄平 (ID:2), Tactic=Diplomatism
[Sun Jun 22 02:26:36 2025] COMPUTER_TACTIC: City=安定 (ID:3), Tactic=Armament
[Sun Jun 22 02:26:36 2025] COMPUTER_TACTIC: City=晋阳 (ID:4), Tactic=Armament
[Sun Jun 22 02:26:36 2025] COMPUTER_TACTIC: City=平原 (ID:5), Tactic=Armament
[Sun Jun 22 02:26:36 2025] COMPUTER_TACTIC: City=南皮 (ID:6), Tactic=Armament
[Sun Jun 22 02:26:36 2025] COMPUTER_TACTIC: City=北海 (ID:7), Tactic=Armament
[Sun Jun 22 02:26:36 2025] COMPUTER_TACTIC: City=天水 (ID:8), Tactic=Interior
[Sun Jun 22 02:26:36 2025] COMPUTER_TACTIC: City=河内 (ID:9), Tactic=Diplomatism
[Sun Jun 22 02:26:36 2025] COMPUTER_TACTIC: City=长安 (ID:10), Tactic=Diplomatism
[Sun Jun 22 02:26:36 2025] COMPUTER_TACTIC: City= (ID:11), Tactic=Armament
[Sun Jun 22 02:26:36 2025] COMPUTER_TACTIC: City=濮阳 (ID:12), Tactic=Interior
[Sun Jun 22 02:26:36 2025] COMPUTER_TACTIC: City=汉中 (ID:14), Tactic=Diplomatism
[Sun Jun 22 02:26:36 2025] COMPUTER_TACTIC: City=许昌 (ID:16), Tactic=Armament
[Sun Jun 22 02:26:36 2025] ORDER_CREATED: Person=简雍 (ID:33), Order=出巡 (ID:5), City=小沛 (ID:17)
[Sun Jun 22 02:26:36 2025] PERSON_REMOVED: Person=简雍 (ID:33), City=小沛 (ID:17), Reason=Order Assignment
[Sun Jun 22 02:26:36 2025] ORDER_CREATED: Person=糜竺 (ID:37), Order=出巡 (ID:5), City=小沛 (ID:17)
[Sun Jun 22 02:26:36 2025] PERSON_REMOVED: Person=糜竺 (ID:37), City=小沛 (ID:17), Reason=Order Assignment
[Sun Jun 22 02:26:36 2025] ORDER_CREATED: Person=糜芳 (ID:38), Order=出巡 (ID:5), City=小沛 (ID:17)
[Sun Jun 22 02:26:36 2025] PERSON_REMOVED: Person=糜芳 (ID:38), City=小沛 (ID:17), Reason=Order Assignment
[Sun Jun 22 02:26:36 2025] COMPUTER_TACTIC: City=梓潼 (ID:19), Tactic=Interior
[Sun Jun 22 02:26:36 2025] COMPUTER_TACTIC: City=宛城 (ID:20), Tactic=Armament
[Sun Jun 22 02:26:36 2025] COMPUTER_TACTIC: City=寿春 (ID:21), Tactic=Armament
[Sun Jun 22 02:26:36 2025] COMPUTER_TACTIC: City=建业 (ID:22), Tactic=Armament
[Sun Jun 22 02:26:36 2025] COMPUTER_TACTIC: City= (ID:23), Tactic=Armament
[Sun Jun 22 02:26:36 2025] COMPUTER_TACTIC: City=成都 (ID:24), Tactic=Diplomatism
[Sun Jun 22 02:26:36 2025] COMPUTER_TACTIC: City=棉竹 (ID:25), Tactic=Interior
[Sun Jun 22 02:26:36 2025] COMPUTER_TACTIC: City=襄阳 (ID:26), Tactic=Armament
[Sun Jun 22 02:26:36 2025] COMPUTER_TACTIC: City=江夏 (ID:27), Tactic=Armament
[Sun Jun 22 02:26:36 2025] COMPUTER_TACTIC: City=巴郡 (ID:31), Tactic=Interior
[Sun Jun 22 02:26:36 2025] COMPUTER_TACTIC: City=长沙 (ID:33), Tactic=Armament
[Sun Jun 22 02:26:36 2025] COMPUTER_TACTIC: City=建宁 (ID:37), Tactic=Diplomatism
[Sun Jun 22 02:26:36 2025] ORDER_EXECUTED: Person=简雍 (ID:33), Order=出巡 (ID:5), City=小沛 (ID:17)
[Sun Jun 22 02:26:36 2025] PERSON_RETURNED: Person=简雍 (ID:33), City=小沛 (ID:17), Reason=Order Completion
[Sun Jun 22 02:26:36 2025] ORDER_DELETED: Person=简雍 (ID:33), Order=出巡 (ID:5), City=小沛 (ID:17)
[Sun Jun 22 02:26:36 2025] ORDER_EXECUTED: Person=糜竺 (ID:37), Order=出巡 (ID:5), City=小沛 (ID:17)
[Sun Jun 22 02:26:36 2025] PERSON_RETURNED: Person=糜竺 (ID:37), City=小沛 (ID:17), Reason=Order Completion
[Sun Jun 22 02:26:36 2025] ORDER_DELETED: Person=糜竺 (ID:37), Order=出巡 (ID:5), City=小沛 (ID:17)
[Sun Jun 22 02:26:36 2025] ORDER_EXECUTED: Person=糜芳 (ID:38), Order=出巡 (ID:5), City=小沛 (ID:17)
[Sun Jun 22 02:26:36 2025] PERSON_RETURNED: Person=糜芳 (ID:38), City=小沛 (ID:17), Reason=Order Completion
[Sun Jun 22 02:26:36 2025] ORDER_DELETED: Person=糜芳 (ID:38), Order=出巡 (ID:5), City=小沛 (ID:17)
[Sun Jun 22 02:26:37 2025] GAME_TURN: Year=61443, Month=9
[Sun Jun 22 02:26:38 2025] COMPUTER_TACTIC: City=西凉 (ID:0), Tactic=Armament
[Sun Jun 22 02:26:38 2025] COMPUTER_TACTIC: City=北平 (ID:1), Tactic=Armament
[Sun Jun 22 02:26:38 2025] COMPUTER_TACTIC: City=襄平 (ID:2), Tactic=Diplomatism
[Sun Jun 22 02:26:38 2025] COMPUTER_TACTIC: City=安定 (ID:3), Tactic=Armament
[Sun Jun 22 02:26:38 2025] COMPUTER_TACTIC: City=晋阳 (ID:4), Tactic=Armament
[Sun Jun 22 02:26:38 2025] COMPUTER_TACTIC: City=平原 (ID:5), Tactic=Armament
[Sun Jun 22 02:26:38 2025] COMPUTER_TACTIC: City=南皮 (ID:6), Tactic=Interior
[Sun Jun 22 02:26:38 2025] COMPUTER_TACTIC: City=北海 (ID:7), Tactic=Armament
[Sun Jun 22 02:26:38 2025] COMPUTER_TACTIC: City=天水 (ID:8), Tactic=Interior
[Sun Jun 22 02:26:38 2025] COMPUTER_TACTIC: City=河内 (ID:9), Tactic=Armament
[Sun Jun 22 02:26:38 2025] COMPUTER_TACTIC: City=长安 (ID:10), Tactic=Interior
[Sun Jun 22 02:26:38 2025] COMPUTER_TACTIC: City= (ID:11), Tactic=Armament
[Sun Jun 22 02:26:38 2025] COMPUTER_TACTIC: City=濮阳 (ID:12), Tactic=Diplomatism
[Sun Jun 22 02:26:38 2025] ORDER_CREATED: Person=刘备 (ID:2), Order=招揽 (ID:16), City=徐州 (ID:13), Target=Person ID 43 (ID:43)
[Sun Jun 22 02:26:38 2025] PERSON_REMOVED: Person=刘备 (ID:2), City=徐州 (ID:13), Reason=Order Assignment
[Sun Jun 22 02:26:38 2025] ORDER_CREATED: Person=关羽 (ID:31), Order=招揽 (ID:16), City=徐州 (ID:13), Target=Person ID 146 (ID:146)
[Sun Jun 22 02:26:38 2025] PERSON_REMOVED: Person=关羽 (ID:31), City=徐州 (ID:13), Reason=Order Assignment
[Sun Jun 22 02:26:38 2025] ORDER_CREATED: Person=张飞 (ID:32), Order=招揽 (ID:16), City=徐州 (ID:13), Target=建宁 (ID:37)
[Sun Jun 22 02:26:38 2025] PERSON_REMOVED: Person=张飞 (ID:32), City=徐州 (ID:13), Reason=Order Assignment
[Sun Jun 22 02:26:38 2025] ORDER_CREATED: Person=陈圭 (ID:34), Order=招揽 (ID:16), City=徐州 (ID:13), Target=Person ID 112 (ID:112)
[Sun Jun 22 02:26:38 2025] PERSON_REMOVED: Person=陈圭 (ID:34), City=徐州 (ID:13), Reason=Order Assignment
[Sun Jun 22 02:26:38 2025] ORDER_CREATED: Person=孙乾 (ID:36), Order=招揽 (ID:16), City=徐州 (ID:13), Target=Person ID 52 (ID:52)
[Sun Jun 22 02:26:38 2025] PERSON_REMOVED: Person=孙乾 (ID:36), City=徐州 (ID:13), Reason=Order Assignment
[Sun Jun 22 02:26:38 2025] COMPUTER_TACTIC: City=徐州 (ID:13), Tactic=AI_Diplomatism
[Sun Jun 22 02:26:38 2025] COMPUTER_TACTIC: City=汉中 (ID:14), Tactic=Armament
[Sun Jun 22 02:26:38 2025] COMPUTER_TACTIC: City=许昌 (ID:16), Tactic=Armament
[Sun Jun 22 02:26:38 2025] ORDER_CREATED: Person=简雍 (ID:33), Order=招揽 (ID:16), City=小沛 (ID:17), Target=Person ID 92 (ID:92)
[Sun Jun 22 02:26:38 2025] PERSON_REMOVED: Person=简雍 (ID:33), City=小沛 (ID:17), Reason=Order Assignment
[Sun Jun 22 02:26:38 2025] ORDER_CREATED: Person=糜竺 (ID:37), Order=招揽 (ID:16), City=小沛 (ID:17), Target=Person ID 93 (ID:93)
[Sun Jun 22 02:26:38 2025] PERSON_REMOVED: Person=糜竺 (ID:37), City=小沛 (ID:17), Reason=Order Assignment
[Sun Jun 22 02:26:38 2025] ORDER_CREATED: Person=糜芳 (ID:38), Order=招揽 (ID:16), City=小沛 (ID:17), Target=Person ID 44 (ID:44)
[Sun Jun 22 02:26:38 2025] PERSON_REMOVED: Person=糜芳 (ID:38), City=小沛 (ID:17), Reason=Order Assignment
[Sun Jun 22 02:26:38 2025] COMPUTER_TACTIC: City=小沛 (ID:17), Tactic=AI_Diplomatism
[Sun Jun 22 02:26:38 2025] COMPUTER_TACTIC: City=梓潼 (ID:19), Tactic=Interior
[Sun Jun 22 02:26:38 2025] COMPUTER_TACTIC: City=宛城 (ID:20), Tactic=Interior
[Sun Jun 22 02:26:38 2025] COMPUTER_TACTIC: City=寿春 (ID:21), Tactic=Diplomatism
[Sun Jun 22 02:26:38 2025] COMPUTER_TACTIC: City=建业 (ID:22), Tactic=Armament
[Sun Jun 22 02:26:38 2025] COMPUTER_TACTIC: City= (ID:23), Tactic=Diplomatism
[Sun Jun 22 02:26:38 2025] COMPUTER_TACTIC: City=成都 (ID:24), Tactic=Interior
[Sun Jun 22 02:26:38 2025] COMPUTER_TACTIC: City=棉竹 (ID:25), Tactic=Interior
[Sun Jun 22 02:26:38 2025] COMPUTER_TACTIC: City=襄阳 (ID:26), Tactic=Armament
[Sun Jun 22 02:26:38 2025] COMPUTER_TACTIC: City=江夏 (ID:27), Tactic=Armament
[Sun Jun 22 02:26:38 2025] COMPUTER_TACTIC: City=巴郡 (ID:31), Tactic=Diplomatism
[Sun Jun 22 02:26:38 2025] COMPUTER_TACTIC: City=长沙 (ID:33), Tactic=Armament
[Sun Jun 22 02:26:38 2025] COMPUTER_TACTIC: City=建宁 (ID:37), Tactic=Armament
[Sun Jun 22 02:26:38 2025] ORDER_EXECUTED: Person=刘备 (ID:2), Order=招揽 (ID:16), City=徐州 (ID:13), Target=Person ID 43 (ID:43)
[Sun Jun 22 02:26:38 2025] PERSON_RETURNED: Person=刘备 (ID:2), City=徐州 (ID:13), Reason=Order Completion
[Sun Jun 22 02:26:38 2025] ORDER_DELETED: Person=刘备 (ID:2), Order=招揽 (ID:16), City=徐州 (ID:13), Target=Person ID 43 (ID:43)
[Sun Jun 22 02:26:38 2025] ORDER_EXECUTED: Person=关羽 (ID:31), Order=招揽 (ID:16), City=徐州 (ID:13), Target=Person ID 146 (ID:146)
[Sun Jun 22 02:26:38 2025] PERSON_RETURNED: Person=关羽 (ID:31), City=徐州 (ID:13), Reason=Order Completion
[Sun Jun 22 02:26:38 2025] ORDER_DELETED: Person=关羽 (ID:31), Order=招揽 (ID:16), City=徐州 (ID:13), Target=Person ID 146 (ID:146)
[Sun Jun 22 02:26:38 2025] ORDER_EXECUTED: Person=张飞 (ID:32), Order=招揽 (ID:16), City=徐州 (ID:13), Target=建宁 (ID:37)
[Sun Jun 22 02:26:38 2025] PERSON_RETURNED: Person=张飞 (ID:32), City=徐州 (ID:13), Reason=Order Completion
[Sun Jun 22 02:26:38 2025] ORDER_DELETED: Person=张飞 (ID:32), Order=招揽 (ID:16), City=徐州 (ID:13), Target=建宁 (ID:37)
[Sun Jun 22 02:26:38 2025] ORDER_EXECUTED: Person=陈圭 (ID:34), Order=招揽 (ID:16), City=徐州 (ID:13), Target=Person ID 112 (ID:112)
[Sun Jun 22 02:26:38 2025] PERSON_RETURNED: Person=陈圭 (ID:34), City=徐州 (ID:13), Reason=Order Completion
[Sun Jun 22 02:26:38 2025] ORDER_DELETED: Person=陈圭 (ID:34), Order=招揽 (ID:16), City=徐州 (ID:13), Target=Person ID 112 (ID:112)
[Sun Jun 22 02:26:38 2025] ORDER_EXECUTED: Person=孙乾 (ID:36), Order=招揽 (ID:16), City=徐州 (ID:13), Target=Person ID 52 (ID:52)
[Sun Jun 22 02:26:38 2025] PERSON_RETURNED: Person=孙乾 (ID:36), City=徐州 (ID:13), Reason=Order Completion
[Sun Jun 22 02:26:38 2025] ORDER_DELETED: Person=孙乾 (ID:36), Order=招揽 (ID:16), City=徐州 (ID:13), Target=Person ID 52 (ID:52)
[Sun Jun 22 02:26:38 2025] ORDER_EXECUTED: Person=简雍 (ID:33), Order=招揽 (ID:16), City=小沛 (ID:17), Target=Person ID 92 (ID:92)
[Sun Jun 22 02:26:38 2025] PERSON_RETURNED: Person=简雍 (ID:33), City=小沛 (ID:17), Reason=Order Completion
[Sun Jun 22 02:26:38 2025] ORDER_DELETED: Person=简雍 (ID:33), Order=招揽 (ID:16), City=小沛 (ID:17), Target=Person ID 92 (ID:92)
[Sun Jun 22 02:26:38 2025] ORDER_EXECUTED: Person=糜竺 (ID:37), Order=招揽 (ID:16), City=小沛 (ID:17), Target=Person ID 93 (ID:93)
[Sun Jun 22 02:26:38 2025] PERSON_RETURNED: Person=糜竺 (ID:37), City=小沛 (ID:17), Reason=Order Completion
[Sun Jun 22 02:26:38 2025] ORDER_DELETED: Person=糜竺 (ID:37), Order=招揽 (ID:16), City=小沛 (ID:17), Target=Person ID 93 (ID:93)
[Sun Jun 22 02:26:38 2025] ORDER_EXECUTED: Person=糜芳 (ID:38), Order=招揽 (ID:16), City=小沛 (ID:17), Target=Person ID 44 (ID:44)
[Sun Jun 22 02:26:38 2025] PERSON_RETURNED: Person=糜芳 (ID:38), City=小沛 (ID:17), Reason=Order Completion
[Sun Jun 22 02:26:38 2025] ORDER_DELETED: Person=糜芳 (ID:38), Order=招揽 (ID:16), City=小沛 (ID:17), Target=Person ID 44 (ID:44)
[Sun Jun 22 02:26:38 2025] GAME_TURN: Year=61443, Month=10
[Sun Jun 22 02:27:03 2025] COMPUTER_TACTIC: City=西凉 (ID:0), Tactic=Armament
[Sun Jun 22 02:27:03 2025] COMPUTER_TACTIC: City=北平 (ID:1), Tactic=Armament
[Sun Jun 22 02:27:03 2025] COMPUTER_TACTIC: City=襄平 (ID:2), Tactic=Interior
[Sun Jun 22 02:27:03 2025] COMPUTER_TACTIC: City=安定 (ID:3), Tactic=Armament
[Sun Jun 22 02:27:03 2025] COMPUTER_TACTIC: City=晋阳 (ID:4), Tactic=Armament
[Sun Jun 22 02:27:03 2025] COMPUTER_TACTIC: City=平原 (ID:5), Tactic=Armament
[Sun Jun 22 02:27:03 2025] COMPUTER_TACTIC: City=南皮 (ID:6), Tactic=Armament
[Sun Jun 22 02:27:03 2025] COMPUTER_TACTIC: City=北海 (ID:7), Tactic=Armament
[Sun Jun 22 02:27:03 2025] COMPUTER_TACTIC: City=天水 (ID:8), Tactic=Armament
[Sun Jun 22 02:27:03 2025] COMPUTER_TACTIC: City=河内 (ID:9), Tactic=Interior
[Sun Jun 22 02:27:03 2025] COMPUTER_TACTIC: City=长安 (ID:10), Tactic=Diplomatism
[Sun Jun 22 02:27:04 2025] COMPUTER_TACTIC: City= (ID:11), Tactic=Armament
[Sun Jun 22 02:27:04 2025] COMPUTER_TACTIC: City=濮阳 (ID:12), Tactic=Interior
[Sun Jun 22 02:27:04 2025] COMPUTER_TACTIC: City=汉中 (ID:14), Tactic=Armament
[Sun Jun 22 02:27:04 2025] COMPUTER_TACTIC: City=许昌 (ID:16), Tactic=Interior
[Sun Jun 22 02:27:04 2025] COMPUTER_TACTIC: City=梓潼 (ID:19), Tactic=Interior
[Sun Jun 22 02:27:04 2025] COMPUTER_TACTIC: City=宛城 (ID:20), Tactic=Armament
[Sun Jun 22 02:27:04 2025] COMPUTER_TACTIC: City=寿春 (ID:21), Tactic=Diplomatism
[Sun Jun 22 02:27:04 2025] COMPUTER_TACTIC: City=建业 (ID:22), Tactic=Interior
[Sun Jun 22 02:27:04 2025] COMPUTER_TACTIC: City= (ID:23), Tactic=Armament
[Sun Jun 22 02:27:04 2025] COMPUTER_TACTIC: City=成都 (ID:24), Tactic=Interior
[Sun Jun 22 02:27:04 2025] COMPUTER_TACTIC: City=棉竹 (ID:25), Tactic=Diplomatism
[Sun Jun 22 02:27:04 2025] COMPUTER_TACTIC: City=襄阳 (ID:26), Tactic=Armament
[Sun Jun 22 02:27:04 2025] COMPUTER_TACTIC: City=江夏 (ID:27), Tactic=Interior
[Sun Jun 22 02:27:04 2025] COMPUTER_TACTIC: City=巴郡 (ID:31), Tactic=Diplomatism
[Sun Jun 22 02:27:04 2025] COMPUTER_TACTIC: City=长沙 (ID:33), Tactic=Interior
[Sun Jun 22 02:27:04 2025] COMPUTER_TACTIC: City=建宁 (ID:37), Tactic=Armament
[Sun Jun 22 02:27:04 2025] GAME_TURN: Year=61443, Month=11
[Sun Jun 22 02:27:07 2025] COMPUTER_TACTIC: City=西凉 (ID:0), Tactic=Diplomatism
[Sun Jun 22 02:27:07 2025] COMPUTER_TACTIC: City=北平 (ID:1), Tactic=Armament
[Sun Jun 22 02:27:07 2025] COMPUTER_TACTIC: City=襄平 (ID:2), Tactic=Interior
[Sun Jun 22 02:27:07 2025] COMPUTER_TACTIC: City=安定 (ID:3), Tactic=Armament
[Sun Jun 22 02:27:07 2025] COMPUTER_TACTIC: City=晋阳 (ID:4), Tactic=Armament
[Sun Jun 22 02:27:07 2025] COMPUTER_TACTIC: City=平原 (ID:5), Tactic=Armament
[Sun Jun 22 02:27:07 2025] COMPUTER_TACTIC: City=南皮 (ID:6), Tactic=Armament
[Sun Jun 22 02:27:07 2025] COMPUTER_TACTIC: City=北海 (ID:7), Tactic=Armament
[Sun Jun 22 02:27:07 2025] COMPUTER_TACTIC: City=天水 (ID:8), Tactic=Armament
[Sun Jun 22 02:27:07 2025] COMPUTER_TACTIC: City=河内 (ID:9), Tactic=Interior
[Sun Jun 22 02:27:07 2025] COMPUTER_TACTIC: City=长安 (ID:10), Tactic=Armament
[Sun Jun 22 02:27:07 2025] COMPUTER_TACTIC: City= (ID:11), Tactic=Armament
[Sun Jun 22 02:27:07 2025] COMPUTER_TACTIC: City=濮阳 (ID:12), Tactic=Interior
[Sun Jun 22 02:27:07 2025] COMPUTER_TACTIC: City=汉中 (ID:14), Tactic=Diplomatism
[Sun Jun 22 02:27:07 2025] COMPUTER_TACTIC: City=许昌 (ID:16), Tactic=Armament
[Sun Jun 22 02:27:07 2025] ORDER_CREATED: Person=简雍 (ID:33), Order=招揽 (ID:16), City=小沛 (ID:17), Target=武陵 (ID:32)
[Sun Jun 22 02:27:07 2025] PERSON_REMOVED: Person=简雍 (ID:33), City=小沛 (ID:17), Reason=Order Assignment
[Sun Jun 22 02:27:07 2025] ORDER_CREATED: Person=糜竺 (ID:37), Order=招揽 (ID:16), City=小沛 (ID:17), Target=Person ID 107 (ID:107)
[Sun Jun 22 02:27:07 2025] PERSON_REMOVED: Person=糜竺 (ID:37), City=小沛 (ID:17), Reason=Order Assignment
[Sun Jun 22 02:27:07 2025] ORDER_CREATED: Person=糜芳 (ID:38), Order=招揽 (ID:16), City=小沛 (ID:17), Target=Person ID 116 (ID:116)
[Sun Jun 22 02:27:07 2025] PERSON_REMOVED: Person=糜芳 (ID:38), City=小沛 (ID:17), Reason=Order Assignment
[Sun Jun 22 02:27:07 2025] COMPUTER_TACTIC: City=小沛 (ID:17), Tactic=AI_Diplomatism
[Sun Jun 22 02:27:07 2025] ORDER_CREATED: Person=陈登 (ID:35), Order=招揽 (ID:16), City=下邳 (ID:18), Target=梓潼 (ID:19)
[Sun Jun 22 02:27:07 2025] PERSON_REMOVED: Person=陈登 (ID:35), City=下邳 (ID:18), Reason=Order Assignment
[Sun Jun 22 02:27:07 2025] ORDER_CREATED: Person=曹豹 (ID:39), Order=招揽 (ID:16), City=下邳 (ID:18), Target=Person ID 57 (ID:57)
[Sun Jun 22 02:27:07 2025] PERSON_REMOVED: Person=曹豹 (ID:39), City=下邳 (ID:18), Reason=Order Assignment
[Sun Jun 22 02:27:07 2025] COMPUTER_TACTIC: City=下邳 (ID:18), Tactic=AI_Diplomatism
[Sun Jun 22 02:27:07 2025] COMPUTER_TACTIC: City=梓潼 (ID:19), Tactic=Interior
[Sun Jun 22 02:27:07 2025] COMPUTER_TACTIC: City=宛城 (ID:20), Tactic=Armament
[Sun Jun 22 02:27:07 2025] COMPUTER_TACTIC: City=寿春 (ID:21), Tactic=Armament
[Sun Jun 22 02:27:07 2025] COMPUTER_TACTIC: City=建业 (ID:22), Tactic=Armament
[Sun Jun 22 02:27:07 2025] COMPUTER_TACTIC: City= (ID:23), Tactic=Armament
[Sun Jun 22 02:27:07 2025] COMPUTER_TACTIC: City=成都 (ID:24), Tactic=Diplomatism
[Sun Jun 22 02:27:07 2025] COMPUTER_TACTIC: City=棉竹 (ID:25), Tactic=Armament
[Sun Jun 22 02:27:07 2025] COMPUTER_TACTIC: City=襄阳 (ID:26), Tactic=Armament
[Sun Jun 22 02:27:07 2025] COMPUTER_TACTIC: City=江夏 (ID:27), Tactic=Armament
[Sun Jun 22 02:27:07 2025] COMPUTER_TACTIC: City=巴郡 (ID:31), Tactic=Interior
[Sun Jun 22 02:27:07 2025] COMPUTER_TACTIC: City=长沙 (ID:33), Tactic=Armament
[Sun Jun 22 02:27:07 2025] COMPUTER_TACTIC: City=建宁 (ID:37), Tactic=Armament
[Sun Jun 22 02:27:07 2025] ORDER_EXECUTED: Person=简雍 (ID:33), Order=招揽 (ID:16), City=小沛 (ID:17), Target=武陵 (ID:32)
[Sun Jun 22 02:27:07 2025] PERSON_RETURNED: Person=简雍 (ID:33), City=小沛 (ID:17), Reason=Order Completion
[Sun Jun 22 02:27:07 2025] ORDER_DELETED: Person=简雍 (ID:33), Order=招揽 (ID:16), City=小沛 (ID:17), Target=武陵 (ID:32)
[Sun Jun 22 02:27:07 2025] ORDER_EXECUTED: Person=糜竺 (ID:37), Order=招揽 (ID:16), City=小沛 (ID:17), Target=Person ID 107 (ID:107)
[Sun Jun 22 02:27:07 2025] PERSON_RETURNED: Person=糜竺 (ID:37), City=小沛 (ID:17), Reason=Order Completion
[Sun Jun 22 02:27:07 2025] ORDER_DELETED: Person=糜竺 (ID:37), Order=招揽 (ID:16), City=小沛 (ID:17), Target=Person ID 107 (ID:107)
[Sun Jun 22 02:27:07 2025] ORDER_EXECUTED: Person=糜芳 (ID:38), Order=招揽 (ID:16), City=小沛 (ID:17), Target=Person ID 116 (ID:116)
[Sun Jun 22 02:27:07 2025] PERSON_RETURNED: Person=糜芳 (ID:38), City=小沛 (ID:17), Reason=Order Completion
[Sun Jun 22 02:27:07 2025] ORDER_DELETED: Person=糜芳 (ID:38), Order=招揽 (ID:16), City=小沛 (ID:17), Target=Person ID 116 (ID:116)
[Sun Jun 22 02:27:07 2025] ORDER_EXECUTED: Person=陈登 (ID:35), Order=招揽 (ID:16), City=下邳 (ID:18), Target=梓潼 (ID:19)
[Sun Jun 22 02:27:07 2025] PERSON_RETURNED: Person=陈登 (ID:35), City=下邳 (ID:18), Reason=Order Completion
[Sun Jun 22 02:27:07 2025] ORDER_DELETED: Person=陈登 (ID:35), Order=招揽 (ID:16), City=下邳 (ID:18), Target=梓潼 (ID:19)
[Sun Jun 22 02:27:07 2025] ORDER_EXECUTED: Person=曹豹 (ID:39), Order=招揽 (ID:16), City=下邳 (ID:18), Target=Person ID 57 (ID:57)
[Sun Jun 22 02:27:07 2025] PERSON_RETURNED: Person=曹豹 (ID:39), City=下邳 (ID:18), Reason=Order Completion
[Sun Jun 22 02:27:07 2025] ORDER_DELETED: Person=曹豹 (ID:39), Order=招揽 (ID:16), City=下邳 (ID:18), Target=Person ID 57 (ID:57)
[Sun Jun 22 02:27:08 2025] GAME_TURN: Year=61443, Month=12
[Sun Jun 22 02:27:12 2025] COMPUTER_TACTIC: City=西凉 (ID:0), Tactic=Armament
[Sun Jun 22 02:27:12 2025] COMPUTER_TACTIC: City=北平 (ID:1), Tactic=Interior
[Sun Jun 22 02:27:12 2025] COMPUTER_TACTIC: City=襄平 (ID:2), Tactic=Armament
[Sun Jun 22 02:27:12 2025] COMPUTER_TACTIC: City=安定 (ID:3), Tactic=Armament
[Sun Jun 22 02:27:12 2025] COMPUTER_TACTIC: City=晋阳 (ID:4), Tactic=Armament
[Sun Jun 22 02:27:12 2025] COMPUTER_TACTIC: City=平原 (ID:5), Tactic=Armament
[Sun Jun 22 02:27:12 2025] COMPUTER_TACTIC: City=南皮 (ID:6), Tactic=Armament
[Sun Jun 22 02:27:12 2025] COMPUTER_TACTIC: City=北海 (ID:7), Tactic=Armament
[Sun Jun 22 02:27:12 2025] COMPUTER_TACTIC: City=天水 (ID:8), Tactic=Armament
[Sun Jun 22 02:27:12 2025] COMPUTER_TACTIC: City=河内 (ID:9), Tactic=Interior
[Sun Jun 22 02:27:12 2025] COMPUTER_TACTIC: City=长安 (ID:10), Tactic=Interior
[Sun Jun 22 02:27:12 2025] COMPUTER_TACTIC: City= (ID:11), Tactic=Armament
[Sun Jun 22 02:27:12 2025] COMPUTER_TACTIC: City=濮阳 (ID:12), Tactic=Diplomatism
[Sun Jun 22 02:27:12 2025] COMPUTER_TACTIC: City=汉中 (ID:14), Tactic=Interior
[Sun Jun 22 02:27:12 2025] COMPUTER_TACTIC: City=许昌 (ID:16), Tactic=Armament
[Sun Jun 22 02:27:12 2025] COMPUTER_TACTIC: City=梓潼 (ID:19), Tactic=Interior
[Sun Jun 22 02:27:12 2025] COMPUTER_TACTIC: City=宛城 (ID:20), Tactic=Armament
[Sun Jun 22 02:27:12 2025] COMPUTER_TACTIC: City=寿春 (ID:21), Tactic=Interior
[Sun Jun 22 02:27:12 2025] COMPUTER_TACTIC: City=建业 (ID:22), Tactic=Armament
[Sun Jun 22 02:27:12 2025] COMPUTER_TACTIC: City= (ID:23), Tactic=Armament
[Sun Jun 22 02:27:12 2025] COMPUTER_TACTIC: City=成都 (ID:24), Tactic=Interior
[Sun Jun 22 02:27:12 2025] COMPUTER_TACTIC: City=棉竹 (ID:25), Tactic=Armament
[Sun Jun 22 02:27:12 2025] COMPUTER_TACTIC: City=襄阳 (ID:26), Tactic=Armament
[Sun Jun 22 02:27:12 2025] COMPUTER_TACTIC: City=江夏 (ID:27), Tactic=Diplomatism
[Sun Jun 22 02:27:12 2025] COMPUTER_TACTIC: City=巴郡 (ID:31), Tactic=Interior
[Sun Jun 22 02:27:12 2025] COMPUTER_TACTIC: City=长沙 (ID:33), Tactic=Interior
[Sun Jun 22 02:27:12 2025] COMPUTER_TACTIC: City=建宁 (ID:37), Tactic=Diplomatism
[Sun Jun 22 02:27:12 2025] GAME_TURN: Year=61444, Month=1
[Sun Jun 22 02:27:13 2025] COMPUTER_TACTIC: City=西凉 (ID:0), Tactic=Armament
[Sun Jun 22 02:27:13 2025] COMPUTER_TACTIC: City=北平 (ID:1), Tactic=Armament
[Sun Jun 22 02:27:13 2025] COMPUTER_TACTIC: City=襄平 (ID:2), Tactic=Interior
[Sun Jun 22 02:27:13 2025] COMPUTER_TACTIC: City=安定 (ID:3), Tactic=Diplomatism
[Sun Jun 22 02:27:13 2025] COMPUTER_TACTIC: City=晋阳 (ID:4), Tactic=Armament
[Sun Jun 22 02:27:13 2025] COMPUTER_TACTIC: City=平原 (ID:5), Tactic=Armament
[Sun Jun 22 02:27:13 2025] COMPUTER_TACTIC: City=南皮 (ID:6), Tactic=Diplomatism
[Sun Jun 22 02:27:13 2025] COMPUTER_TACTIC: City=北海 (ID:7), Tactic=Armament
[Sun Jun 22 02:27:13 2025] COMPUTER_TACTIC: City=天水 (ID:8), Tactic=Armament
[Sun Jun 22 02:27:13 2025] COMPUTER_TACTIC: City=河内 (ID:9), Tactic=Diplomatism
[Sun Jun 22 02:27:13 2025] COMPUTER_TACTIC: City=长安 (ID:10), Tactic=Diplomatism
[Sun Jun 22 02:27:13 2025] COMPUTER_TACTIC: City= (ID:11), Tactic=Armament
[Sun Jun 22 02:27:13 2025] COMPUTER_TACTIC: City=濮阳 (ID:12), Tactic=Diplomatism
[Sun Jun 22 02:27:13 2025] COMPUTER_TACTIC: City=汉中 (ID:14), Tactic=Diplomatism
[Sun Jun 22 02:27:13 2025] COMPUTER_TACTIC: City=许昌 (ID:16), Tactic=Diplomatism
[Sun Jun 22 02:27:13 2025] ORDER_CREATED: Person=陈登 (ID:35), Order=招揽 (ID:16), City=下邳 (ID:18), Target=Person ID 117 (ID:117)
[Sun Jun 22 02:27:13 2025] PERSON_REMOVED: Person=陈登 (ID:35), City=下邳 (ID:18), Reason=Order Assignment
[Sun Jun 22 02:27:13 2025] ORDER_CREATED: Person=曹豹 (ID:39), Order=招揽 (ID:16), City=下邳 (ID:18), Target=Person ID 49 (ID:49)
[Sun Jun 22 02:27:13 2025] PERSON_REMOVED: Person=曹豹 (ID:39), City=下邳 (ID:18), Reason=Order Assignment
[Sun Jun 22 02:27:13 2025] COMPUTER_TACTIC: City=下邳 (ID:18), Tactic=AI_Diplomatism
[Sun Jun 22 02:27:13 2025] COMPUTER_TACTIC: City=梓潼 (ID:19), Tactic=Armament
[Sun Jun 22 02:27:13 2025] COMPUTER_TACTIC: City=宛城 (ID:20), Tactic=Interior
[Sun Jun 22 02:27:13 2025] COMPUTER_TACTIC: City=寿春 (ID:21), Tactic=Interior
[Sun Jun 22 02:27:13 2025] COMPUTER_TACTIC: City=建业 (ID:22), Tactic=Interior
[Sun Jun 22 02:27:13 2025] COMPUTER_TACTIC: City= (ID:23), Tactic=Armament
[Sun Jun 22 02:27:13 2025] COMPUTER_TACTIC: City=成都 (ID:24), Tactic=Armament
[Sun Jun 22 02:27:13 2025] COMPUTER_TACTIC: City=棉竹 (ID:25), Tactic=Diplomatism
[Sun Jun 22 02:27:13 2025] COMPUTER_TACTIC: City=襄阳 (ID:26), Tactic=Armament
[Sun Jun 22 02:27:13 2025] COMPUTER_TACTIC: City=江夏 (ID:27), Tactic=Armament
[Sun Jun 22 02:27:13 2025] COMPUTER_TACTIC: City=巴郡 (ID:31), Tactic=Diplomatism
[Sun Jun 22 02:27:13 2025] COMPUTER_TACTIC: City=长沙 (ID:33), Tactic=Diplomatism
[Sun Jun 22 02:27:13 2025] COMPUTER_TACTIC: City=建宁 (ID:37), Tactic=Armament
[Sun Jun 22 02:27:14 2025] ORDER_EXECUTED: Person=陈登 (ID:35), Order=招揽 (ID:16), City=下邳 (ID:18), Target=Person ID 117 (ID:117)
[Sun Jun 22 02:27:14 2025] PERSON_RETURNED: Person=陈登 (ID:35), City=下邳 (ID:18), Reason=Order Completion
[Sun Jun 22 02:27:14 2025] ORDER_DELETED: Person=陈登 (ID:35), Order=招揽 (ID:16), City=下邳 (ID:18), Target=Person ID 117 (ID:117)
[Sun Jun 22 02:27:14 2025] ORDER_EXECUTED: Person=曹豹 (ID:39), Order=招揽 (ID:16), City=下邳 (ID:18), Target=Person ID 49 (ID:49)
[Sun Jun 22 02:27:14 2025] PERSON_RETURNED: Person=曹豹 (ID:39), City=下邳 (ID:18), Reason=Order Completion
[Sun Jun 22 02:27:14 2025] ORDER_DELETED: Person=曹豹 (ID:39), Order=招揽 (ID:16), City=下邳 (ID:18), Target=Person ID 49 (ID:49)
[Sun Jun 22 02:27:15 2025] GAME_TURN: Year=61444, Month=2
[Sun Jun 22 02:27:15 2025] COMPUTER_TACTIC: City=西凉 (ID:0), Tactic=Armament
[Sun Jun 22 02:27:15 2025] COMPUTER_TACTIC: City=北平 (ID:1), Tactic=Armament
[Sun Jun 22 02:27:15 2025] COMPUTER_TACTIC: City=襄平 (ID:2), Tactic=Diplomatism
[Sun Jun 22 02:27:15 2025] COMPUTER_TACTIC: City=安定 (ID:3), Tactic=Armament
[Sun Jun 22 02:27:15 2025] COMPUTER_TACTIC: City=晋阳 (ID:4), Tactic=Armament
[Sun Jun 22 02:27:15 2025] COMPUTER_TACTIC: City=平原 (ID:5), Tactic=Interior
[Sun Jun 22 02:27:15 2025] COMPUTER_TACTIC: City=南皮 (ID:6), Tactic=Armament
[Sun Jun 22 02:27:15 2025] COMPUTER_TACTIC: City=北海 (ID:7), Tactic=Armament
[Sun Jun 22 02:27:15 2025] COMPUTER_TACTIC: City=天水 (ID:8), Tactic=Armament
[Sun Jun 22 02:27:15 2025] COMPUTER_TACTIC: City=河内 (ID:9), Tactic=Armament
[Sun Jun 22 02:27:15 2025] COMPUTER_TACTIC: City=长安 (ID:10), Tactic=Armament
[Sun Jun 22 02:27:15 2025] COMPUTER_TACTIC: City= (ID:11), Tactic=Armament
[Sun Jun 22 02:27:15 2025] COMPUTER_TACTIC: City=濮阳 (ID:12), Tactic=Interior
[Sun Jun 22 02:27:15 2025] COMPUTER_TACTIC: City=汉中 (ID:14), Tactic=Interior
[Sun Jun 22 02:27:15 2025] COMPUTER_TACTIC: City=许昌 (ID:16), Tactic=Armament
[Sun Jun 22 02:27:15 2025] ORDER_CREATED: Person=简雍 (ID:33), Order=出巡 (ID:5), City=小沛 (ID:17)
[Sun Jun 22 02:27:15 2025] PERSON_REMOVED: Person=简雍 (ID:33), City=小沛 (ID:17), Reason=Order Assignment
[Sun Jun 22 02:27:15 2025] ORDER_CREATED: Person=糜竺 (ID:37), Order=出巡 (ID:5), City=小沛 (ID:17)
[Sun Jun 22 02:27:15 2025] PERSON_REMOVED: Person=糜竺 (ID:37), City=小沛 (ID:17), Reason=Order Assignment
[Sun Jun 22 02:27:15 2025] ORDER_CREATED: Person=糜芳 (ID:38), Order=出巡 (ID:5), City=小沛 (ID:17)
[Sun Jun 22 02:27:15 2025] PERSON_REMOVED: Person=糜芳 (ID:38), City=小沛 (ID:17), Reason=Order Assignment
[Sun Jun 22 02:27:15 2025] COMPUTER_TACTIC: City=小沛 (ID:17), Tactic=Interior
[Sun Jun 22 02:27:15 2025] COMPUTER_TACTIC: City=梓潼 (ID:19), Tactic=Diplomatism
[Sun Jun 22 02:27:15 2025] COMPUTER_TACTIC: City=宛城 (ID:20), Tactic=Diplomatism
[Sun Jun 22 02:27:15 2025] COMPUTER_TACTIC: City=寿春 (ID:21), Tactic=Interior
[Sun Jun 22 02:27:15 2025] COMPUTER_TACTIC: City=建业 (ID:22), Tactic=Armament
[Sun Jun 22 02:27:15 2025] COMPUTER_TACTIC: City= (ID:23), Tactic=Armament
[Sun Jun 22 02:27:15 2025] COMPUTER_TACTIC: City=成都 (ID:24), Tactic=Interior
[Sun Jun 22 02:27:15 2025] COMPUTER_TACTIC: City=棉竹 (ID:25), Tactic=Interior
[Sun Jun 22 02:27:15 2025] COMPUTER_TACTIC: City=襄阳 (ID:26), Tactic=Interior
[Sun Jun 22 02:27:15 2025] COMPUTER_TACTIC: City=江夏 (ID:27), Tactic=Armament
[Sun Jun 22 02:27:15 2025] COMPUTER_TACTIC: City=巴郡 (ID:31), Tactic=Diplomatism
[Sun Jun 22 02:27:15 2025] COMPUTER_TACTIC: City=长沙 (ID:33), Tactic=Diplomatism
[Sun Jun 22 02:27:15 2025] COMPUTER_TACTIC: City=建宁 (ID:37), Tactic=Armament
[Sun Jun 22 02:27:15 2025] ORDER_EXECUTED: Person=简雍 (ID:33), Order=出巡 (ID:5), City=小沛 (ID:17)
[Sun Jun 22 02:27:15 2025] PERSON_RETURNED: Person=简雍 (ID:33), City=小沛 (ID:17), Reason=Order Completion
[Sun Jun 22 02:27:15 2025] ORDER_DELETED: Person=简雍 (ID:33), Order=出巡 (ID:5), City=小沛 (ID:17)
[Sun Jun 22 02:27:15 2025] ORDER_EXECUTED: Person=糜竺 (ID:37), Order=出巡 (ID:5), City=小沛 (ID:17)
[Sun Jun 22 02:27:15 2025] PERSON_RETURNED: Person=糜竺 (ID:37), City=小沛 (ID:17), Reason=Order Completion
[Sun Jun 22 02:27:15 2025] ORDER_DELETED: Person=糜竺 (ID:37), Order=出巡 (ID:5), City=小沛 (ID:17)
[Sun Jun 22 02:27:15 2025] ORDER_EXECUTED: Person=糜芳 (ID:38), Order=出巡 (ID:5), City=小沛 (ID:17)
[Sun Jun 22 02:27:15 2025] PERSON_RETURNED: Person=糜芳 (ID:38), City=小沛 (ID:17), Reason=Order Completion
[Sun Jun 22 02:27:15 2025] ORDER_DELETED: Person=糜芳 (ID:38), Order=出巡 (ID:5), City=小沛 (ID:17)
[Sun Jun 22 02:27:17 2025] GAME_TURN: Year=61444, Month=3
[Sun Jun 22 02:27:18 2025] COMPUTER_TACTIC: City=西凉 (ID:0), Tactic=Armament
[Sun Jun 22 02:27:18 2025] COMPUTER_TACTIC: City=北平 (ID:1), Tactic=Armament
[Sun Jun 22 02:27:18 2025] COMPUTER_TACTIC: City=襄平 (ID:2), Tactic=Diplomatism
[Sun Jun 22 02:27:18 2025] COMPUTER_TACTIC: City=安定 (ID:3), Tactic=Diplomatism
[Sun Jun 22 02:27:18 2025] COMPUTER_TACTIC: City=晋阳 (ID:4), Tactic=Diplomatism
[Sun Jun 22 02:27:18 2025] COMPUTER_TACTIC: City=平原 (ID:5), Tactic=Armament
[Sun Jun 22 02:27:18 2025] COMPUTER_TACTIC: City=南皮 (ID:6), Tactic=Interior
[Sun Jun 22 02:27:18 2025] COMPUTER_TACTIC: City=北海 (ID:7), Tactic=Diplomatism
[Sun Jun 22 02:27:18 2025] COMPUTER_TACTIC: City=天水 (ID:8), Tactic=Armament
[Sun Jun 22 02:27:18 2025] COMPUTER_TACTIC: City=河内 (ID:9), Tactic=Diplomatism
[Sun Jun 22 02:27:18 2025] COMPUTER_TACTIC: City=长安 (ID:10), Tactic=Armament
[Sun Jun 22 02:27:18 2025] COMPUTER_TACTIC: City= (ID:11), Tactic=Armament
[Sun Jun 22 02:27:18 2025] COMPUTER_TACTIC: City=濮阳 (ID:12), Tactic=Diplomatism
[Sun Jun 22 02:27:18 2025] COMPUTER_TACTIC: City=汉中 (ID:14), Tactic=Armament
[Sun Jun 22 02:27:18 2025] COMPUTER_TACTIC: City=许昌 (ID:16), Tactic=Interior
[Sun Jun 22 02:27:18 2025] COMPUTER_TACTIC: City=梓潼 (ID:19), Tactic=Armament
[Sun Jun 22 02:27:18 2025] COMPUTER_TACTIC: City=宛城 (ID:20), Tactic=Armament
[Sun Jun 22 02:27:18 2025] COMPUTER_TACTIC: City=寿春 (ID:21), Tactic=Interior
[Sun Jun 22 02:27:18 2025] COMPUTER_TACTIC: City=建业 (ID:22), Tactic=Armament
[Sun Jun 22 02:27:18 2025] COMPUTER_TACTIC: City= (ID:23), Tactic=Diplomatism
[Sun Jun 22 02:27:18 2025] COMPUTER_TACTIC: City=成都 (ID:24), Tactic=Armament
[Sun Jun 22 02:27:18 2025] COMPUTER_TACTIC: City=棉竹 (ID:25), Tactic=Armament
[Sun Jun 22 02:27:18 2025] COMPUTER_TACTIC: City=襄阳 (ID:26), Tactic=Armament
[Sun Jun 22 02:27:18 2025] COMPUTER_TACTIC: City=江夏 (ID:27), Tactic=Diplomatism
[Sun Jun 22 02:27:18 2025] COMPUTER_TACTIC: City=巴郡 (ID:31), Tactic=Diplomatism
[Sun Jun 22 02:27:18 2025] COMPUTER_TACTIC: City=长沙 (ID:33), Tactic=Interior
[Sun Jun 22 02:27:18 2025] COMPUTER_TACTIC: City=建宁 (ID:37), Tactic=Armament
[Sun Jun 22 02:27:19 2025] GAME_TURN: Year=61444, Month=4
[Sun Jun 22 02:27:21 2025] COMPUTER_TACTIC: City=西凉 (ID:0), Tactic=Armament
[Sun Jun 22 02:27:21 2025] COMPUTER_TACTIC: City=北平 (ID:1), Tactic=Armament
[Sun Jun 22 02:27:21 2025] COMPUTER_TACTIC: City=襄平 (ID:2), Tactic=Interior
[Sun Jun 22 02:27:21 2025] COMPUTER_TACTIC: City=安定 (ID:3), Tactic=Diplomatism
[Sun Jun 22 02:27:21 2025] COMPUTER_TACTIC: City=晋阳 (ID:4), Tactic=Interior
[Sun Jun 22 02:27:21 2025] COMPUTER_TACTIC: City=平原 (ID:5), Tactic=Interior
[Sun Jun 22 02:27:21 2025] COMPUTER_TACTIC: City=南皮 (ID:6), Tactic=Armament
[Sun Jun 22 02:27:21 2025] COMPUTER_TACTIC: City=北海 (ID:7), Tactic=Interior
[Sun Jun 22 02:27:21 2025] COMPUTER_TACTIC: City=天水 (ID:8), Tactic=Armament
[Sun Jun 22 02:27:21 2025] COMPUTER_TACTIC: City=河内 (ID:9), Tactic=Diplomatism
[Sun Jun 22 02:27:21 2025] COMPUTER_TACTIC: City=长安 (ID:10), Tactic=Diplomatism
[Sun Jun 22 02:27:21 2025] COMPUTER_TACTIC: City= (ID:11), Tactic=Armament
[Sun Jun 22 02:27:21 2025] COMPUTER_TACTIC: City=濮阳 (ID:12), Tactic=Interior
[Sun Jun 22 02:27:21 2025] COMPUTER_TACTIC: City=汉中 (ID:14), Tactic=Interior
[Sun Jun 22 02:27:21 2025] COMPUTER_TACTIC: City=许昌 (ID:16), Tactic=Armament
[Sun Jun 22 02:27:21 2025] ORDER_CREATED: Person=陈登 (ID:35), Order=招揽 (ID:16), City=下邳 (ID:18), Target=建业 (ID:22)
[Sun Jun 22 02:27:21 2025] PERSON_REMOVED: Person=陈登 (ID:35), City=下邳 (ID:18), Reason=Order Assignment
[Sun Jun 22 02:27:21 2025] ORDER_CREATED: Person=曹豹 (ID:39), Order=招揽 (ID:16), City=下邳 (ID:18), Target=Person ID 57 (ID:57)
[Sun Jun 22 02:27:21 2025] PERSON_REMOVED: Person=曹豹 (ID:39), City=下邳 (ID:18), Reason=Order Assignment
[Sun Jun 22 02:27:21 2025] COMPUTER_TACTIC: City=下邳 (ID:18), Tactic=AI_Diplomatism
[Sun Jun 22 02:27:21 2025] COMPUTER_TACTIC: City=梓潼 (ID:19), Tactic=Interior
[Sun Jun 22 02:27:21 2025] COMPUTER_TACTIC: City=宛城 (ID:20), Tactic=Armament
[Sun Jun 22 02:27:21 2025] COMPUTER_TACTIC: City=寿春 (ID:21), Tactic=Diplomatism
[Sun Jun 22 02:27:21 2025] COMPUTER_TACTIC: City=建业 (ID:22), Tactic=Armament
[Sun Jun 22 02:27:21 2025] COMPUTER_TACTIC: City= (ID:23), Tactic=Armament
[Sun Jun 22 02:27:21 2025] COMPUTER_TACTIC: City=成都 (ID:24), Tactic=Interior
[Sun Jun 22 02:27:21 2025] COMPUTER_TACTIC: City=棉竹 (ID:25), Tactic=Interior
[Sun Jun 22 02:27:21 2025] COMPUTER_TACTIC: City=襄阳 (ID:26), Tactic=Armament
[Sun Jun 22 02:27:21 2025] COMPUTER_TACTIC: City=江夏 (ID:27), Tactic=Armament
[Sun Jun 22 02:27:21 2025] COMPUTER_TACTIC: City=巴郡 (ID:31), Tactic=Armament
[Sun Jun 22 02:27:21 2025] COMPUTER_TACTIC: City=长沙 (ID:33), Tactic=Armament
[Sun Jun 22 02:27:21 2025] COMPUTER_TACTIC: City=建宁 (ID:37), Tactic=Armament
[Sun Jun 22 02:27:21 2025] ORDER_EXECUTED: Person=陈登 (ID:35), Order=招揽 (ID:16), City=下邳 (ID:18), Target=建业 (ID:22)
[Sun Jun 22 02:27:21 2025] PERSON_RETURNED: Person=陈登 (ID:35), City=下邳 (ID:18), Reason=Order Completion
[Sun Jun 22 02:27:21 2025] ORDER_DELETED: Person=陈登 (ID:35), Order=招揽 (ID:16), City=下邳 (ID:18), Target=建业 (ID:22)
[Sun Jun 22 02:27:21 2025] ORDER_EXECUTED: Person=曹豹 (ID:39), Order=招揽 (ID:16), City=下邳 (ID:18), Target=Person ID 57 (ID:57)
[Sun Jun 22 02:27:21 2025] PERSON_RETURNED: Person=曹豹 (ID:39), City=下邳 (ID:18), Reason=Order Completion
[Sun Jun 22 02:27:21 2025] ORDER_DELETED: Person=曹豹 (ID:39), Order=招揽 (ID:16), City=下邳 (ID:18), Target=Person ID 57 (ID:57)
[Sun Jun 22 02:27:21 2025] GAME_TURN: Year=61444, Month=5
[Sun Jun 22 02:27:24 2025] ORDER_CREATED: Person=刘备 (ID:2), Order=搜寻 (ID:3), City=徐州 (ID:13), Target=Person ID 202 (ID:202)
[Sun Jun 22 02:27:24 2025] PERSON_REMOVED: Person=刘备 (ID:2), City=徐州 (ID:13), Reason=Order Assignment
[Sun Jun 22 02:27:24 2025] ORDER_CREATED: Person=关羽 (ID:31), Order=搜寻 (ID:3), City=徐州 (ID:13), Target=Person ID 202 (ID:202)
[Sun Jun 22 02:27:24 2025] PERSON_REMOVED: Person=关羽 (ID:31), City=徐州 (ID:13), Reason=Order Assignment
[Sun Jun 22 02:27:24 2025] ORDER_CREATED: Person=张飞 (ID:32), Order=搜寻 (ID:3), City=徐州 (ID:13), Target=Person ID 202 (ID:202)
[Sun Jun 22 02:27:24 2025] PERSON_REMOVED: Person=张飞 (ID:32), City=徐州 (ID:13), Reason=Order Assignment
[Sun Jun 22 02:27:25 2025] ORDER_CREATED: Person=陈圭 (ID:34), Order=搜寻 (ID:3), City=徐州 (ID:13), Target=Person ID 202 (ID:202)
[Sun Jun 22 02:27:25 2025] PERSON_REMOVED: Person=陈圭 (ID:34), City=徐州 (ID:13), Reason=Order Assignment
[Sun Jun 22 02:27:26 2025] ORDER_CREATED: Person=孙乾 (ID:36), Order=搜寻 (ID:3), City=徐州 (ID:13), Target=Person ID 202 (ID:202)
[Sun Jun 22 02:27:26 2025] PERSON_REMOVED: Person=孙乾 (ID:36), City=徐州 (ID:13), Reason=Order Assignment
[Sun Jun 22 02:27:28 2025] COMPUTER_TACTIC: City=西凉 (ID:0), Tactic=Diplomatism
[Sun Jun 22 02:27:28 2025] COMPUTER_TACTIC: City=北平 (ID:1), Tactic=Armament
[Sun Jun 22 02:27:28 2025] COMPUTER_TACTIC: City=襄平 (ID:2), Tactic=Armament
[Sun Jun 22 02:27:28 2025] COMPUTER_TACTIC: City=安定 (ID:3), Tactic=Armament
[Sun Jun 22 02:27:28 2025] COMPUTER_TACTIC: City=晋阳 (ID:4), Tactic=Diplomatism
[Sun Jun 22 02:27:28 2025] COMPUTER_TACTIC: City=平原 (ID:5), Tactic=Interior
[Sun Jun 22 02:27:28 2025] COMPUTER_TACTIC: City=南皮 (ID:6), Tactic=Armament
[Sun Jun 22 02:27:28 2025] COMPUTER_TACTIC: City=北海 (ID:7), Tactic=Diplomatism
[Sun Jun 22 02:27:28 2025] COMPUTER_TACTIC: City=天水 (ID:8), Tactic=Interior
[Sun Jun 22 02:27:28 2025] COMPUTER_TACTIC: City=河内 (ID:9), Tactic=Interior
[Sun Jun 22 02:27:28 2025] COMPUTER_TACTIC: City=长安 (ID:10), Tactic=Interior
[Sun Jun 22 02:27:28 2025] COMPUTER_TACTIC: City= (ID:11), Tactic=Diplomatism
[Sun Jun 22 02:27:28 2025] COMPUTER_TACTIC: City=濮阳 (ID:12), Tactic=Armament
[Sun Jun 22 02:27:28 2025] COMPUTER_TACTIC: City=汉中 (ID:14), Tactic=Interior
[Sun Jun 22 02:27:28 2025] COMPUTER_TACTIC: City=许昌 (ID:16), Tactic=Armament
[Sun Jun 22 02:27:28 2025] ORDER_CREATED: Person=简雍 (ID:33), Order=招揽 (ID:16), City=小沛 (ID:17), Target=零陵 (ID:35)
[Sun Jun 22 02:27:28 2025] PERSON_REMOVED: Person=简雍 (ID:33), City=小沛 (ID:17), Reason=Order Assignment
[Sun Jun 22 02:27:28 2025] ORDER_CREATED: Person=糜竺 (ID:37), Order=招揽 (ID:16), City=小沛 (ID:17), Target=Person ID 87 (ID:87)
[Sun Jun 22 02:27:28 2025] PERSON_REMOVED: Person=糜竺 (ID:37), City=小沛 (ID:17), Reason=Order Assignment
[Sun Jun 22 02:27:28 2025] ORDER_CREATED: Person=糜芳 (ID:38), Order=招揽 (ID:16), City=小沛 (ID:17), Target=Person ID 115 (ID:115)
[Sun Jun 22 02:27:28 2025] PERSON_REMOVED: Person=糜芳 (ID:38), City=小沛 (ID:17), Reason=Order Assignment
[Sun Jun 22 02:27:28 2025] COMPUTER_TACTIC: City=小沛 (ID:17), Tactic=AI_Diplomatism
[Sun Jun 22 02:27:28 2025] COMPUTER_TACTIC: City=梓潼 (ID:19), Tactic=Diplomatism
[Sun Jun 22 02:27:28 2025] COMPUTER_TACTIC: City=宛城 (ID:20), Tactic=Armament
[Sun Jun 22 02:27:28 2025] COMPUTER_TACTIC: City=寿春 (ID:21), Tactic=Armament
[Sun Jun 22 02:27:28 2025] COMPUTER_TACTIC: City=建业 (ID:22), Tactic=Armament
[Sun Jun 22 02:27:28 2025] COMPUTER_TACTIC: City= (ID:23), Tactic=Armament
[Sun Jun 22 02:27:28 2025] COMPUTER_TACTIC: City=成都 (ID:24), Tactic=Interior
[Sun Jun 22 02:27:28 2025] COMPUTER_TACTIC: City=棉竹 (ID:25), Tactic=Armament
[Sun Jun 22 02:27:28 2025] COMPUTER_TACTIC: City=襄阳 (ID:26), Tactic=Interior
[Sun Jun 22 02:27:28 2025] COMPUTER_TACTIC: City=江夏 (ID:27), Tactic=Armament
[Sun Jun 22 02:27:28 2025] COMPUTER_TACTIC: City=巴郡 (ID:31), Tactic=Interior
[Sun Jun 22 02:27:28 2025] COMPUTER_TACTIC: City=长沙 (ID:33), Tactic=Diplomatism
[Sun Jun 22 02:27:28 2025] COMPUTER_TACTIC: City=建宁 (ID:37), Tactic=Armament
[Sun Jun 22 02:27:28 2025] ORDER_EXECUTED: Person=刘备 (ID:2), Order=搜寻 (ID:3), City=徐州 (ID:13), Target=Person ID 202 (ID:202)
[Sun Jun 22 02:27:28 2025] PERSON_RETURNED: Person=刘备 (ID:2), City=徐州 (ID:13), Reason=Order Completion
[Sun Jun 22 02:27:28 2025] ORDER_DELETED: Person=刘备 (ID:2), Order=搜寻 (ID:3), City=徐州 (ID:13), Target=Person ID 202 (ID:202)
[Sun Jun 22 02:27:28 2025] ORDER_EXECUTED: Person=关羽 (ID:31), Order=搜寻 (ID:3), City=徐州 (ID:13), Target=Person ID 202 (ID:202)
[Sun Jun 22 02:27:28 2025] PERSON_RETURNED: Person=关羽 (ID:31), City=徐州 (ID:13), Reason=Order Completion
[Sun Jun 22 02:27:28 2025] ORDER_DELETED: Person=关羽 (ID:31), Order=搜寻 (ID:3), City=徐州 (ID:13), Target=Person ID 202 (ID:202)
[Sun Jun 22 02:27:28 2025] ORDER_EXECUTED: Person=张飞 (ID:32), Order=搜寻 (ID:3), City=徐州 (ID:13), Target=Person ID 202 (ID:202)
[Sun Jun 22 02:27:28 2025] PERSON_RETURNED: Person=张飞 (ID:32), City=徐州 (ID:13), Reason=Order Completion
[Sun Jun 22 02:27:28 2025] ORDER_DELETED: Person=张飞 (ID:32), Order=搜寻 (ID:3), City=徐州 (ID:13), Target=Person ID 202 (ID:202)
[Sun Jun 22 02:27:28 2025] ORDER_EXECUTED: Person=陈圭 (ID:34), Order=搜寻 (ID:3), City=徐州 (ID:13), Target=Person ID 202 (ID:202)
[Sun Jun 22 02:27:28 2025] PERSON_RETURNED: Person=陈圭 (ID:34), City=徐州 (ID:13), Reason=Order Completion
[Sun Jun 22 02:27:28 2025] ORDER_DELETED: Person=陈圭 (ID:34), Order=搜寻 (ID:3), City=徐州 (ID:13), Target=Person ID 202 (ID:202)
[Sun Jun 22 02:27:28 2025] ORDER_EXECUTED: Person=孙乾 (ID:36), Order=搜寻 (ID:3), City=徐州 (ID:13), Target=Person ID 202 (ID:202)
[Sun Jun 22 02:27:28 2025] PERSON_RETURNED: Person=孙乾 (ID:36), City=徐州 (ID:13), Reason=Order Completion
[Sun Jun 22 02:27:28 2025] ORDER_DELETED: Person=孙乾 (ID:36), Order=搜寻 (ID:3), City=徐州 (ID:13), Target=Person ID 202 (ID:202)
[Sun Jun 22 02:27:28 2025] ORDER_EXECUTED: Person=简雍 (ID:33), Order=招揽 (ID:16), City=小沛 (ID:17), Target=零陵 (ID:35)
[Sun Jun 22 02:27:28 2025] PERSON_RETURNED: Person=简雍 (ID:33), City=小沛 (ID:17), Reason=Order Completion
[Sun Jun 22 02:27:28 2025] ORDER_DELETED: Person=简雍 (ID:33), Order=招揽 (ID:16), City=小沛 (ID:17), Target=零陵 (ID:35)
[Sun Jun 22 02:27:28 2025] ORDER_EXECUTED: Person=糜竺 (ID:37), Order=招揽 (ID:16), City=小沛 (ID:17), Target=Person ID 87 (ID:87)
[Sun Jun 22 02:27:28 2025] PERSON_RETURNED: Person=糜竺 (ID:37), City=小沛 (ID:17), Reason=Order Completion
[Sun Jun 22 02:27:28 2025] ORDER_DELETED: Person=糜竺 (ID:37), Order=招揽 (ID:16), City=小沛 (ID:17), Target=Person ID 87 (ID:87)
[Sun Jun 22 02:27:28 2025] ORDER_EXECUTED: Person=糜芳 (ID:38), Order=招揽 (ID:16), City=小沛 (ID:17), Target=Person ID 115 (ID:115)
[Sun Jun 22 02:27:28 2025] PERSON_RETURNED: Person=糜芳 (ID:38), City=小沛 (ID:17), Reason=Order Completion
[Sun Jun 22 02:27:28 2025] ORDER_DELETED: Person=糜芳 (ID:38), Order=招揽 (ID:16), City=小沛 (ID:17), Target=Person ID 115 (ID:115)
[Sun Jun 22 02:27:28 2025] GAME_TURN: Year=61444, Month=6
[Sun Jun 22 02:27:29 2025] COMPUTER_TACTIC: City=西凉 (ID:0), Tactic=Armament
[Sun Jun 22 02:27:29 2025] COMPUTER_TACTIC: City=北平 (ID:1), Tactic=Armament
[Sun Jun 22 02:27:29 2025] COMPUTER_TACTIC: City=襄平 (ID:2), Tactic=Diplomatism
[Sun Jun 22 02:27:29 2025] COMPUTER_TACTIC: City=安定 (ID:3), Tactic=Interior
[Sun Jun 22 02:27:29 2025] COMPUTER_TACTIC: City=晋阳 (ID:4), Tactic=Armament
[Sun Jun 22 02:27:29 2025] COMPUTER_TACTIC: City=平原 (ID:5), Tactic=Armament
[Sun Jun 22 02:27:29 2025] COMPUTER_TACTIC: City=南皮 (ID:6), Tactic=Armament
[Sun Jun 22 02:27:29 2025] COMPUTER_TACTIC: City=北海 (ID:7), Tactic=Interior
[Sun Jun 22 02:27:29 2025] COMPUTER_TACTIC: City=天水 (ID:8), Tactic=Armament
[Sun Jun 22 02:27:29 2025] COMPUTER_TACTIC: City=河内 (ID:9), Tactic=Interior
[Sun Jun 22 02:27:29 2025] COMPUTER_TACTIC: City=长安 (ID:10), Tactic=Interior
[Sun Jun 22 02:27:29 2025] COMPUTER_TACTIC: City= (ID:11), Tactic=Armament
[Sun Jun 22 02:27:29 2025] COMPUTER_TACTIC: City=濮阳 (ID:12), Tactic=Armament
[Sun Jun 22 02:27:29 2025] COMPUTER_TACTIC: City=汉中 (ID:14), Tactic=Interior
[Sun Jun 22 02:27:29 2025] COMPUTER_TACTIC: City=许昌 (ID:16), Tactic=Diplomatism
[Sun Jun 22 02:27:29 2025] ORDER_CREATED: Person=简雍 (ID:33), Order=招揽 (ID:16), City=小沛 (ID:17), Target=Person ID 70 (ID:70)
[Sun Jun 22 02:27:29 2025] PERSON_REMOVED: Person=简雍 (ID:33), City=小沛 (ID:17), Reason=Order Assignment
[Sun Jun 22 02:27:29 2025] ORDER_CREATED: Person=糜竺 (ID:37), Order=招揽 (ID:16), City=小沛 (ID:17), Target=Person ID 94 (ID:94)
[Sun Jun 22 02:27:29 2025] PERSON_REMOVED: Person=糜竺 (ID:37), City=小沛 (ID:17), Reason=Order Assignment
[Sun Jun 22 02:27:29 2025] ORDER_CREATED: Person=糜芳 (ID:38), Order=招揽 (ID:16), City=小沛 (ID:17), Target=Person ID 62 (ID:62)
[Sun Jun 22 02:27:29 2025] PERSON_REMOVED: Person=糜芳 (ID:38), City=小沛 (ID:17), Reason=Order Assignment
[Sun Jun 22 02:27:29 2025] COMPUTER_TACTIC: City=小沛 (ID:17), Tactic=AI_Diplomatism
[Sun Jun 22 02:27:29 2025] COMPUTER_TACTIC: City=梓潼 (ID:19), Tactic=Diplomatism
[Sun Jun 22 02:27:29 2025] COMPUTER_TACTIC: City=宛城 (ID:20), Tactic=Armament
[Sun Jun 22 02:27:29 2025] COMPUTER_TACTIC: City=寿春 (ID:21), Tactic=Diplomatism
[Sun Jun 22 02:27:29 2025] COMPUTER_TACTIC: City=建业 (ID:22), Tactic=Interior
[Sun Jun 22 02:27:29 2025] COMPUTER_TACTIC: City= (ID:23), Tactic=Diplomatism
[Sun Jun 22 02:27:29 2025] COMPUTER_TACTIC: City=成都 (ID:24), Tactic=Armament
[Sun Jun 22 02:27:29 2025] COMPUTER_TACTIC: City=棉竹 (ID:25), Tactic=Diplomatism
[Sun Jun 22 02:27:29 2025] COMPUTER_TACTIC: City=襄阳 (ID:26), Tactic=Armament
[Sun Jun 22 02:27:29 2025] COMPUTER_TACTIC: City=江夏 (ID:27), Tactic=Armament
[Sun Jun 22 02:27:29 2025] COMPUTER_TACTIC: City=巴郡 (ID:31), Tactic=Armament
[Sun Jun 22 02:27:29 2025] COMPUTER_TACTIC: City=长沙 (ID:33), Tactic=Interior
[Sun Jun 22 02:27:29 2025] COMPUTER_TACTIC: City=建宁 (ID:37), Tactic=Interior
[Sun Jun 22 02:27:29 2025] ORDER_EXECUTED: Person=简雍 (ID:33), Order=招揽 (ID:16), City=小沛 (ID:17), Target=Person ID 70 (ID:70)
[Sun Jun 22 02:27:29 2025] PERSON_RETURNED: Person=简雍 (ID:33), City=小沛 (ID:17), Reason=Order Completion
[Sun Jun 22 02:27:29 2025] ORDER_DELETED: Person=简雍 (ID:33), Order=招揽 (ID:16), City=小沛 (ID:17), Target=Person ID 70 (ID:70)
[Sun Jun 22 02:27:29 2025] ORDER_EXECUTED: Person=糜竺 (ID:37), Order=招揽 (ID:16), City=小沛 (ID:17), Target=Person ID 94 (ID:94)
[Sun Jun 22 02:27:29 2025] PERSON_RETURNED: Person=糜竺 (ID:37), City=小沛 (ID:17), Reason=Order Completion
[Sun Jun 22 02:27:29 2025] ORDER_DELETED: Person=糜竺 (ID:37), Order=招揽 (ID:16), City=小沛 (ID:17), Target=Person ID 94 (ID:94)
[Sun Jun 22 02:27:29 2025] ORDER_EXECUTED: Person=糜芳 (ID:38), Order=招揽 (ID:16), City=小沛 (ID:17), Target=Person ID 62 (ID:62)
[Sun Jun 22 02:27:29 2025] PERSON_RETURNED: Person=糜芳 (ID:38), City=小沛 (ID:17), Reason=Order Completion
[Sun Jun 22 02:27:29 2025] ORDER_DELETED: Person=糜芳 (ID:38), Order=招揽 (ID:16), City=小沛 (ID:17), Target=Person ID 62 (ID:62)
[Sun Jun 22 02:27:29 2025] GAME_TURN: Year=61444, Month=7
[Sun Jun 22 02:27:30 2025] COMPUTER_TACTIC: City=西凉 (ID:0), Tactic=Diplomatism
[Sun Jun 22 02:27:30 2025] COMPUTER_TACTIC: City=北平 (ID:1), Tactic=Armament
[Sun Jun 22 02:27:30 2025] COMPUTER_TACTIC: City=襄平 (ID:2), Tactic=Interior
[Sun Jun 22 02:27:30 2025] COMPUTER_TACTIC: City=安定 (ID:3), Tactic=Armament
[Sun Jun 22 02:27:30 2025] COMPUTER_TACTIC: City=晋阳 (ID:4), Tactic=Diplomatism
[Sun Jun 22 02:27:30 2025] COMPUTER_TACTIC: City=平原 (ID:5), Tactic=Armament
[Sun Jun 22 02:27:30 2025] COMPUTER_TACTIC: City=南皮 (ID:6), Tactic=Armament
[Sun Jun 22 02:27:30 2025] COMPUTER_TACTIC: City=北海 (ID:7), Tactic=Diplomatism
[Sun Jun 22 02:27:30 2025] COMPUTER_TACTIC: City=天水 (ID:8), Tactic=Interior
[Sun Jun 22 02:27:30 2025] COMPUTER_TACTIC: City=河内 (ID:9), Tactic=Interior
[Sun Jun 22 02:27:30 2025] COMPUTER_TACTIC: City=长安 (ID:10), Tactic=Interior
[Sun Jun 22 02:27:30 2025] COMPUTER_TACTIC: City= (ID:11), Tactic=Armament
[Sun Jun 22 02:27:30 2025] COMPUTER_TACTIC: City=濮阳 (ID:12), Tactic=Interior
[Sun Jun 22 02:27:30 2025] COMPUTER_TACTIC: City=汉中 (ID:14), Tactic=Armament
[Sun Jun 22 02:27:30 2025] COMPUTER_TACTIC: City=许昌 (ID:16), Tactic=Armament
[Sun Jun 22 02:27:30 2025] ORDER_CREATED: Person=陈登 (ID:35), Order=招揽 (ID:16), City=下邳 (ID:18), Target=Person ID 75 (ID:75)
[Sun Jun 22 02:27:30 2025] PERSON_REMOVED: Person=陈登 (ID:35), City=下邳 (ID:18), Reason=Order Assignment
[Sun Jun 22 02:27:30 2025] ORDER_CREATED: Person=曹豹 (ID:39), Order=招揽 (ID:16), City=下邳 (ID:18), Target=Person ID 68 (ID:68)
[Sun Jun 22 02:27:30 2025] PERSON_REMOVED: Person=曹豹 (ID:39), City=下邳 (ID:18), Reason=Order Assignment
[Sun Jun 22 02:27:30 2025] COMPUTER_TACTIC: City=下邳 (ID:18), Tactic=AI_Diplomatism
[Sun Jun 22 02:27:30 2025] COMPUTER_TACTIC: City=梓潼 (ID:19), Tactic=Interior
[Sun Jun 22 02:27:30 2025] COMPUTER_TACTIC: City=宛城 (ID:20), Tactic=Armament
[Sun Jun 22 02:27:30 2025] COMPUTER_TACTIC: City=寿春 (ID:21), Tactic=Armament
[Sun Jun 22 02:27:30 2025] COMPUTER_TACTIC: City=建业 (ID:22), Tactic=Armament
[Sun Jun 22 02:27:30 2025] COMPUTER_TACTIC: City= (ID:23), Tactic=Armament
[Sun Jun 22 02:27:30 2025] COMPUTER_TACTIC: City=成都 (ID:24), Tactic=Interior
[Sun Jun 22 02:27:30 2025] COMPUTER_TACTIC: City=棉竹 (ID:25), Tactic=Diplomatism
[Sun Jun 22 02:27:30 2025] COMPUTER_TACTIC: City=襄阳 (ID:26), Tactic=Armament
[Sun Jun 22 02:27:30 2025] COMPUTER_TACTIC: City=江夏 (ID:27), Tactic=Armament
[Sun Jun 22 02:27:30 2025] COMPUTER_TACTIC: City=巴郡 (ID:31), Tactic=Diplomatism
[Sun Jun 22 02:27:30 2025] COMPUTER_TACTIC: City=长沙 (ID:33), Tactic=Armament
[Sun Jun 22 02:27:30 2025] COMPUTER_TACTIC: City=建宁 (ID:37), Tactic=Armament
[Sun Jun 22 02:27:30 2025] ORDER_EXECUTED: Person=陈登 (ID:35), Order=招揽 (ID:16), City=下邳 (ID:18), Target=Person ID 75 (ID:75)
[Sun Jun 22 02:27:30 2025] PERSON_RETURNED: Person=陈登 (ID:35), City=下邳 (ID:18), Reason=Order Completion
[Sun Jun 22 02:27:30 2025] ORDER_DELETED: Person=陈登 (ID:35), Order=招揽 (ID:16), City=下邳 (ID:18), Target=Person ID 75 (ID:75)
[Sun Jun 22 02:27:30 2025] ORDER_EXECUTED: Person=曹豹 (ID:39), Order=招揽 (ID:16), City=下邳 (ID:18), Target=Person ID 68 (ID:68)
[Sun Jun 22 02:27:30 2025] PERSON_RETURNED: Person=曹豹 (ID:39), City=下邳 (ID:18), Reason=Order Completion
[Sun Jun 22 02:27:30 2025] ORDER_DELETED: Person=曹豹 (ID:39), Order=招揽 (ID:16), City=下邳 (ID:18), Target=Person ID 68 (ID:68)
[Sun Jun 22 02:27:30 2025] GAME_TURN: Year=61444, Month=8
[Sun Jun 22 02:27:31 2025] COMPUTER_TACTIC: City=西凉 (ID:0), Tactic=Armament
[Sun Jun 22 02:27:31 2025] COMPUTER_TACTIC: City=北平 (ID:1), Tactic=Armament
[Sun Jun 22 02:27:31 2025] COMPUTER_TACTIC: City=襄平 (ID:2), Tactic=Armament
[Sun Jun 22 02:27:31 2025] COMPUTER_TACTIC: City=安定 (ID:3), Tactic=Armament
[Sun Jun 22 02:27:31 2025] COMPUTER_TACTIC: City=晋阳 (ID:4), Tactic=Interior
[Sun Jun 22 02:27:31 2025] COMPUTER_TACTIC: City=平原 (ID:5), Tactic=Armament
[Sun Jun 22 02:27:31 2025] COMPUTER_TACTIC: City=南皮 (ID:6), Tactic=Armament
[Sun Jun 22 02:27:31 2025] COMPUTER_TACTIC: City=北海 (ID:7), Tactic=Interior
[Sun Jun 22 02:27:31 2025] COMPUTER_TACTIC: City=天水 (ID:8), Tactic=Armament
[Sun Jun 22 02:27:31 2025] COMPUTER_TACTIC: City=河内 (ID:9), Tactic=Armament
[Sun Jun 22 02:27:31 2025] COMPUTER_TACTIC: City=长安 (ID:10), Tactic=Interior
[Sun Jun 22 02:27:31 2025] COMPUTER_TACTIC: City= (ID:11), Tactic=Interior
[Sun Jun 22 02:27:31 2025] COMPUTER_TACTIC: City=濮阳 (ID:12), Tactic=Armament
[Sun Jun 22 02:27:31 2025] ORDER_CREATED: Person=刘备 (ID:2), Order=出巡 (ID:5), City=徐州 (ID:13)
[Sun Jun 22 02:27:31 2025] PERSON_REMOVED: Person=刘备 (ID:2), City=徐州 (ID:13), Reason=Order Assignment
[Sun Jun 22 02:27:31 2025] ORDER_CREATED: Person=关羽 (ID:31), Order=出巡 (ID:5), City=徐州 (ID:13)
[Sun Jun 22 02:27:31 2025] PERSON_REMOVED: Person=关羽 (ID:31), City=徐州 (ID:13), Reason=Order Assignment
[Sun Jun 22 02:27:31 2025] ORDER_CREATED: Person=张飞 (ID:32), Order=开垦 (ID:1), City=徐州 (ID:13)
[Sun Jun 22 02:27:31 2025] PERSON_REMOVED: Person=张飞 (ID:32), City=徐州 (ID:13), Reason=Order Assignment
[Sun Jun 22 02:27:31 2025] ORDER_CREATED: Person=陈圭 (ID:34), Order=招商 (ID:2), City=徐州 (ID:13)
[Sun Jun 22 02:27:31 2025] PERSON_REMOVED: Person=陈圭 (ID:34), City=徐州 (ID:13), Reason=Order Assignment
[Sun Jun 22 02:27:31 2025] ORDER_CREATED: Person=孙乾 (ID:36), Order=治理 (ID:4), City=徐州 (ID:13)
[Sun Jun 22 02:27:31 2025] PERSON_REMOVED: Person=孙乾 (ID:36), City=徐州 (ID:13), Reason=Order Assignment
[Sun Jun 22 02:27:31 2025] COMPUTER_TACTIC: City=徐州 (ID:13), Tactic=Interior
[Sun Jun 22 02:27:31 2025] COMPUTER_TACTIC: City=汉中 (ID:14), Tactic=Interior
[Sun Jun 22 02:27:31 2025] COMPUTER_TACTIC: City=许昌 (ID:16), Tactic=Diplomatism
[Sun Jun 22 02:27:31 2025] COMPUTER_TACTIC: City=梓潼 (ID:19), Tactic=Interior
[Sun Jun 22 02:27:31 2025] COMPUTER_TACTIC: City=宛城 (ID:20), Tactic=Armament
[Sun Jun 22 02:27:31 2025] COMPUTER_TACTIC: City=寿春 (ID:21), Tactic=Armament
[Sun Jun 22 02:27:31 2025] COMPUTER_TACTIC: City=建业 (ID:22), Tactic=Interior
[Sun Jun 22 02:27:31 2025] COMPUTER_TACTIC: City= (ID:23), Tactic=Armament
[Sun Jun 22 02:27:31 2025] COMPUTER_TACTIC: City=成都 (ID:24), Tactic=Interior
[Sun Jun 22 02:27:31 2025] COMPUTER_TACTIC: City=棉竹 (ID:25), Tactic=Interior
[Sun Jun 22 02:27:31 2025] COMPUTER_TACTIC: City=襄阳 (ID:26), Tactic=Interior
[Sun Jun 22 02:27:31 2025] COMPUTER_TACTIC: City=江夏 (ID:27), Tactic=Interior
[Sun Jun 22 02:27:31 2025] COMPUTER_TACTIC: City=巴郡 (ID:31), Tactic=Diplomatism
[Sun Jun 22 02:27:31 2025] COMPUTER_TACTIC: City=长沙 (ID:33), Tactic=Interior
[Sun Jun 22 02:27:31 2025] COMPUTER_TACTIC: City=建宁 (ID:37), Tactic=Armament
[Sun Jun 22 02:27:31 2025] ORDER_EXECUTED: Person=刘备 (ID:2), Order=出巡 (ID:5), City=徐州 (ID:13)
[Sun Jun 22 02:27:31 2025] PERSON_RETURNED: Person=刘备 (ID:2), City=徐州 (ID:13), Reason=Order Completion
[Sun Jun 22 02:27:31 2025] ORDER_DELETED: Person=刘备 (ID:2), Order=出巡 (ID:5), City=徐州 (ID:13)
[Sun Jun 22 02:27:31 2025] ORDER_EXECUTED: Person=关羽 (ID:31), Order=出巡 (ID:5), City=徐州 (ID:13)
[Sun Jun 22 02:27:31 2025] PERSON_RETURNED: Person=关羽 (ID:31), City=徐州 (ID:13), Reason=Order Completion
[Sun Jun 22 02:27:31 2025] ORDER_DELETED: Person=关羽 (ID:31), Order=出巡 (ID:5), City=徐州 (ID:13)
[Sun Jun 22 02:27:31 2025] ORDER_EXECUTED: Person=张飞 (ID:32), Order=开垦 (ID:1), City=徐州 (ID:13)
[Sun Jun 22 02:27:31 2025] PERSON_RETURNED: Person=张飞 (ID:32), City=徐州 (ID:13), Reason=Order Completion
[Sun Jun 22 02:27:31 2025] ORDER_DELETED: Person=张飞 (ID:32), Order=开垦 (ID:1), City=徐州 (ID:13)
[Sun Jun 22 02:27:31 2025] ORDER_EXECUTED: Person=陈圭 (ID:34), Order=招商 (ID:2), City=徐州 (ID:13)
[Sun Jun 22 02:27:31 2025] PERSON_RETURNED: Person=陈圭 (ID:34), City=徐州 (ID:13), Reason=Order Completion
[Sun Jun 22 02:27:31 2025] ORDER_DELETED: Person=陈圭 (ID:34), Order=招商 (ID:2), City=徐州 (ID:13)
[Sun Jun 22 02:27:31 2025] ORDER_EXECUTED: Person=孙乾 (ID:36), Order=治理 (ID:4), City=徐州 (ID:13)
[Sun Jun 22 02:27:31 2025] PERSON_RETURNED: Person=孙乾 (ID:36), City=徐州 (ID:13), Reason=Order Completion
[Sun Jun 22 02:27:31 2025] ORDER_DELETED: Person=孙乾 (ID:36), Order=治理 (ID:4), City=徐州 (ID:13)
[Sun Jun 22 02:27:32 2025] GAME_TURN: Year=61444, Month=9
[Sun Jun 22 02:27:33 2025] COMPUTER_TACTIC: City=西凉 (ID:0), Tactic=Armament
[Sun Jun 22 02:27:33 2025] COMPUTER_TACTIC: City=北平 (ID:1), Tactic=Armament
[Sun Jun 22 02:27:33 2025] COMPUTER_TACTIC: City=襄平 (ID:2), Tactic=Diplomatism
[Sun Jun 22 02:27:33 2025] COMPUTER_TACTIC: City=安定 (ID:3), Tactic=Armament
[Sun Jun 22 02:27:33 2025] COMPUTER_TACTIC: City=晋阳 (ID:4), Tactic=Armament
[Sun Jun 22 02:27:33 2025] COMPUTER_TACTIC: City=平原 (ID:5), Tactic=Interior
[Sun Jun 22 02:27:33 2025] COMPUTER_TACTIC: City=南皮 (ID:6), Tactic=Diplomatism
[Sun Jun 22 02:27:33 2025] COMPUTER_TACTIC: City=北海 (ID:7), Tactic=Armament
[Sun Jun 22 02:27:33 2025] COMPUTER_TACTIC: City=天水 (ID:8), Tactic=Armament
[Sun Jun 22 02:27:33 2025] COMPUTER_TACTIC: City=河内 (ID:9), Tactic=Diplomatism
[Sun Jun 22 02:27:33 2025] COMPUTER_TACTIC: City=长安 (ID:10), Tactic=Interior
[Sun Jun 22 02:27:33 2025] COMPUTER_TACTIC: City= (ID:11), Tactic=Armament
[Sun Jun 22 02:27:33 2025] COMPUTER_TACTIC: City=濮阳 (ID:12), Tactic=Interior
[Sun Jun 22 02:27:33 2025] ORDER_CREATED: Person=刘备 (ID:2), Order=未知命令 (ID:144), City=徐州 (ID:13)
[Sun Jun 22 02:27:33 2025] PERSON_REMOVED: Person=刘备 (ID:2), City=徐州 (ID:13), Reason=Order Assignment
[Sun Jun 22 02:27:33 2025] ORDER_CREATED: Person=关羽 (ID:31), Order=未知命令 (ID:144), City=徐州 (ID:13)
[Sun Jun 22 02:27:33 2025] PERSON_REMOVED: Person=关羽 (ID:31), City=徐州 (ID:13), Reason=Order Assignment
[Sun Jun 22 02:27:33 2025] ORDER_CREATED: Person=张飞 (ID:32), Order=招商 (ID:2), City=徐州 (ID:13)
[Sun Jun 22 02:27:33 2025] PERSON_REMOVED: Person=张飞 (ID:32), City=徐州 (ID:13), Reason=Order Assignment
[Sun Jun 22 02:27:33 2025] ORDER_CREATED: Person=陈圭 (ID:34), Order=招商 (ID:2), City=徐州 (ID:13)
[Sun Jun 22 02:27:33 2025] PERSON_REMOVED: Person=陈圭 (ID:34), City=徐州 (ID:13), Reason=Order Assignment
[Sun Jun 22 02:27:33 2025] ORDER_CREATED: Person=孙乾 (ID:36), Order=治理 (ID:4), City=徐州 (ID:13)
[Sun Jun 22 02:27:33 2025] PERSON_REMOVED: Person=孙乾 (ID:36), City=徐州 (ID:13), Reason=Order Assignment
[Sun Jun 22 02:27:33 2025] COMPUTER_TACTIC: City=徐州 (ID:13), Tactic=Interior
[Sun Jun 22 02:27:33 2025] COMPUTER_TACTIC: City=汉中 (ID:14), Tactic=Interior
[Sun Jun 22 02:27:33 2025] COMPUTER_TACTIC: City=许昌 (ID:16), Tactic=Diplomatism
[Sun Jun 22 02:27:33 2025] COMPUTER_TACTIC: City=梓潼 (ID:19), Tactic=Interior
[Sun Jun 22 02:27:33 2025] COMPUTER_TACTIC: City=宛城 (ID:20), Tactic=Armament
[Sun Jun 22 02:27:33 2025] COMPUTER_TACTIC: City=寿春 (ID:21), Tactic=Interior
[Sun Jun 22 02:27:33 2025] COMPUTER_TACTIC: City=建业 (ID:22), Tactic=Interior
[Sun Jun 22 02:27:33 2025] COMPUTER_TACTIC: City= (ID:23), Tactic=Armament
[Sun Jun 22 02:27:33 2025] COMPUTER_TACTIC: City=成都 (ID:24), Tactic=Interior
[Sun Jun 22 02:27:33 2025] COMPUTER_TACTIC: City=棉竹 (ID:25), Tactic=Armament
[Sun Jun 22 02:27:33 2025] COMPUTER_TACTIC: City=襄阳 (ID:26), Tactic=Diplomatism
[Sun Jun 22 02:27:33 2025] COMPUTER_TACTIC: City=江夏 (ID:27), Tactic=Interior
[Sun Jun 22 02:27:33 2025] COMPUTER_TACTIC: City=巴郡 (ID:31), Tactic=Interior
[Sun Jun 22 02:27:33 2025] COMPUTER_TACTIC: City=长沙 (ID:33), Tactic=Armament
[Sun Jun 22 02:27:33 2025] COMPUTER_TACTIC: City=建宁 (ID:37), Tactic=Armament
[Sun Jun 22 02:27:33 2025] ORDER_EXECUTED: Person=刘备 (ID:2), Order=未知命令 (ID:144), City=徐州 (ID:13)
[Sun Jun 22 02:27:33 2025] ORDER_DELETED: Person=刘备 (ID:2), Order=未知命令 (ID:144), City=徐州 (ID:13)
[Sun Jun 22 02:27:33 2025] ORDER_EXECUTED: Person=关羽 (ID:31), Order=未知命令 (ID:144), City=徐州 (ID:13)
[Sun Jun 22 02:27:33 2025] ORDER_DELETED: Person=关羽 (ID:31), Order=未知命令 (ID:144), City=徐州 (ID:13)
[Sun Jun 22 02:27:33 2025] ORDER_EXECUTED: Person=张飞 (ID:32), Order=招商 (ID:2), City=徐州 (ID:13)
[Sun Jun 22 02:27:33 2025] PERSON_RETURNED: Person=张飞 (ID:32), City=徐州 (ID:13), Reason=Order Completion
[Sun Jun 22 02:27:33 2025] ORDER_DELETED: Person=张飞 (ID:32), Order=招商 (ID:2), City=徐州 (ID:13)
[Sun Jun 22 02:27:33 2025] ORDER_EXECUTED: Person=陈圭 (ID:34), Order=招商 (ID:2), City=徐州 (ID:13)
[Sun Jun 22 02:27:33 2025] PERSON_RETURNED: Person=陈圭 (ID:34), City=徐州 (ID:13), Reason=Order Completion
[Sun Jun 22 02:27:33 2025] ORDER_DELETED: Person=陈圭 (ID:34), Order=招商 (ID:2), City=徐州 (ID:13)
[Sun Jun 22 02:27:33 2025] ORDER_EXECUTED: Person=孙乾 (ID:36), Order=治理 (ID:4), City=徐州 (ID:13)
[Sun Jun 22 02:27:33 2025] PERSON_RETURNED: Person=孙乾 (ID:36), City=徐州 (ID:13), Reason=Order Completion
[Sun Jun 22 02:27:33 2025] ORDER_DELETED: Person=孙乾 (ID:36), Order=治理 (ID:4), City=徐州 (ID:13)
[Sun Jun 22 02:27:33 2025] GAME_TURN: Year=61444, Month=10
[Sun Jun 22 02:34:58 2025] COMPUTER_TACTIC: City=西凉 (ID:0), Tactic=Armament
[Sun Jun 22 02:34:58 2025] COMPUTER_TACTIC: City=北平 (ID:1), Tactic=Interior
[Sun Jun 22 02:34:58 2025] COMPUTER_TACTIC: City=襄平 (ID:2), Tactic=Diplomatism
[Sun Jun 22 02:34:58 2025] COMPUTER_TACTIC: City=安定 (ID:3), Tactic=Armament
[Sun Jun 22 02:34:58 2025] COMPUTER_TACTIC: City=晋阳 (ID:4), Tactic=Armament
[Sun Jun 22 02:34:58 2025] COMPUTER_TACTIC: City=平原 (ID:5), Tactic=Armament
[Sun Jun 22 02:34:58 2025] COMPUTER_TACTIC: City=南皮 (ID:6), Tactic=Interior
[Sun Jun 22 02:34:58 2025] COMPUTER_TACTIC: City=北海 (ID:7), Tactic=Armament
[Sun Jun 22 02:34:58 2025] COMPUTER_TACTIC: City=天水 (ID:8), Tactic=Armament
[Sun Jun 22 02:34:58 2025] COMPUTER_TACTIC: City=河内 (ID:9), Tactic=Interior
[Sun Jun 22 02:34:58 2025] COMPUTER_TACTIC: City=长安 (ID:10), Tactic=Interior
[Sun Jun 22 02:34:58 2025] COMPUTER_TACTIC: City= (ID:11), Tactic=Diplomatism
[Sun Jun 22 02:34:58 2025] COMPUTER_TACTIC: City=濮阳 (ID:12), Tactic=Interior
[Sun Jun 22 02:34:58 2025] ORDER_CREATED: Person=刘备 (ID:2), Order=开垦 (ID:1), City=徐州 (ID:13)
[Sun Jun 22 02:34:58 2025] PERSON_REMOVED: Person=刘备 (ID:2), City=徐州 (ID:13), Reason=Order Assignment
[Sun Jun 22 02:34:58 2025] ORDER_CREATED: Person=关羽 (ID:31), Order=开垦 (ID:1), City=徐州 (ID:13)
[Sun Jun 22 02:34:58 2025] PERSON_REMOVED: Person=关羽 (ID:31), City=徐州 (ID:13), Reason=Order Assignment
[Sun Jun 22 02:34:58 2025] ORDER_CREATED: Person=张飞 (ID:32), Order=开垦 (ID:1), City=徐州 (ID:13)
[Sun Jun 22 02:34:58 2025] PERSON_REMOVED: Person=张飞 (ID:32), City=徐州 (ID:13), Reason=Order Assignment
[Sun Jun 22 02:34:58 2025] ORDER_CREATED: Person=陈圭 (ID:34), Order=开垦 (ID:1), City=徐州 (ID:13)
[Sun Jun 22 02:34:58 2025] PERSON_REMOVED: Person=陈圭 (ID:34), City=徐州 (ID:13), Reason=Order Assignment
[Sun Jun 22 02:34:58 2025] ORDER_CREATED: Person=孙乾 (ID:36), Order=开垦 (ID:1), City=徐州 (ID:13)
[Sun Jun 22 02:34:58 2025] PERSON_REMOVED: Person=孙乾 (ID:36), City=徐州 (ID:13), Reason=Order Assignment
[Sun Jun 22 02:34:58 2025] COMPUTER_TACTIC: City=汉中 (ID:14), Tactic=Interior
[Sun Jun 22 02:34:58 2025] COMPUTER_TACTIC: City=许昌 (ID:16), Tactic=Interior
[Sun Jun 22 02:34:58 2025] ORDER_CREATED: Person=简雍 (ID:33), Order=开垦 (ID:1), City=小沛 (ID:17)
[Sun Jun 22 02:34:58 2025] PERSON_REMOVED: Person=简雍 (ID:33), City=小沛 (ID:17), Reason=Order Assignment
[Sun Jun 22 02:34:58 2025] ORDER_CREATED: Person=糜竺 (ID:37), Order=开垦 (ID:1), City=小沛 (ID:17)
[Sun Jun 22 02:34:58 2025] PERSON_REMOVED: Person=糜竺 (ID:37), City=小沛 (ID:17), Reason=Order Assignment
[Sun Jun 22 02:34:58 2025] ORDER_CREATED: Person=糜芳 (ID:38), Order=开垦 (ID:1), City=小沛 (ID:17)
[Sun Jun 22 02:34:58 2025] PERSON_REMOVED: Person=糜芳 (ID:38), City=小沛 (ID:17), Reason=Order Assignment
[Sun Jun 22 02:34:58 2025] ORDER_CREATED: Person=陈登 (ID:35), Order=开垦 (ID:1), City=下邳 (ID:18)
[Sun Jun 22 02:34:58 2025] PERSON_REMOVED: Person=陈登 (ID:35), City=下邳 (ID:18), Reason=Order Assignment
[Sun Jun 22 02:34:58 2025] ORDER_CREATED: Person=曹豹 (ID:39), Order=开垦 (ID:1), City=下邳 (ID:18)
[Sun Jun 22 02:34:58 2025] PERSON_REMOVED: Person=曹豹 (ID:39), City=下邳 (ID:18), Reason=Order Assignment
[Sun Jun 22 02:34:58 2025] COMPUTER_TACTIC: City=梓潼 (ID:19), Tactic=Interior
[Sun Jun 22 02:34:58 2025] COMPUTER_TACTIC: City=宛城 (ID:20), Tactic=Diplomatism
[Sun Jun 22 02:34:58 2025] COMPUTER_TACTIC: City=寿春 (ID:21), Tactic=Interior
[Sun Jun 22 02:34:58 2025] COMPUTER_TACTIC: City=建业 (ID:22), Tactic=Armament
[Sun Jun 22 02:34:58 2025] COMPUTER_TACTIC: City= (ID:23), Tactic=Armament
[Sun Jun 22 02:34:58 2025] COMPUTER_TACTIC: City=成都 (ID:24), Tactic=Diplomatism
[Sun Jun 22 02:34:58 2025] COMPUTER_TACTIC: City=棉竹 (ID:25), Tactic=Armament
[Sun Jun 22 02:34:58 2025] COMPUTER_TACTIC: City=襄阳 (ID:26), Tactic=Armament
[Sun Jun 22 02:34:58 2025] COMPUTER_TACTIC: City=江夏 (ID:27), Tactic=Armament
[Sun Jun 22 02:34:58 2025] COMPUTER_TACTIC: City=巴郡 (ID:31), Tactic=Diplomatism
[Sun Jun 22 02:34:58 2025] COMPUTER_TACTIC: City=长沙 (ID:33), Tactic=Armament
[Sun Jun 22 02:34:58 2025] COMPUTER_TACTIC: City=建宁 (ID:37), Tactic=Armament
[Sun Jun 22 02:34:58 2025] ORDER_EXECUTED: Person=刘备 (ID:2), Order=开垦 (ID:1), City=徐州 (ID:13)
[Sun Jun 22 02:34:58 2025] PERSON_RETURNED: Person=刘备 (ID:2), City=徐州 (ID:13), Reason=Order Completion
[Sun Jun 22 02:34:58 2025] ORDER_DELETED: Person=刘备 (ID:2), Order=开垦 (ID:1), City=徐州 (ID:13)
[Sun Jun 22 02:34:58 2025] ORDER_EXECUTED: Person=关羽 (ID:31), Order=开垦 (ID:1), City=徐州 (ID:13)
[Sun Jun 22 02:34:58 2025] PERSON_RETURNED: Person=关羽 (ID:31), City=徐州 (ID:13), Reason=Order Completion
[Sun Jun 22 02:34:58 2025] ORDER_DELETED: Person=关羽 (ID:31), Order=开垦 (ID:1), City=徐州 (ID:13)
[Sun Jun 22 02:34:58 2025] ORDER_EXECUTED: Person=张飞 (ID:32), Order=开垦 (ID:1), City=徐州 (ID:13)
[Sun Jun 22 02:34:58 2025] PERSON_RETURNED: Person=张飞 (ID:32), City=徐州 (ID:13), Reason=Order Completion
[Sun Jun 22 02:34:58 2025] ORDER_DELETED: Person=张飞 (ID:32), Order=开垦 (ID:1), City=徐州 (ID:13)
[Sun Jun 22 02:34:58 2025] ORDER_EXECUTED: Person=陈圭 (ID:34), Order=开垦 (ID:1), City=徐州 (ID:13)
[Sun Jun 22 02:34:58 2025] PERSON_RETURNED: Person=陈圭 (ID:34), City=徐州 (ID:13), Reason=Order Completion
[Sun Jun 22 02:34:58 2025] ORDER_DELETED: Person=陈圭 (ID:34), Order=开垦 (ID:1), City=徐州 (ID:13)
[Sun Jun 22 02:34:58 2025] ORDER_EXECUTED: Person=孙乾 (ID:36), Order=开垦 (ID:1), City=徐州 (ID:13)
[Sun Jun 22 02:34:58 2025] PERSON_RETURNED: Person=孙乾 (ID:36), City=徐州 (ID:13), Reason=Order Completion
[Sun Jun 22 02:34:58 2025] ORDER_DELETED: Person=孙乾 (ID:36), Order=开垦 (ID:1), City=徐州 (ID:13)
[Sun Jun 22 02:34:58 2025] ORDER_EXECUTED: Person=简雍 (ID:33), Order=开垦 (ID:1), City=小沛 (ID:17)
[Sun Jun 22 02:34:58 2025] PERSON_RETURNED: Person=简雍 (ID:33), City=小沛 (ID:17), Reason=Order Completion
[Sun Jun 22 02:34:58 2025] ORDER_DELETED: Person=简雍 (ID:33), Order=开垦 (ID:1), City=小沛 (ID:17)
[Sun Jun 22 02:34:58 2025] ORDER_EXECUTED: Person=糜竺 (ID:37), Order=开垦 (ID:1), City=小沛 (ID:17)
[Sun Jun 22 02:34:58 2025] PERSON_RETURNED: Person=糜竺 (ID:37), City=小沛 (ID:17), Reason=Order Completion
[Sun Jun 22 02:34:58 2025] ORDER_DELETED: Person=糜竺 (ID:37), Order=开垦 (ID:1), City=小沛 (ID:17)
[Sun Jun 22 02:34:58 2025] ORDER_EXECUTED: Person=糜芳 (ID:38), Order=开垦 (ID:1), City=小沛 (ID:17)
[Sun Jun 22 02:34:58 2025] PERSON_RETURNED: Person=糜芳 (ID:38), City=小沛 (ID:17), Reason=Order Completion
[Sun Jun 22 02:34:58 2025] ORDER_DELETED: Person=糜芳 (ID:38), Order=开垦 (ID:1), City=小沛 (ID:17)
[Sun Jun 22 02:34:58 2025] ORDER_EXECUTED: Person=陈登 (ID:35), Order=开垦 (ID:1), City=下邳 (ID:18)
[Sun Jun 22 02:34:58 2025] PERSON_RETURNED: Person=陈登 (ID:35), City=下邳 (ID:18), Reason=Order Completion
[Sun Jun 22 02:34:58 2025] ORDER_DELETED: Person=陈登 (ID:35), Order=开垦 (ID:1), City=下邳 (ID:18)
[Sun Jun 22 02:34:58 2025] ORDER_EXECUTED: Person=曹豹 (ID:39), Order=开垦 (ID:1), City=下邳 (ID:18)
[Sun Jun 22 02:34:58 2025] PERSON_RETURNED: Person=曹豹 (ID:39), City=下邳 (ID:18), Reason=Order Completion
[Sun Jun 22 02:34:58 2025] ORDER_DELETED: Person=曹豹 (ID:39), Order=开垦 (ID:1), City=下邳 (ID:18)
[Sun Jun 22 02:34:58 2025] GAME_TURN: Year=61443, Month=2
[Sun Jun 22 02:34:59 2025] COMPUTER_TACTIC: City=西凉 (ID:0), Tactic=Armament
[Sun Jun 22 02:34:59 2025] COMPUTER_TACTIC: City=北平 (ID:1), Tactic=Armament
[Sun Jun 22 02:34:59 2025] COMPUTER_TACTIC: City=襄平 (ID:2), Tactic=Armament
[Sun Jun 22 02:34:59 2025] COMPUTER_TACTIC: City=安定 (ID:3), Tactic=Interior
[Sun Jun 22 02:34:59 2025] COMPUTER_TACTIC: City=晋阳 (ID:4), Tactic=Armament
[Sun Jun 22 02:34:59 2025] COMPUTER_TACTIC: City=平原 (ID:5), Tactic=Armament
[Sun Jun 22 02:34:59 2025] COMPUTER_TACTIC: City=南皮 (ID:6), Tactic=Armament
[Sun Jun 22 02:34:59 2025] COMPUTER_TACTIC: City=北海 (ID:7), Tactic=Interior
[Sun Jun 22 02:34:59 2025] COMPUTER_TACTIC: City=天水 (ID:8), Tactic=Armament
[Sun Jun 22 02:34:59 2025] COMPUTER_TACTIC: City=河内 (ID:9), Tactic=Armament
[Sun Jun 22 02:34:59 2025] COMPUTER_TACTIC: City=长安 (ID:10), Tactic=Armament
[Sun Jun 22 02:34:59 2025] COMPUTER_TACTIC: City= (ID:11), Tactic=Armament
[Sun Jun 22 02:34:59 2025] COMPUTER_TACTIC: City=濮阳 (ID:12), Tactic=Interior
[Sun Jun 22 02:34:59 2025] ORDER_CREATED: Person=刘备 (ID:2), Order=开垦 (ID:1), City=徐州 (ID:13)
[Sun Jun 22 02:34:59 2025] PERSON_REMOVED: Person=刘备 (ID:2), City=徐州 (ID:13), Reason=Order Assignment
[Sun Jun 22 02:34:59 2025] ORDER_CREATED: Person=关羽 (ID:31), Order=开垦 (ID:1), City=徐州 (ID:13)
[Sun Jun 22 02:34:59 2025] PERSON_REMOVED: Person=关羽 (ID:31), City=徐州 (ID:13), Reason=Order Assignment
[Sun Jun 22 02:34:59 2025] ORDER_CREATED: Person=张飞 (ID:32), Order=开垦 (ID:1), City=徐州 (ID:13)
[Sun Jun 22 02:34:59 2025] PERSON_REMOVED: Person=张飞 (ID:32), City=徐州 (ID:13), Reason=Order Assignment
[Sun Jun 22 02:34:59 2025] ORDER_CREATED: Person=陈圭 (ID:34), Order=开垦 (ID:1), City=徐州 (ID:13)
[Sun Jun 22 02:34:59 2025] PERSON_REMOVED: Person=陈圭 (ID:34), City=徐州 (ID:13), Reason=Order Assignment
[Sun Jun 22 02:34:59 2025] ORDER_CREATED: Person=孙乾 (ID:36), Order=开垦 (ID:1), City=徐州 (ID:13)
[Sun Jun 22 02:34:59 2025] PERSON_REMOVED: Person=孙乾 (ID:36), City=徐州 (ID:13), Reason=Order Assignment
[Sun Jun 22 02:34:59 2025] COMPUTER_TACTIC: City=汉中 (ID:14), Tactic=Diplomatism
[Sun Jun 22 02:34:59 2025] COMPUTER_TACTIC: City=许昌 (ID:16), Tactic=Armament
[Sun Jun 22 02:34:59 2025] ORDER_CREATED: Person=简雍 (ID:33), Order=开垦 (ID:1), City=小沛 (ID:17)
[Sun Jun 22 02:34:59 2025] PERSON_REMOVED: Person=简雍 (ID:33), City=小沛 (ID:17), Reason=Order Assignment
[Sun Jun 22 02:34:59 2025] ORDER_CREATED: Person=糜竺 (ID:37), Order=招商 (ID:2), City=小沛 (ID:17)
[Sun Jun 22 02:34:59 2025] PERSON_REMOVED: Person=糜竺 (ID:37), City=小沛 (ID:17), Reason=Order Assignment
[Sun Jun 22 02:34:59 2025] ORDER_CREATED: Person=糜芳 (ID:38), Order=招商 (ID:2), City=小沛 (ID:17)
[Sun Jun 22 02:34:59 2025] PERSON_REMOVED: Person=糜芳 (ID:38), City=小沛 (ID:17), Reason=Order Assignment
[Sun Jun 22 02:34:59 2025] ORDER_CREATED: Person=陈登 (ID:35), Order=开垦 (ID:1), City=下邳 (ID:18)
[Sun Jun 22 02:34:59 2025] PERSON_REMOVED: Person=陈登 (ID:35), City=下邳 (ID:18), Reason=Order Assignment
[Sun Jun 22 02:34:59 2025] ORDER_CREATED: Person=曹豹 (ID:39), Order=开垦 (ID:1), City=下邳 (ID:18)
[Sun Jun 22 02:34:59 2025] PERSON_REMOVED: Person=曹豹 (ID:39), City=下邳 (ID:18), Reason=Order Assignment
[Sun Jun 22 02:34:59 2025] COMPUTER_TACTIC: City=梓潼 (ID:19), Tactic=Diplomatism
[Sun Jun 22 02:34:59 2025] COMPUTER_TACTIC: City=宛城 (ID:20), Tactic=Armament
[Sun Jun 22 02:34:59 2025] COMPUTER_TACTIC: City=寿春 (ID:21), Tactic=Interior
[Sun Jun 22 02:34:59 2025] COMPUTER_TACTIC: City=建业 (ID:22), Tactic=Armament
[Sun Jun 22 02:34:59 2025] COMPUTER_TACTIC: City= (ID:23), Tactic=Armament
[Sun Jun 22 02:34:59 2025] COMPUTER_TACTIC: City=成都 (ID:24), Tactic=Diplomatism
[Sun Jun 22 02:34:59 2025] COMPUTER_TACTIC: City=棉竹 (ID:25), Tactic=Diplomatism
[Sun Jun 22 02:34:59 2025] COMPUTER_TACTIC: City=襄阳 (ID:26), Tactic=Armament
[Sun Jun 22 02:34:59 2025] COMPUTER_TACTIC: City=江夏 (ID:27), Tactic=Armament
[Sun Jun 22 02:34:59 2025] COMPUTER_TACTIC: City=巴郡 (ID:31), Tactic=Diplomatism
[Sun Jun 22 02:34:59 2025] COMPUTER_TACTIC: City=长沙 (ID:33), Tactic=Armament
[Sun Jun 22 02:34:59 2025] COMPUTER_TACTIC: City=建宁 (ID:37), Tactic=Armament
[Sun Jun 22 02:34:59 2025] ORDER_EXECUTED: Person=刘备 (ID:2), Order=开垦 (ID:1), City=徐州 (ID:13)
[Sun Jun 22 02:34:59 2025] PERSON_RETURNED: Person=刘备 (ID:2), City=徐州 (ID:13), Reason=Order Completion
[Sun Jun 22 02:34:59 2025] ORDER_DELETED: Person=刘备 (ID:2), Order=开垦 (ID:1), City=徐州 (ID:13)
[Sun Jun 22 02:34:59 2025] ORDER_EXECUTED: Person=关羽 (ID:31), Order=开垦 (ID:1), City=徐州 (ID:13)
[Sun Jun 22 02:34:59 2025] PERSON_RETURNED: Person=关羽 (ID:31), City=徐州 (ID:13), Reason=Order Completion
[Sun Jun 22 02:34:59 2025] ORDER_DELETED: Person=关羽 (ID:31), Order=开垦 (ID:1), City=徐州 (ID:13)
[Sun Jun 22 02:34:59 2025] ORDER_EXECUTED: Person=张飞 (ID:32), Order=开垦 (ID:1), City=徐州 (ID:13)
[Sun Jun 22 02:34:59 2025] PERSON_RETURNED: Person=张飞 (ID:32), City=徐州 (ID:13), Reason=Order Completion
[Sun Jun 22 02:34:59 2025] ORDER_DELETED: Person=张飞 (ID:32), Order=开垦 (ID:1), City=徐州 (ID:13)
[Sun Jun 22 02:34:59 2025] ORDER_EXECUTED: Person=陈圭 (ID:34), Order=开垦 (ID:1), City=徐州 (ID:13)
[Sun Jun 22 02:34:59 2025] PERSON_RETURNED: Person=陈圭 (ID:34), City=徐州 (ID:13), Reason=Order Completion
[Sun Jun 22 02:34:59 2025] ORDER_DELETED: Person=陈圭 (ID:34), Order=开垦 (ID:1), City=徐州 (ID:13)
[Sun Jun 22 02:34:59 2025] ORDER_EXECUTED: Person=孙乾 (ID:36), Order=开垦 (ID:1), City=徐州 (ID:13)
[Sun Jun 22 02:34:59 2025] PERSON_RETURNED: Person=孙乾 (ID:36), City=徐州 (ID:13), Reason=Order Completion
[Sun Jun 22 02:34:59 2025] ORDER_DELETED: Person=孙乾 (ID:36), Order=开垦 (ID:1), City=徐州 (ID:13)
[Sun Jun 22 02:34:59 2025] ORDER_EXECUTED: Person=简雍 (ID:33), Order=开垦 (ID:1), City=小沛 (ID:17)
[Sun Jun 22 02:34:59 2025] PERSON_RETURNED: Person=简雍 (ID:33), City=小沛 (ID:17), Reason=Order Completion
[Sun Jun 22 02:34:59 2025] ORDER_DELETED: Person=简雍 (ID:33), Order=开垦 (ID:1), City=小沛 (ID:17)
[Sun Jun 22 02:34:59 2025] ORDER_EXECUTED: Person=糜竺 (ID:37), Order=招商 (ID:2), City=小沛 (ID:17)
[Sun Jun 22 02:34:59 2025] PERSON_RETURNED: Person=糜竺 (ID:37), City=小沛 (ID:17), Reason=Order Completion
[Sun Jun 22 02:34:59 2025] ORDER_DELETED: Person=糜竺 (ID:37), Order=招商 (ID:2), City=小沛 (ID:17)
[Sun Jun 22 02:34:59 2025] ORDER_EXECUTED: Person=糜芳 (ID:38), Order=招商 (ID:2), City=小沛 (ID:17)
[Sun Jun 22 02:34:59 2025] PERSON_RETURNED: Person=糜芳 (ID:38), City=小沛 (ID:17), Reason=Order Completion
[Sun Jun 22 02:34:59 2025] ORDER_DELETED: Person=糜芳 (ID:38), Order=招商 (ID:2), City=小沛 (ID:17)
[Sun Jun 22 02:34:59 2025] ORDER_EXECUTED: Person=陈登 (ID:35), Order=开垦 (ID:1), City=下邳 (ID:18)
[Sun Jun 22 02:34:59 2025] PERSON_RETURNED: Person=陈登 (ID:35), City=下邳 (ID:18), Reason=Order Completion
[Sun Jun 22 02:34:59 2025] ORDER_DELETED: Person=陈登 (ID:35), Order=开垦 (ID:1), City=下邳 (ID:18)
[Sun Jun 22 02:34:59 2025] ORDER_EXECUTED: Person=曹豹 (ID:39), Order=开垦 (ID:1), City=下邳 (ID:18)
[Sun Jun 22 02:34:59 2025] PERSON_RETURNED: Person=曹豹 (ID:39), City=下邳 (ID:18), Reason=Order Completion
[Sun Jun 22 02:34:59 2025] ORDER_DELETED: Person=曹豹 (ID:39), Order=开垦 (ID:1), City=下邳 (ID:18)
[Sun Jun 22 02:34:59 2025] GAME_TURN: Year=61443, Month=3
[Sun Jun 22 02:35:02 2025] COMPUTER_TACTIC: City=西凉 (ID:0), Tactic=Armament
[Sun Jun 22 02:35:02 2025] COMPUTER_TACTIC: City=北平 (ID:1), Tactic=Armament
[Sun Jun 22 02:35:02 2025] COMPUTER_TACTIC: City=襄平 (ID:2), Tactic=Interior
[Sun Jun 22 02:35:02 2025] COMPUTER_TACTIC: City=安定 (ID:3), Tactic=Armament
[Sun Jun 22 02:35:02 2025] COMPUTER_TACTIC: City=晋阳 (ID:4), Tactic=Armament
[Sun Jun 22 02:35:02 2025] COMPUTER_TACTIC: City=南皮 (ID:6), Tactic=Diplomatism
[Sun Jun 22 02:35:02 2025] COMPUTER_TACTIC: City=北海 (ID:7), Tactic=Armament
[Sun Jun 22 02:35:02 2025] COMPUTER_TACTIC: City=天水 (ID:8), Tactic=Armament
[Sun Jun 22 02:35:02 2025] COMPUTER_TACTIC: City=河内 (ID:9), Tactic=Interior
[Sun Jun 22 02:35:02 2025] COMPUTER_TACTIC: City=长安 (ID:10), Tactic=Armament
[Sun Jun 22 02:35:02 2025] COMPUTER_TACTIC: City= (ID:11), Tactic=Interior
[Sun Jun 22 02:35:02 2025] COMPUTER_TACTIC: City=濮阳 (ID:12), Tactic=Armament
[Sun Jun 22 02:35:02 2025] ORDER_CREATED: Person=刘备 (ID:2), Order=出巡 (ID:5), City=徐州 (ID:13)
[Sun Jun 22 02:35:02 2025] PERSON_REMOVED: Person=刘备 (ID:2), City=徐州 (ID:13), Reason=Order Assignment
[Sun Jun 22 02:35:02 2025] ORDER_CREATED: Person=关羽 (ID:31), Order=开垦 (ID:1), City=徐州 (ID:13)
[Sun Jun 22 02:35:02 2025] PERSON_REMOVED: Person=关羽 (ID:31), City=徐州 (ID:13), Reason=Order Assignment
[Sun Jun 22 02:35:02 2025] ORDER_CREATED: Person=张飞 (ID:32), Order=出巡 (ID:5), City=徐州 (ID:13)
[Sun Jun 22 02:35:02 2025] PERSON_REMOVED: Person=张飞 (ID:32), City=徐州 (ID:13), Reason=Order Assignment
[Sun Jun 22 02:35:02 2025] ORDER_CREATED: Person=陈圭 (ID:34), Order=开垦 (ID:1), City=徐州 (ID:13)
[Sun Jun 22 02:35:02 2025] PERSON_REMOVED: Person=陈圭 (ID:34), City=徐州 (ID:13), Reason=Order Assignment
[Sun Jun 22 02:35:02 2025] ORDER_CREATED: Person=孙乾 (ID:36), Order=招商 (ID:2), City=徐州 (ID:13)
[Sun Jun 22 02:35:02 2025] PERSON_REMOVED: Person=孙乾 (ID:36), City=徐州 (ID:13), Reason=Order Assignment
[Sun Jun 22 02:35:02 2025] COMPUTER_TACTIC: City=徐州 (ID:13), Tactic=Interior
[Sun Jun 22 02:35:02 2025] COMPUTER_TACTIC: City=汉中 (ID:14), Tactic=Interior
[Sun Jun 22 02:35:02 2025] COMPUTER_TACTIC: City=许昌 (ID:16), Tactic=Armament
[Sun Jun 22 02:35:02 2025] ORDER_CREATED: Person=简雍 (ID:33), Order=招商 (ID:2), City=小沛 (ID:17)
[Sun Jun 22 02:35:02 2025] PERSON_REMOVED: Person=简雍 (ID:33), City=小沛 (ID:17), Reason=Order Assignment
[Sun Jun 22 02:35:02 2025] ORDER_CREATED: Person=糜竺 (ID:37), Order=招商 (ID:2), City=小沛 (ID:17)
[Sun Jun 22 02:35:02 2025] PERSON_REMOVED: Person=糜竺 (ID:37), City=小沛 (ID:17), Reason=Order Assignment
[Sun Jun 22 02:35:02 2025] ORDER_CREATED: Person=糜芳 (ID:38), Order=出巡 (ID:5), City=小沛 (ID:17)
[Sun Jun 22 02:35:02 2025] PERSON_REMOVED: Person=糜芳 (ID:38), City=小沛 (ID:17), Reason=Order Assignment
[Sun Jun 22 02:35:02 2025] ORDER_CREATED: Person=陈登 (ID:35), Order=开垦 (ID:1), City=下邳 (ID:18)
[Sun Jun 22 02:35:02 2025] PERSON_REMOVED: Person=陈登 (ID:35), City=下邳 (ID:18), Reason=Order Assignment
[Sun Jun 22 02:35:02 2025] ORDER_CREATED: Person=曹豹 (ID:39), Order=开垦 (ID:1), City=下邳 (ID:18)
[Sun Jun 22 02:35:02 2025] PERSON_REMOVED: Person=曹豹 (ID:39), City=下邳 (ID:18), Reason=Order Assignment
[Sun Jun 22 02:35:02 2025] COMPUTER_TACTIC: City=梓潼 (ID:19), Tactic=Diplomatism
[Sun Jun 22 02:35:02 2025] COMPUTER_TACTIC: City=宛城 (ID:20), Tactic=Armament
[Sun Jun 22 02:35:02 2025] COMPUTER_TACTIC: City=寿春 (ID:21), Tactic=Interior
[Sun Jun 22 02:35:02 2025] COMPUTER_TACTIC: City=建业 (ID:22), Tactic=Diplomatism
[Sun Jun 22 02:35:02 2025] COMPUTER_TACTIC: City= (ID:23), Tactic=Armament
[Sun Jun 22 02:35:02 2025] COMPUTER_TACTIC: City=成都 (ID:24), Tactic=Interior
[Sun Jun 22 02:35:02 2025] COMPUTER_TACTIC: City=棉竹 (ID:25), Tactic=Interior
[Sun Jun 22 02:35:02 2025] COMPUTER_TACTIC: City=襄阳 (ID:26), Tactic=Interior
[Sun Jun 22 02:35:02 2025] COMPUTER_TACTIC: City=江夏 (ID:27), Tactic=Armament
[Sun Jun 22 02:35:02 2025] COMPUTER_TACTIC: City=巴郡 (ID:31), Tactic=Armament
[Sun Jun 22 02:35:02 2025] COMPUTER_TACTIC: City=长沙 (ID:33), Tactic=Diplomatism
[Sun Jun 22 02:35:02 2025] COMPUTER_TACTIC: City=建宁 (ID:37), Tactic=Armament
[Sun Jun 22 02:35:02 2025] ORDER_EXECUTED: Person=刘备 (ID:2), Order=出巡 (ID:5), City=徐州 (ID:13)
[Sun Jun 22 02:35:02 2025] PERSON_RETURNED: Person=刘备 (ID:2), City=徐州 (ID:13), Reason=Order Completion
[Sun Jun 22 02:35:02 2025] ORDER_DELETED: Person=刘备 (ID:2), Order=出巡 (ID:5), City=徐州 (ID:13)
[Sun Jun 22 02:35:02 2025] ORDER_EXECUTED: Person=关羽 (ID:31), Order=开垦 (ID:1), City=徐州 (ID:13)
[Sun Jun 22 02:35:02 2025] PERSON_RETURNED: Person=关羽 (ID:31), City=徐州 (ID:13), Reason=Order Completion
[Sun Jun 22 02:35:02 2025] ORDER_DELETED: Person=关羽 (ID:31), Order=开垦 (ID:1), City=徐州 (ID:13)
[Sun Jun 22 02:35:02 2025] ORDER_EXECUTED: Person=张飞 (ID:32), Order=出巡 (ID:5), City=徐州 (ID:13)
[Sun Jun 22 02:35:02 2025] PERSON_RETURNED: Person=张飞 (ID:32), City=徐州 (ID:13), Reason=Order Completion
[Sun Jun 22 02:35:02 2025] ORDER_DELETED: Person=张飞 (ID:32), Order=出巡 (ID:5), City=徐州 (ID:13)
[Sun Jun 22 02:35:02 2025] ORDER_EXECUTED: Person=陈圭 (ID:34), Order=开垦 (ID:1), City=徐州 (ID:13)
[Sun Jun 22 02:35:02 2025] PERSON_RETURNED: Person=陈圭 (ID:34), City=徐州 (ID:13), Reason=Order Completion
[Sun Jun 22 02:35:02 2025] ORDER_DELETED: Person=陈圭 (ID:34), Order=开垦 (ID:1), City=徐州 (ID:13)
[Sun Jun 22 02:35:02 2025] ORDER_EXECUTED: Person=孙乾 (ID:36), Order=招商 (ID:2), City=徐州 (ID:13)
[Sun Jun 22 02:35:02 2025] PERSON_RETURNED: Person=孙乾 (ID:36), City=徐州 (ID:13), Reason=Order Completion
[Sun Jun 22 02:35:02 2025] ORDER_DELETED: Person=孙乾 (ID:36), Order=招商 (ID:2), City=徐州 (ID:13)
[Sun Jun 22 02:35:02 2025] ORDER_EXECUTED: Person=简雍 (ID:33), Order=招商 (ID:2), City=小沛 (ID:17)
[Sun Jun 22 02:35:02 2025] PERSON_RETURNED: Person=简雍 (ID:33), City=小沛 (ID:17), Reason=Order Completion
[Sun Jun 22 02:35:02 2025] ORDER_DELETED: Person=简雍 (ID:33), Order=招商 (ID:2), City=小沛 (ID:17)
[Sun Jun 22 02:35:02 2025] ORDER_EXECUTED: Person=糜竺 (ID:37), Order=招商 (ID:2), City=小沛 (ID:17)
[Sun Jun 22 02:35:02 2025] PERSON_RETURNED: Person=糜竺 (ID:37), City=小沛 (ID:17), Reason=Order Completion
[Sun Jun 22 02:35:02 2025] ORDER_DELETED: Person=糜竺 (ID:37), Order=招商 (ID:2), City=小沛 (ID:17)
[Sun Jun 22 02:35:02 2025] ORDER_EXECUTED: Person=糜芳 (ID:38), Order=出巡 (ID:5), City=小沛 (ID:17)
[Sun Jun 22 02:35:02 2025] PERSON_RETURNED: Person=糜芳 (ID:38), City=小沛 (ID:17), Reason=Order Completion
[Sun Jun 22 02:35:02 2025] ORDER_DELETED: Person=糜芳 (ID:38), Order=出巡 (ID:5), City=小沛 (ID:17)
[Sun Jun 22 02:35:02 2025] ORDER_EXECUTED: Person=陈登 (ID:35), Order=开垦 (ID:1), City=下邳 (ID:18)
[Sun Jun 22 02:35:02 2025] PERSON_RETURNED: Person=陈登 (ID:35), City=下邳 (ID:18), Reason=Order Completion
[Sun Jun 22 02:35:02 2025] ORDER_DELETED: Person=陈登 (ID:35), Order=开垦 (ID:1), City=下邳 (ID:18)
[Sun Jun 22 02:35:02 2025] ORDER_EXECUTED: Person=曹豹 (ID:39), Order=开垦 (ID:1), City=下邳 (ID:18)
[Sun Jun 22 02:35:02 2025] PERSON_RETURNED: Person=曹豹 (ID:39), City=下邳 (ID:18), Reason=Order Completion
[Sun Jun 22 02:35:02 2025] ORDER_DELETED: Person=曹豹 (ID:39), Order=开垦 (ID:1), City=下邳 (ID:18)
[Sun Jun 22 02:35:04 2025] GAME_TURN: Year=61443, Month=4
[Sun Jun 22 02:35:05 2025] COMPUTER_TACTIC: City=西凉 (ID:0), Tactic=Armament
[Sun Jun 22 02:35:05 2025] COMPUTER_TACTIC: City=北平 (ID:1), Tactic=Armament
[Sun Jun 22 02:35:05 2025] COMPUTER_TACTIC: City=襄平 (ID:2), Tactic=Interior
[Sun Jun 22 02:35:05 2025] COMPUTER_TACTIC: City=安定 (ID:3), Tactic=Interior
[Sun Jun 22 02:35:05 2025] COMPUTER_TACTIC: City=晋阳 (ID:4), Tactic=Armament
[Sun Jun 22 02:35:05 2025] COMPUTER_TACTIC: City=南皮 (ID:6), Tactic=Armament
[Sun Jun 22 02:35:05 2025] COMPUTER_TACTIC: City=北海 (ID:7), Tactic=Armament
[Sun Jun 22 02:35:05 2025] COMPUTER_TACTIC: City=天水 (ID:8), Tactic=Armament
[Sun Jun 22 02:35:05 2025] COMPUTER_TACTIC: City=河内 (ID:9), Tactic=Diplomatism
[Sun Jun 22 02:35:05 2025] COMPUTER_TACTIC: City=长安 (ID:10), Tactic=Interior
[Sun Jun 22 02:35:05 2025] COMPUTER_TACTIC: City= (ID:11), Tactic=Armament
[Sun Jun 22 02:35:05 2025] COMPUTER_TACTIC: City=濮阳 (ID:12), Tactic=Diplomatism
[Sun Jun 22 02:35:05 2025] ORDER_CREATED: Person=刘备 (ID:2), Order=开垦 (ID:1), City=徐州 (ID:13)
[Sun Jun 22 02:35:05 2025] PERSON_REMOVED: Person=刘备 (ID:2), City=徐州 (ID:13), Reason=Order Assignment
[Sun Jun 22 02:35:05 2025] ORDER_CREATED: Person=关羽 (ID:31), Order=开垦 (ID:1), City=徐州 (ID:13)
[Sun Jun 22 02:35:05 2025] PERSON_REMOVED: Person=关羽 (ID:31), City=徐州 (ID:13), Reason=Order Assignment
[Sun Jun 22 02:35:05 2025] ORDER_CREATED: Person=张飞 (ID:32), Order=开垦 (ID:1), City=徐州 (ID:13)
[Sun Jun 22 02:35:05 2025] PERSON_REMOVED: Person=张飞 (ID:32), City=徐州 (ID:13), Reason=Order Assignment
[Sun Jun 22 02:35:05 2025] ORDER_CREATED: Person=陈圭 (ID:34), Order=开垦 (ID:1), City=徐州 (ID:13)
[Sun Jun 22 02:35:05 2025] PERSON_REMOVED: Person=陈圭 (ID:34), City=徐州 (ID:13), Reason=Order Assignment
[Sun Jun 22 02:35:05 2025] ORDER_CREATED: Person=孙乾 (ID:36), Order=开垦 (ID:1), City=徐州 (ID:13)
[Sun Jun 22 02:35:05 2025] PERSON_REMOVED: Person=孙乾 (ID:36), City=徐州 (ID:13), Reason=Order Assignment
[Sun Jun 22 02:35:05 2025] COMPUTER_TACTIC: City=汉中 (ID:14), Tactic=Diplomatism
[Sun Jun 22 02:35:05 2025] COMPUTER_TACTIC: City=许昌 (ID:16), Tactic=Armament
[Sun Jun 22 02:35:05 2025] ORDER_CREATED: Person=简雍 (ID:33), Order=出巡 (ID:5), City=小沛 (ID:17)
[Sun Jun 22 02:35:05 2025] PERSON_REMOVED: Person=简雍 (ID:33), City=小沛 (ID:17), Reason=Order Assignment
[Sun Jun 22 02:35:05 2025] ORDER_CREATED: Person=糜竺 (ID:37), Order=出巡 (ID:5), City=小沛 (ID:17)
[Sun Jun 22 02:35:05 2025] PERSON_REMOVED: Person=糜竺 (ID:37), City=小沛 (ID:17), Reason=Order Assignment
[Sun Jun 22 02:35:05 2025] ORDER_CREATED: Person=糜芳 (ID:38), Order=出巡 (ID:5), City=小沛 (ID:17)
[Sun Jun 22 02:35:05 2025] PERSON_REMOVED: Person=糜芳 (ID:38), City=小沛 (ID:17), Reason=Order Assignment
[Sun Jun 22 02:35:05 2025] ORDER_CREATED: Person=陈登 (ID:35), Order=开垦 (ID:1), City=下邳 (ID:18)
[Sun Jun 22 02:35:05 2025] PERSON_REMOVED: Person=陈登 (ID:35), City=下邳 (ID:18), Reason=Order Assignment
[Sun Jun 22 02:35:05 2025] ORDER_CREATED: Person=曹豹 (ID:39), Order=开垦 (ID:1), City=下邳 (ID:18)
[Sun Jun 22 02:35:05 2025] PERSON_REMOVED: Person=曹豹 (ID:39), City=下邳 (ID:18), Reason=Order Assignment
[Sun Jun 22 02:35:05 2025] COMPUTER_TACTIC: City=梓潼 (ID:19), Tactic=Interior
[Sun Jun 22 02:35:05 2025] COMPUTER_TACTIC: City=宛城 (ID:20), Tactic=Diplomatism
[Sun Jun 22 02:35:05 2025] COMPUTER_TACTIC: City=寿春 (ID:21), Tactic=Interior
[Sun Jun 22 02:35:05 2025] COMPUTER_TACTIC: City=建业 (ID:22), Tactic=Armament
[Sun Jun 22 02:35:05 2025] COMPUTER_TACTIC: City= (ID:23), Tactic=Armament
[Sun Jun 22 02:35:05 2025] COMPUTER_TACTIC: City=成都 (ID:24), Tactic=Interior
[Sun Jun 22 02:35:05 2025] COMPUTER_TACTIC: City=棉竹 (ID:25), Tactic=Interior
[Sun Jun 22 02:35:05 2025] COMPUTER_TACTIC: City=襄阳 (ID:26), Tactic=Armament
[Sun Jun 22 02:35:05 2025] COMPUTER_TACTIC: City=江夏 (ID:27), Tactic=Armament
[Sun Jun 22 02:35:05 2025] COMPUTER_TACTIC: City=巴郡 (ID:31), Tactic=Armament
[Sun Jun 22 02:35:05 2025] COMPUTER_TACTIC: City=长沙 (ID:33), Tactic=Interior
[Sun Jun 22 02:35:05 2025] COMPUTER_TACTIC: City=建宁 (ID:37), Tactic=Interior
[Sun Jun 22 02:35:05 2025] ORDER_EXECUTED: Person=刘备 (ID:2), Order=开垦 (ID:1), City=徐州 (ID:13)
[Sun Jun 22 02:35:05 2025] PERSON_RETURNED: Person=刘备 (ID:2), City=徐州 (ID:13), Reason=Order Completion
[Sun Jun 22 02:35:05 2025] ORDER_DELETED: Person=刘备 (ID:2), Order=开垦 (ID:1), City=徐州 (ID:13)
[Sun Jun 22 02:35:05 2025] ORDER_EXECUTED: Person=关羽 (ID:31), Order=开垦 (ID:1), City=徐州 (ID:13)
[Sun Jun 22 02:35:05 2025] PERSON_RETURNED: Person=关羽 (ID:31), City=徐州 (ID:13), Reason=Order Completion
[Sun Jun 22 02:35:05 2025] ORDER_DELETED: Person=关羽 (ID:31), Order=开垦 (ID:1), City=徐州 (ID:13)
[Sun Jun 22 02:35:05 2025] ORDER_EXECUTED: Person=张飞 (ID:32), Order=开垦 (ID:1), City=徐州 (ID:13)
[Sun Jun 22 02:35:05 2025] PERSON_RETURNED: Person=张飞 (ID:32), City=徐州 (ID:13), Reason=Order Completion
[Sun Jun 22 02:35:05 2025] ORDER_DELETED: Person=张飞 (ID:32), Order=开垦 (ID:1), City=徐州 (ID:13)
[Sun Jun 22 02:35:05 2025] ORDER_EXECUTED: Person=陈圭 (ID:34), Order=开垦 (ID:1), City=徐州 (ID:13)
[Sun Jun 22 02:35:05 2025] PERSON_RETURNED: Person=陈圭 (ID:34), City=徐州 (ID:13), Reason=Order Completion
[Sun Jun 22 02:35:05 2025] ORDER_DELETED: Person=陈圭 (ID:34), Order=开垦 (ID:1), City=徐州 (ID:13)
[Sun Jun 22 02:35:05 2025] ORDER_EXECUTED: Person=孙乾 (ID:36), Order=开垦 (ID:1), City=徐州 (ID:13)
[Sun Jun 22 02:35:05 2025] PERSON_RETURNED: Person=孙乾 (ID:36), City=徐州 (ID:13), Reason=Order Completion
[Sun Jun 22 02:35:05 2025] ORDER_DELETED: Person=孙乾 (ID:36), Order=开垦 (ID:1), City=徐州 (ID:13)
[Sun Jun 22 02:35:05 2025] ORDER_EXECUTED: Person=简雍 (ID:33), Order=出巡 (ID:5), City=小沛 (ID:17)
[Sun Jun 22 02:35:05 2025] PERSON_RETURNED: Person=简雍 (ID:33), City=小沛 (ID:17), Reason=Order Completion
[Sun Jun 22 02:35:05 2025] ORDER_DELETED: Person=简雍 (ID:33), Order=出巡 (ID:5), City=小沛 (ID:17)
[Sun Jun 22 02:35:05 2025] ORDER_EXECUTED: Person=糜竺 (ID:37), Order=出巡 (ID:5), City=小沛 (ID:17)
[Sun Jun 22 02:35:05 2025] PERSON_RETURNED: Person=糜竺 (ID:37), City=小沛 (ID:17), Reason=Order Completion
[Sun Jun 22 02:35:05 2025] ORDER_DELETED: Person=糜竺 (ID:37), Order=出巡 (ID:5), City=小沛 (ID:17)
[Sun Jun 22 02:35:05 2025] ORDER_EXECUTED: Person=糜芳 (ID:38), Order=出巡 (ID:5), City=小沛 (ID:17)
[Sun Jun 22 02:35:05 2025] PERSON_RETURNED: Person=糜芳 (ID:38), City=小沛 (ID:17), Reason=Order Completion
[Sun Jun 22 02:35:05 2025] ORDER_DELETED: Person=糜芳 (ID:38), Order=出巡 (ID:5), City=小沛 (ID:17)
[Sun Jun 22 02:35:05 2025] ORDER_EXECUTED: Person=陈登 (ID:35), Order=开垦 (ID:1), City=下邳 (ID:18)
[Sun Jun 22 02:35:05 2025] PERSON_RETURNED: Person=陈登 (ID:35), City=下邳 (ID:18), Reason=Order Completion
[Sun Jun 22 02:35:05 2025] ORDER_DELETED: Person=陈登 (ID:35), Order=开垦 (ID:1), City=下邳 (ID:18)
[Sun Jun 22 02:35:05 2025] ORDER_EXECUTED: Person=曹豹 (ID:39), Order=开垦 (ID:1), City=下邳 (ID:18)
[Sun Jun 22 02:35:05 2025] PERSON_RETURNED: Person=曹豹 (ID:39), City=下邳 (ID:18), Reason=Order Completion
[Sun Jun 22 02:35:05 2025] ORDER_DELETED: Person=曹豹 (ID:39), Order=开垦 (ID:1), City=下邳 (ID:18)
[Sun Jun 22 02:35:05 2025] GAME_TURN: Year=61443, Month=5
[Sun Jun 22 02:35:06 2025] COMPUTER_TACTIC: City=西凉 (ID:0), Tactic=Armament
[Sun Jun 22 02:35:06 2025] COMPUTER_TACTIC: City=北平 (ID:1), Tactic=Armament
[Sun Jun 22 02:35:06 2025] COMPUTER_TACTIC: City=襄平 (ID:2), Tactic=Interior
[Sun Jun 22 02:35:06 2025] COMPUTER_TACTIC: City=安定 (ID:3), Tactic=Armament
[Sun Jun 22 02:35:06 2025] COMPUTER_TACTIC: City=晋阳 (ID:4), Tactic=Armament
[Sun Jun 22 02:35:06 2025] COMPUTER_TACTIC: City=南皮 (ID:6), Tactic=Armament
[Sun Jun 22 02:35:06 2025] COMPUTER_TACTIC: City=北海 (ID:7), Tactic=Armament
[Sun Jun 22 02:35:06 2025] COMPUTER_TACTIC: City=河内 (ID:9), Tactic=Armament
[Sun Jun 22 02:35:06 2025] COMPUTER_TACTIC: City=长安 (ID:10), Tactic=Diplomatism
[Sun Jun 22 02:35:06 2025] COMPUTER_TACTIC: City= (ID:11), Tactic=Armament
[Sun Jun 22 02:35:06 2025] COMPUTER_TACTIC: City=濮阳 (ID:12), Tactic=Interior
[Sun Jun 22 02:35:06 2025] ORDER_CREATED: Person=刘备 (ID:2), Order=开垦 (ID:1), City=徐州 (ID:13)
[Sun Jun 22 02:35:06 2025] PERSON_REMOVED: Person=刘备 (ID:2), City=徐州 (ID:13), Reason=Order Assignment
[Sun Jun 22 02:35:06 2025] ORDER_CREATED: Person=关羽 (ID:31), Order=开垦 (ID:1), City=徐州 (ID:13)
[Sun Jun 22 02:35:06 2025] PERSON_REMOVED: Person=关羽 (ID:31), City=徐州 (ID:13), Reason=Order Assignment
[Sun Jun 22 02:35:06 2025] ORDER_CREATED: Person=张飞 (ID:32), Order=开垦 (ID:1), City=徐州 (ID:13)
[Sun Jun 22 02:35:06 2025] PERSON_REMOVED: Person=张飞 (ID:32), City=徐州 (ID:13), Reason=Order Assignment
[Sun Jun 22 02:35:06 2025] ORDER_CREATED: Person=陈圭 (ID:34), Order=开垦 (ID:1), City=徐州 (ID:13)
[Sun Jun 22 02:35:06 2025] PERSON_REMOVED: Person=陈圭 (ID:34), City=徐州 (ID:13), Reason=Order Assignment
[Sun Jun 22 02:35:06 2025] ORDER_CREATED: Person=孙乾 (ID:36), Order=开垦 (ID:1), City=徐州 (ID:13)
[Sun Jun 22 02:35:06 2025] PERSON_REMOVED: Person=孙乾 (ID:36), City=徐州 (ID:13), Reason=Order Assignment
[Sun Jun 22 02:35:06 2025] COMPUTER_TACTIC: City=汉中 (ID:14), Tactic=Diplomatism
[Sun Jun 22 02:35:06 2025] COMPUTER_TACTIC: City=许昌 (ID:16), Tactic=Diplomatism
[Sun Jun 22 02:35:06 2025] ORDER_CREATED: Person=简雍 (ID:33), Order=出巡 (ID:5), City=小沛 (ID:17)
[Sun Jun 22 02:35:06 2025] PERSON_REMOVED: Person=简雍 (ID:33), City=小沛 (ID:17), Reason=Order Assignment
[Sun Jun 22 02:35:06 2025] ORDER_CREATED: Person=糜竺 (ID:37), Order=出巡 (ID:5), City=小沛 (ID:17)
[Sun Jun 22 02:35:06 2025] PERSON_REMOVED: Person=糜竺 (ID:37), City=小沛 (ID:17), Reason=Order Assignment
[Sun Jun 22 02:35:06 2025] ORDER_CREATED: Person=糜芳 (ID:38), Order=出巡 (ID:5), City=小沛 (ID:17)
[Sun Jun 22 02:35:06 2025] PERSON_REMOVED: Person=糜芳 (ID:38), City=小沛 (ID:17), Reason=Order Assignment
[Sun Jun 22 02:35:06 2025] ORDER_CREATED: Person=陈登 (ID:35), Order=招商 (ID:2), City=下邳 (ID:18)
[Sun Jun 22 02:35:06 2025] PERSON_REMOVED: Person=陈登 (ID:35), City=下邳 (ID:18), Reason=Order Assignment
[Sun Jun 22 02:35:06 2025] ORDER_CREATED: Person=曹豹 (ID:39), Order=招商 (ID:2), City=下邳 (ID:18)
[Sun Jun 22 02:35:06 2025] PERSON_REMOVED: Person=曹豹 (ID:39), City=下邳 (ID:18), Reason=Order Assignment
[Sun Jun 22 02:35:06 2025] COMPUTER_TACTIC: City=宛城 (ID:20), Tactic=Armament
[Sun Jun 22 02:35:06 2025] COMPUTER_TACTIC: City=寿春 (ID:21), Tactic=Diplomatism
[Sun Jun 22 02:35:06 2025] COMPUTER_TACTIC: City=建业 (ID:22), Tactic=Armament
[Sun Jun 22 02:35:06 2025] COMPUTER_TACTIC: City= (ID:23), Tactic=Armament
[Sun Jun 22 02:35:06 2025] COMPUTER_TACTIC: City=成都 (ID:24), Tactic=Interior
[Sun Jun 22 02:35:06 2025] COMPUTER_TACTIC: City=棉竹 (ID:25), Tactic=Armament
[Sun Jun 22 02:35:06 2025] COMPUTER_TACTIC: City=襄阳 (ID:26), Tactic=Armament
[Sun Jun 22 02:35:06 2025] COMPUTER_TACTIC: City=江夏 (ID:27), Tactic=Armament
[Sun Jun 22 02:35:06 2025] COMPUTER_TACTIC: City=巴郡 (ID:31), Tactic=Interior
[Sun Jun 22 02:35:06 2025] COMPUTER_TACTIC: City=长沙 (ID:33), Tactic=Interior
[Sun Jun 22 02:35:06 2025] COMPUTER_TACTIC: City=建宁 (ID:37), Tactic=Armament
[Sun Jun 22 02:35:06 2025] ORDER_EXECUTED: Person=刘备 (ID:2), Order=开垦 (ID:1), City=徐州 (ID:13)
[Sun Jun 22 02:35:06 2025] PERSON_RETURNED: Person=刘备 (ID:2), City=徐州 (ID:13), Reason=Order Completion
[Sun Jun 22 02:35:06 2025] ORDER_DELETED: Person=刘备 (ID:2), Order=开垦 (ID:1), City=徐州 (ID:13)
[Sun Jun 22 02:35:06 2025] ORDER_EXECUTED: Person=关羽 (ID:31), Order=开垦 (ID:1), City=徐州 (ID:13)
[Sun Jun 22 02:35:06 2025] PERSON_RETURNED: Person=关羽 (ID:31), City=徐州 (ID:13), Reason=Order Completion
[Sun Jun 22 02:35:06 2025] ORDER_DELETED: Person=关羽 (ID:31), Order=开垦 (ID:1), City=徐州 (ID:13)
[Sun Jun 22 02:35:06 2025] ORDER_EXECUTED: Person=张飞 (ID:32), Order=开垦 (ID:1), City=徐州 (ID:13)
[Sun Jun 22 02:35:06 2025] PERSON_RETURNED: Person=张飞 (ID:32), City=徐州 (ID:13), Reason=Order Completion
[Sun Jun 22 02:35:06 2025] ORDER_DELETED: Person=张飞 (ID:32), Order=开垦 (ID:1), City=徐州 (ID:13)
[Sun Jun 22 02:35:06 2025] ORDER_EXECUTED: Person=陈圭 (ID:34), Order=开垦 (ID:1), City=徐州 (ID:13)
[Sun Jun 22 02:35:06 2025] PERSON_RETURNED: Person=陈圭 (ID:34), City=徐州 (ID:13), Reason=Order Completion
[Sun Jun 22 02:35:06 2025] ORDER_DELETED: Person=陈圭 (ID:34), Order=开垦 (ID:1), City=徐州 (ID:13)
[Sun Jun 22 02:35:06 2025] ORDER_EXECUTED: Person=孙乾 (ID:36), Order=开垦 (ID:1), City=徐州 (ID:13)
[Sun Jun 22 02:35:06 2025] PERSON_RETURNED: Person=孙乾 (ID:36), City=徐州 (ID:13), Reason=Order Completion
[Sun Jun 22 02:35:06 2025] ORDER_DELETED: Person=孙乾 (ID:36), Order=开垦 (ID:1), City=徐州 (ID:13)
[Sun Jun 22 02:35:06 2025] ORDER_EXECUTED: Person=简雍 (ID:33), Order=出巡 (ID:5), City=小沛 (ID:17)
[Sun Jun 22 02:35:06 2025] PERSON_RETURNED: Person=简雍 (ID:33), City=小沛 (ID:17), Reason=Order Completion
[Sun Jun 22 02:35:06 2025] ORDER_DELETED: Person=简雍 (ID:33), Order=出巡 (ID:5), City=小沛 (ID:17)
[Sun Jun 22 02:35:06 2025] ORDER_EXECUTED: Person=糜竺 (ID:37), Order=出巡 (ID:5), City=小沛 (ID:17)
[Sun Jun 22 02:35:06 2025] PERSON_RETURNED: Person=糜竺 (ID:37), City=小沛 (ID:17), Reason=Order Completion
[Sun Jun 22 02:35:06 2025] ORDER_DELETED: Person=糜竺 (ID:37), Order=出巡 (ID:5), City=小沛 (ID:17)
[Sun Jun 22 02:35:06 2025] ORDER_EXECUTED: Person=糜芳 (ID:38), Order=出巡 (ID:5), City=小沛 (ID:17)
[Sun Jun 22 02:35:06 2025] PERSON_RETURNED: Person=糜芳 (ID:38), City=小沛 (ID:17), Reason=Order Completion
[Sun Jun 22 02:35:06 2025] ORDER_DELETED: Person=糜芳 (ID:38), Order=出巡 (ID:5), City=小沛 (ID:17)
[Sun Jun 22 02:35:06 2025] ORDER_EXECUTED: Person=陈登 (ID:35), Order=招商 (ID:2), City=下邳 (ID:18)
[Sun Jun 22 02:35:06 2025] PERSON_RETURNED: Person=陈登 (ID:35), City=下邳 (ID:18), Reason=Order Completion
[Sun Jun 22 02:35:06 2025] ORDER_DELETED: Person=陈登 (ID:35), Order=招商 (ID:2), City=下邳 (ID:18)
[Sun Jun 22 02:35:06 2025] ORDER_EXECUTED: Person=曹豹 (ID:39), Order=招商 (ID:2), City=下邳 (ID:18)
[Sun Jun 22 02:35:06 2025] PERSON_RETURNED: Person=曹豹 (ID:39), City=下邳 (ID:18), Reason=Order Completion
[Sun Jun 22 02:35:06 2025] ORDER_DELETED: Person=曹豹 (ID:39), Order=招商 (ID:2), City=下邳 (ID:18)
[Sun Jun 22 02:35:06 2025] GAME_TURN: Year=61443, Month=6
[Sun Jun 22 02:35:07 2025] COMPUTER_TACTIC: City=西凉 (ID:0), Tactic=Interior
[Sun Jun 22 02:35:07 2025] COMPUTER_TACTIC: City=北平 (ID:1), Tactic=Interior
[Sun Jun 22 02:35:07 2025] COMPUTER_TACTIC: City=襄平 (ID:2), Tactic=Interior
[Sun Jun 22 02:35:07 2025] COMPUTER_TACTIC: City=安定 (ID:3), Tactic=Armament
[Sun Jun 22 02:35:07 2025] COMPUTER_TACTIC: City=晋阳 (ID:4), Tactic=Armament
[Sun Jun 22 02:35:07 2025] COMPUTER_TACTIC: City=平原 (ID:5), Tactic=Armament
[Sun Jun 22 02:35:07 2025] COMPUTER_TACTIC: City=南皮 (ID:6), Tactic=Armament
[Sun Jun 22 02:35:07 2025] COMPUTER_TACTIC: City=北海 (ID:7), Tactic=Armament
[Sun Jun 22 02:35:07 2025] COMPUTER_TACTIC: City=天水 (ID:8), Tactic=Armament
[Sun Jun 22 02:35:07 2025] COMPUTER_TACTIC: City=河内 (ID:9), Tactic=Armament
[Sun Jun 22 02:35:07 2025] COMPUTER_TACTIC: City=长安 (ID:10), Tactic=Interior
[Sun Jun 22 02:35:07 2025] COMPUTER_TACTIC: City= (ID:11), Tactic=Armament
[Sun Jun 22 02:35:07 2025] COMPUTER_TACTIC: City=濮阳 (ID:12), Tactic=Diplomatism
[Sun Jun 22 02:35:07 2025] COMPUTER_TACTIC: City=汉中 (ID:14), Tactic=Interior
[Sun Jun 22 02:35:07 2025] COMPUTER_TACTIC: City=许昌 (ID:16), Tactic=Armament
[Sun Jun 22 02:35:07 2025] ORDER_CREATED: Person=简雍 (ID:33), Order=出巡 (ID:5), City=小沛 (ID:17)
[Sun Jun 22 02:35:07 2025] PERSON_REMOVED: Person=简雍 (ID:33), City=小沛 (ID:17), Reason=Order Assignment
[Sun Jun 22 02:35:07 2025] ORDER_CREATED: Person=糜竺 (ID:37), Order=出巡 (ID:5), City=小沛 (ID:17)
[Sun Jun 22 02:35:07 2025] PERSON_REMOVED: Person=糜竺 (ID:37), City=小沛 (ID:17), Reason=Order Assignment
[Sun Jun 22 02:35:07 2025] ORDER_CREATED: Person=糜芳 (ID:38), Order=出巡 (ID:5), City=小沛 (ID:17)
[Sun Jun 22 02:35:07 2025] PERSON_REMOVED: Person=糜芳 (ID:38), City=小沛 (ID:17), Reason=Order Assignment
[Sun Jun 22 02:35:07 2025] COMPUTER_TACTIC: City=梓潼 (ID:19), Tactic=Interior
[Sun Jun 22 02:35:07 2025] COMPUTER_TACTIC: City=宛城 (ID:20), Tactic=Diplomatism
[Sun Jun 22 02:35:07 2025] COMPUTER_TACTIC: City=寿春 (ID:21), Tactic=Diplomatism
[Sun Jun 22 02:35:07 2025] COMPUTER_TACTIC: City=建业 (ID:22), Tactic=Armament
[Sun Jun 22 02:35:07 2025] COMPUTER_TACTIC: City= (ID:23), Tactic=Armament
[Sun Jun 22 02:35:07 2025] COMPUTER_TACTIC: City=成都 (ID:24), Tactic=Interior
[Sun Jun 22 02:35:07 2025] COMPUTER_TACTIC: City=棉竹 (ID:25), Tactic=Interior
[Sun Jun 22 02:35:07 2025] COMPUTER_TACTIC: City=襄阳 (ID:26), Tactic=Armament
[Sun Jun 22 02:35:07 2025] COMPUTER_TACTIC: City=江夏 (ID:27), Tactic=Armament
[Sun Jun 22 02:35:07 2025] COMPUTER_TACTIC: City=巴郡 (ID:31), Tactic=Interior
[Sun Jun 22 02:35:07 2025] COMPUTER_TACTIC: City=长沙 (ID:33), Tactic=Interior
[Sun Jun 22 02:35:07 2025] COMPUTER_TACTIC: City=建宁 (ID:37), Tactic=Armament
[Sun Jun 22 02:35:07 2025] ORDER_EXECUTED: Person=简雍 (ID:33), Order=出巡 (ID:5), City=小沛 (ID:17)
[Sun Jun 22 02:35:07 2025] PERSON_RETURNED: Person=简雍 (ID:33), City=小沛 (ID:17), Reason=Order Completion
[Sun Jun 22 02:35:07 2025] ORDER_DELETED: Person=简雍 (ID:33), Order=出巡 (ID:5), City=小沛 (ID:17)
[Sun Jun 22 02:35:07 2025] ORDER_EXECUTED: Person=糜竺 (ID:37), Order=出巡 (ID:5), City=小沛 (ID:17)
[Sun Jun 22 02:35:07 2025] PERSON_RETURNED: Person=糜竺 (ID:37), City=小沛 (ID:17), Reason=Order Completion
[Sun Jun 22 02:35:07 2025] ORDER_DELETED: Person=糜竺 (ID:37), Order=出巡 (ID:5), City=小沛 (ID:17)
[Sun Jun 22 02:35:07 2025] ORDER_EXECUTED: Person=糜芳 (ID:38), Order=出巡 (ID:5), City=小沛 (ID:17)
[Sun Jun 22 02:35:07 2025] PERSON_RETURNED: Person=糜芳 (ID:38), City=小沛 (ID:17), Reason=Order Completion
[Sun Jun 22 02:35:07 2025] ORDER_DELETED: Person=糜芳 (ID:38), Order=出巡 (ID:5), City=小沛 (ID:17)
[Sun Jun 22 02:35:07 2025] GAME_TURN: Year=61443, Month=7
[Sun Jun 22 02:35:08 2025] COMPUTER_TACTIC: City=西凉 (ID:0), Tactic=Armament
[Sun Jun 22 02:35:08 2025] COMPUTER_TACTIC: City=北平 (ID:1), Tactic=Armament
[Sun Jun 22 02:35:08 2025] COMPUTER_TACTIC: City=襄平 (ID:2), Tactic=Diplomatism
[Sun Jun 22 02:35:08 2025] COMPUTER_TACTIC: City=安定 (ID:3), Tactic=Armament
[Sun Jun 22 02:35:08 2025] COMPUTER_TACTIC: City=晋阳 (ID:4), Tactic=Armament
[Sun Jun 22 02:35:08 2025] COMPUTER_TACTIC: City=平原 (ID:5), Tactic=Armament
[Sun Jun 22 02:35:08 2025] COMPUTER_TACTIC: City=南皮 (ID:6), Tactic=Armament
[Sun Jun 22 02:35:08 2025] COMPUTER_TACTIC: City=北海 (ID:7), Tactic=Armament
[Sun Jun 22 02:35:08 2025] COMPUTER_TACTIC: City=天水 (ID:8), Tactic=Armament
[Sun Jun 22 02:35:08 2025] COMPUTER_TACTIC: City=河内 (ID:9), Tactic=Armament
[Sun Jun 22 02:35:08 2025] COMPUTER_TACTIC: City=长安 (ID:10), Tactic=Armament
[Sun Jun 22 02:35:08 2025] COMPUTER_TACTIC: City= (ID:11), Tactic=Armament
[Sun Jun 22 02:35:08 2025] COMPUTER_TACTIC: City=濮阳 (ID:12), Tactic=Interior
[Sun Jun 22 02:35:08 2025] ORDER_CREATED: Person=刘备 (ID:2), Order=招揽 (ID:16), City=徐州 (ID:13), Target=Person ID 83 (ID:83)
[Sun Jun 22 02:35:08 2025] PERSON_REMOVED: Person=刘备 (ID:2), City=徐州 (ID:13), Reason=Order Assignment
[Sun Jun 22 02:35:08 2025] ORDER_CREATED: Person=关羽 (ID:31), Order=招揽 (ID:16), City=徐州 (ID:13), Target=Person ID 76 (ID:76)
[Sun Jun 22 02:35:08 2025] PERSON_REMOVED: Person=关羽 (ID:31), City=徐州 (ID:13), Reason=Order Assignment
[Sun Jun 22 02:35:08 2025] ORDER_CREATED: Person=张飞 (ID:32), Order=招揽 (ID:16), City=徐州 (ID:13), Target=Person ID 46 (ID:46)
[Sun Jun 22 02:35:08 2025] PERSON_REMOVED: Person=张飞 (ID:32), City=徐州 (ID:13), Reason=Order Assignment
[Sun Jun 22 02:35:08 2025] ORDER_CREATED: Person=陈圭 (ID:34), Order=招揽 (ID:16), City=徐州 (ID:13), Target=Person ID 107 (ID:107)
[Sun Jun 22 02:35:08 2025] PERSON_REMOVED: Person=陈圭 (ID:34), City=徐州 (ID:13), Reason=Order Assignment
[Sun Jun 22 02:35:08 2025] ORDER_CREATED: Person=孙乾 (ID:36), Order=招揽 (ID:16), City=徐州 (ID:13), Target=Person ID 57 (ID:57)
[Sun Jun 22 02:35:08 2025] PERSON_REMOVED: Person=孙乾 (ID:36), City=徐州 (ID:13), Reason=Order Assignment
[Sun Jun 22 02:35:08 2025] COMPUTER_TACTIC: City=徐州 (ID:13), Tactic=AI_Diplomatism
[Sun Jun 22 02:35:08 2025] COMPUTER_TACTIC: City=汉中 (ID:14), Tactic=Diplomatism
[Sun Jun 22 02:35:08 2025] COMPUTER_TACTIC: City=许昌 (ID:16), Tactic=Armament
[Sun Jun 22 02:35:08 2025] ORDER_CREATED: Person=简雍 (ID:33), Order=出巡 (ID:5), City=小沛 (ID:17)
[Sun Jun 22 02:35:08 2025] PERSON_REMOVED: Person=简雍 (ID:33), City=小沛 (ID:17), Reason=Order Assignment
[Sun Jun 22 02:35:08 2025] ORDER_CREATED: Person=糜竺 (ID:37), Order=出巡 (ID:5), City=小沛 (ID:17)
[Sun Jun 22 02:35:08 2025] PERSON_REMOVED: Person=糜竺 (ID:37), City=小沛 (ID:17), Reason=Order Assignment
[Sun Jun 22 02:35:08 2025] ORDER_CREATED: Person=糜芳 (ID:38), Order=出巡 (ID:5), City=小沛 (ID:17)
[Sun Jun 22 02:35:08 2025] PERSON_REMOVED: Person=糜芳 (ID:38), City=小沛 (ID:17), Reason=Order Assignment
[Sun Jun 22 02:35:08 2025] COMPUTER_TACTIC: City=梓潼 (ID:19), Tactic=Armament
[Sun Jun 22 02:35:08 2025] COMPUTER_TACTIC: City=宛城 (ID:20), Tactic=Armament
[Sun Jun 22 02:35:08 2025] COMPUTER_TACTIC: City=寿春 (ID:21), Tactic=Interior
[Sun Jun 22 02:35:08 2025] COMPUTER_TACTIC: City=建业 (ID:22), Tactic=Armament
[Sun Jun 22 02:35:08 2025] COMPUTER_TACTIC: City= (ID:23), Tactic=Armament
[Sun Jun 22 02:35:08 2025] COMPUTER_TACTIC: City=成都 (ID:24), Tactic=Armament
[Sun Jun 22 02:35:08 2025] COMPUTER_TACTIC: City=棉竹 (ID:25), Tactic=Interior
[Sun Jun 22 02:35:08 2025] COMPUTER_TACTIC: City=襄阳 (ID:26), Tactic=Armament
[Sun Jun 22 02:35:08 2025] COMPUTER_TACTIC: City=江夏 (ID:27), Tactic=Diplomatism
[Sun Jun 22 02:35:08 2025] COMPUTER_TACTIC: City=巴郡 (ID:31), Tactic=Interior
[Sun Jun 22 02:35:08 2025] COMPUTER_TACTIC: City=长沙 (ID:33), Tactic=Interior
[Sun Jun 22 02:35:08 2025] COMPUTER_TACTIC: City=建宁 (ID:37), Tactic=Armament
[Sun Jun 22 02:35:08 2025] ORDER_EXECUTED: Person=刘备 (ID:2), Order=招揽 (ID:16), City=徐州 (ID:13), Target=Person ID 83 (ID:83)
[Sun Jun 22 02:35:08 2025] PERSON_RETURNED: Person=刘备 (ID:2), City=徐州 (ID:13), Reason=Order Completion
[Sun Jun 22 02:35:08 2025] ORDER_DELETED: Person=刘备 (ID:2), Order=招揽 (ID:16), City=徐州 (ID:13), Target=Person ID 83 (ID:83)
[Sun Jun 22 02:35:08 2025] ORDER_EXECUTED: Person=关羽 (ID:31), Order=招揽 (ID:16), City=徐州 (ID:13), Target=Person ID 76 (ID:76)
[Sun Jun 22 02:35:08 2025] PERSON_RETURNED: Person=关羽 (ID:31), City=徐州 (ID:13), Reason=Order Completion
[Sun Jun 22 02:35:08 2025] ORDER_DELETED: Person=关羽 (ID:31), Order=招揽 (ID:16), City=徐州 (ID:13), Target=Person ID 76 (ID:76)
[Sun Jun 22 02:35:08 2025] ORDER_EXECUTED: Person=张飞 (ID:32), Order=招揽 (ID:16), City=徐州 (ID:13), Target=Person ID 46 (ID:46)
[Sun Jun 22 02:35:08 2025] PERSON_RETURNED: Person=张飞 (ID:32), City=徐州 (ID:13), Reason=Order Completion
[Sun Jun 22 02:35:08 2025] ORDER_DELETED: Person=张飞 (ID:32), Order=招揽 (ID:16), City=徐州 (ID:13), Target=Person ID 46 (ID:46)
[Sun Jun 22 02:35:08 2025] ORDER_EXECUTED: Person=陈圭 (ID:34), Order=招揽 (ID:16), City=徐州 (ID:13), Target=Person ID 107 (ID:107)
[Sun Jun 22 02:35:08 2025] PERSON_RETURNED: Person=陈圭 (ID:34), City=徐州 (ID:13), Reason=Order Completion
[Sun Jun 22 02:35:08 2025] ORDER_DELETED: Person=陈圭 (ID:34), Order=招揽 (ID:16), City=徐州 (ID:13), Target=Person ID 107 (ID:107)
[Sun Jun 22 02:35:08 2025] ORDER_EXECUTED: Person=孙乾 (ID:36), Order=招揽 (ID:16), City=徐州 (ID:13), Target=Person ID 57 (ID:57)
[Sun Jun 22 02:35:08 2025] PERSON_RETURNED: Person=孙乾 (ID:36), City=徐州 (ID:13), Reason=Order Completion
[Sun Jun 22 02:35:08 2025] ORDER_DELETED: Person=孙乾 (ID:36), Order=招揽 (ID:16), City=徐州 (ID:13), Target=Person ID 57 (ID:57)
[Sun Jun 22 02:35:08 2025] ORDER_EXECUTED: Person=简雍 (ID:33), Order=出巡 (ID:5), City=小沛 (ID:17)
[Sun Jun 22 02:35:08 2025] PERSON_RETURNED: Person=简雍 (ID:33), City=小沛 (ID:17), Reason=Order Completion
[Sun Jun 22 02:35:08 2025] ORDER_DELETED: Person=简雍 (ID:33), Order=出巡 (ID:5), City=小沛 (ID:17)
[Sun Jun 22 02:35:08 2025] ORDER_EXECUTED: Person=糜竺 (ID:37), Order=出巡 (ID:5), City=小沛 (ID:17)
[Sun Jun 22 02:35:08 2025] PERSON_RETURNED: Person=糜竺 (ID:37), City=小沛 (ID:17), Reason=Order Completion
[Sun Jun 22 02:35:08 2025] ORDER_DELETED: Person=糜竺 (ID:37), Order=出巡 (ID:5), City=小沛 (ID:17)
[Sun Jun 22 02:35:08 2025] ORDER_EXECUTED: Person=糜芳 (ID:38), Order=出巡 (ID:5), City=小沛 (ID:17)
[Sun Jun 22 02:35:08 2025] PERSON_RETURNED: Person=糜芳 (ID:38), City=小沛 (ID:17), Reason=Order Completion
[Sun Jun 22 02:35:08 2025] ORDER_DELETED: Person=糜芳 (ID:38), Order=出巡 (ID:5), City=小沛 (ID:17)
[Sun Jun 22 02:35:08 2025] GAME_TURN: Year=61443, Month=8
[Sun Jun 22 02:35:09 2025] COMPUTER_TACTIC: City=西凉 (ID:0), Tactic=Armament
[Sun Jun 22 02:35:09 2025] COMPUTER_TACTIC: City=北平 (ID:1), Tactic=Armament
[Sun Jun 22 02:35:09 2025] COMPUTER_TACTIC: City=襄平 (ID:2), Tactic=Diplomatism
[Sun Jun 22 02:35:09 2025] COMPUTER_TACTIC: City=安定 (ID:3), Tactic=Armament
[Sun Jun 22 02:35:09 2025] COMPUTER_TACTIC: City=晋阳 (ID:4), Tactic=Armament
[Sun Jun 22 02:35:09 2025] COMPUTER_TACTIC: City=平原 (ID:5), Tactic=Armament
[Sun Jun 22 02:35:09 2025] COMPUTER_TACTIC: City=南皮 (ID:6), Tactic=Armament
[Sun Jun 22 02:35:09 2025] COMPUTER_TACTIC: City=北海 (ID:7), Tactic=Armament
[Sun Jun 22 02:35:09 2025] COMPUTER_TACTIC: City=天水 (ID:8), Tactic=Interior
[Sun Jun 22 02:35:09 2025] COMPUTER_TACTIC: City=河内 (ID:9), Tactic=Diplomatism
[Sun Jun 22 02:35:09 2025] COMPUTER_TACTIC: City=长安 (ID:10), Tactic=Diplomatism
[Sun Jun 22 02:35:10 2025] COMPUTER_TACTIC: City= (ID:11), Tactic=Armament
[Sun Jun 22 02:35:10 2025] COMPUTER_TACTIC: City=濮阳 (ID:12), Tactic=Interior
[Sun Jun 22 02:35:10 2025] COMPUTER_TACTIC: City=汉中 (ID:14), Tactic=Diplomatism
[Sun Jun 22 02:35:10 2025] COMPUTER_TACTIC: City=许昌 (ID:16), Tactic=Armament
[Sun Jun 22 02:35:10 2025] ORDER_CREATED: Person=简雍 (ID:33), Order=出巡 (ID:5), City=小沛 (ID:17)
[Sun Jun 22 02:35:10 2025] PERSON_REMOVED: Person=简雍 (ID:33), City=小沛 (ID:17), Reason=Order Assignment
[Sun Jun 22 02:35:10 2025] ORDER_CREATED: Person=糜竺 (ID:37), Order=出巡 (ID:5), City=小沛 (ID:17)
[Sun Jun 22 02:35:10 2025] PERSON_REMOVED: Person=糜竺 (ID:37), City=小沛 (ID:17), Reason=Order Assignment
[Sun Jun 22 02:35:10 2025] ORDER_CREATED: Person=糜芳 (ID:38), Order=出巡 (ID:5), City=小沛 (ID:17)
[Sun Jun 22 02:35:10 2025] PERSON_REMOVED: Person=糜芳 (ID:38), City=小沛 (ID:17), Reason=Order Assignment
[Sun Jun 22 02:35:10 2025] COMPUTER_TACTIC: City=梓潼 (ID:19), Tactic=Interior
[Sun Jun 22 02:35:10 2025] COMPUTER_TACTIC: City=宛城 (ID:20), Tactic=Armament
[Sun Jun 22 02:35:10 2025] COMPUTER_TACTIC: City=寿春 (ID:21), Tactic=Armament
[Sun Jun 22 02:35:10 2025] COMPUTER_TACTIC: City=建业 (ID:22), Tactic=Armament
[Sun Jun 22 02:35:10 2025] COMPUTER_TACTIC: City= (ID:23), Tactic=Armament
[Sun Jun 22 02:35:10 2025] COMPUTER_TACTIC: City=成都 (ID:24), Tactic=Diplomatism
[Sun Jun 22 02:35:10 2025] COMPUTER_TACTIC: City=棉竹 (ID:25), Tactic=Interior
[Sun Jun 22 02:35:10 2025] COMPUTER_TACTIC: City=襄阳 (ID:26), Tactic=Armament
[Sun Jun 22 02:35:10 2025] COMPUTER_TACTIC: City=江夏 (ID:27), Tactic=Armament
[Sun Jun 22 02:35:10 2025] COMPUTER_TACTIC: City=巴郡 (ID:31), Tactic=Interior
[Sun Jun 22 02:35:10 2025] COMPUTER_TACTIC: City=长沙 (ID:33), Tactic=Armament
[Sun Jun 22 02:35:10 2025] COMPUTER_TACTIC: City=建宁 (ID:37), Tactic=Diplomatism
[Sun Jun 22 02:35:10 2025] ORDER_EXECUTED: Person=简雍 (ID:33), Order=出巡 (ID:5), City=小沛 (ID:17)
[Sun Jun 22 02:35:10 2025] PERSON_RETURNED: Person=简雍 (ID:33), City=小沛 (ID:17), Reason=Order Completion
[Sun Jun 22 02:35:10 2025] ORDER_DELETED: Person=简雍 (ID:33), Order=出巡 (ID:5), City=小沛 (ID:17)
[Sun Jun 22 02:35:10 2025] ORDER_EXECUTED: Person=糜竺 (ID:37), Order=出巡 (ID:5), City=小沛 (ID:17)
[Sun Jun 22 02:35:10 2025] PERSON_RETURNED: Person=糜竺 (ID:37), City=小沛 (ID:17), Reason=Order Completion
[Sun Jun 22 02:35:10 2025] ORDER_DELETED: Person=糜竺 (ID:37), Order=出巡 (ID:5), City=小沛 (ID:17)
[Sun Jun 22 02:35:10 2025] ORDER_EXECUTED: Person=糜芳 (ID:38), Order=出巡 (ID:5), City=小沛 (ID:17)
[Sun Jun 22 02:35:10 2025] PERSON_RETURNED: Person=糜芳 (ID:38), City=小沛 (ID:17), Reason=Order Completion
[Sun Jun 22 02:35:10 2025] ORDER_DELETED: Person=糜芳 (ID:38), Order=出巡 (ID:5), City=小沛 (ID:17)
[Sun Jun 22 02:35:10 2025] GAME_TURN: Year=61443, Month=9
[Sun Jun 22 02:35:11 2025] COMPUTER_TACTIC: City=西凉 (ID:0), Tactic=Armament
[Sun Jun 22 02:35:11 2025] COMPUTER_TACTIC: City=北平 (ID:1), Tactic=Armament
[Sun Jun 22 02:35:11 2025] COMPUTER_TACTIC: City=襄平 (ID:2), Tactic=Diplomatism
[Sun Jun 22 02:35:11 2025] COMPUTER_TACTIC: City=安定 (ID:3), Tactic=Armament
[Sun Jun 22 02:35:11 2025] COMPUTER_TACTIC: City=晋阳 (ID:4), Tactic=Armament
[Sun Jun 22 02:35:11 2025] COMPUTER_TACTIC: City=平原 (ID:5), Tactic=Armament
[Sun Jun 22 02:35:11 2025] COMPUTER_TACTIC: City=南皮 (ID:6), Tactic=Interior
[Sun Jun 22 02:35:11 2025] COMPUTER_TACTIC: City=北海 (ID:7), Tactic=Armament
[Sun Jun 22 02:35:11 2025] COMPUTER_TACTIC: City=天水 (ID:8), Tactic=Interior
[Sun Jun 22 02:35:11 2025] COMPUTER_TACTIC: City=河内 (ID:9), Tactic=Armament
[Sun Jun 22 02:35:11 2025] COMPUTER_TACTIC: City=长安 (ID:10), Tactic=Interior
[Sun Jun 22 02:35:11 2025] COMPUTER_TACTIC: City= (ID:11), Tactic=Armament
[Sun Jun 22 02:35:11 2025] COMPUTER_TACTIC: City=濮阳 (ID:12), Tactic=Diplomatism
[Sun Jun 22 02:35:11 2025] ORDER_CREATED: Person=刘备 (ID:2), Order=招揽 (ID:16), City=徐州 (ID:13), Target=Person ID 43 (ID:43)
[Sun Jun 22 02:35:11 2025] PERSON_REMOVED: Person=刘备 (ID:2), City=徐州 (ID:13), Reason=Order Assignment
[Sun Jun 22 02:35:11 2025] ORDER_CREATED: Person=关羽 (ID:31), Order=招揽 (ID:16), City=徐州 (ID:13), Target=Person ID 146 (ID:146)
[Sun Jun 22 02:35:11 2025] PERSON_REMOVED: Person=关羽 (ID:31), City=徐州 (ID:13), Reason=Order Assignment
[Sun Jun 22 02:35:11 2025] ORDER_CREATED: Person=张飞 (ID:32), Order=招揽 (ID:16), City=徐州 (ID:13), Target=建宁 (ID:37)
[Sun Jun 22 02:35:11 2025] PERSON_REMOVED: Person=张飞 (ID:32), City=徐州 (ID:13), Reason=Order Assignment
[Sun Jun 22 02:35:11 2025] ORDER_CREATED: Person=陈圭 (ID:34), Order=招揽 (ID:16), City=徐州 (ID:13), Target=Person ID 112 (ID:112)
[Sun Jun 22 02:35:11 2025] PERSON_REMOVED: Person=陈圭 (ID:34), City=徐州 (ID:13), Reason=Order Assignment
[Sun Jun 22 02:35:11 2025] ORDER_CREATED: Person=孙乾 (ID:36), Order=招揽 (ID:16), City=徐州 (ID:13), Target=Person ID 52 (ID:52)
[Sun Jun 22 02:35:11 2025] PERSON_REMOVED: Person=孙乾 (ID:36), City=徐州 (ID:13), Reason=Order Assignment
[Sun Jun 22 02:35:11 2025] COMPUTER_TACTIC: City=徐州 (ID:13), Tactic=AI_Diplomatism
[Sun Jun 22 02:35:11 2025] COMPUTER_TACTIC: City=汉中 (ID:14), Tactic=Armament
[Sun Jun 22 02:35:11 2025] COMPUTER_TACTIC: City=许昌 (ID:16), Tactic=Armament
[Sun Jun 22 02:35:11 2025] ORDER_CREATED: Person=简雍 (ID:33), Order=招揽 (ID:16), City=小沛 (ID:17), Target=Person ID 92 (ID:92)
[Sun Jun 22 02:35:11 2025] PERSON_REMOVED: Person=简雍 (ID:33), City=小沛 (ID:17), Reason=Order Assignment
[Sun Jun 22 02:35:11 2025] ORDER_CREATED: Person=糜竺 (ID:37), Order=招揽 (ID:16), City=小沛 (ID:17), Target=Person ID 93 (ID:93)
[Sun Jun 22 02:35:11 2025] PERSON_REMOVED: Person=糜竺 (ID:37), City=小沛 (ID:17), Reason=Order Assignment
[Sun Jun 22 02:35:11 2025] ORDER_CREATED: Person=糜芳 (ID:38), Order=招揽 (ID:16), City=小沛 (ID:17), Target=Person ID 44 (ID:44)
[Sun Jun 22 02:35:11 2025] PERSON_REMOVED: Person=糜芳 (ID:38), City=小沛 (ID:17), Reason=Order Assignment
[Sun Jun 22 02:35:11 2025] COMPUTER_TACTIC: City=小沛 (ID:17), Tactic=AI_Diplomatism
[Sun Jun 22 02:35:11 2025] COMPUTER_TACTIC: City=梓潼 (ID:19), Tactic=Interior
[Sun Jun 22 02:35:11 2025] COMPUTER_TACTIC: City=宛城 (ID:20), Tactic=Interior
[Sun Jun 22 02:35:11 2025] COMPUTER_TACTIC: City=寿春 (ID:21), Tactic=Diplomatism
[Sun Jun 22 02:35:11 2025] COMPUTER_TACTIC: City=建业 (ID:22), Tactic=Armament
[Sun Jun 22 02:35:11 2025] COMPUTER_TACTIC: City= (ID:23), Tactic=Diplomatism
[Sun Jun 22 02:35:11 2025] COMPUTER_TACTIC: City=成都 (ID:24), Tactic=Interior
[Sun Jun 22 02:35:11 2025] COMPUTER_TACTIC: City=棉竹 (ID:25), Tactic=Interior
[Sun Jun 22 02:35:11 2025] COMPUTER_TACTIC: City=襄阳 (ID:26), Tactic=Armament
[Sun Jun 22 02:35:11 2025] COMPUTER_TACTIC: City=江夏 (ID:27), Tactic=Armament
[Sun Jun 22 02:35:11 2025] COMPUTER_TACTIC: City=巴郡 (ID:31), Tactic=Diplomatism
[Sun Jun 22 02:35:11 2025] COMPUTER_TACTIC: City=长沙 (ID:33), Tactic=Armament
[Sun Jun 22 02:35:11 2025] COMPUTER_TACTIC: City=建宁 (ID:37), Tactic=Armament
[Sun Jun 22 02:35:11 2025] ORDER_EXECUTED: Person=刘备 (ID:2), Order=招揽 (ID:16), City=徐州 (ID:13), Target=Person ID 43 (ID:43)
[Sun Jun 22 02:35:11 2025] PERSON_RETURNED: Person=刘备 (ID:2), City=徐州 (ID:13), Reason=Order Completion
[Sun Jun 22 02:35:11 2025] ORDER_DELETED: Person=刘备 (ID:2), Order=招揽 (ID:16), City=徐州 (ID:13), Target=Person ID 43 (ID:43)
[Sun Jun 22 02:35:11 2025] ORDER_EXECUTED: Person=关羽 (ID:31), Order=招揽 (ID:16), City=徐州 (ID:13), Target=Person ID 146 (ID:146)
[Sun Jun 22 02:35:11 2025] PERSON_RETURNED: Person=关羽 (ID:31), City=徐州 (ID:13), Reason=Order Completion
[Sun Jun 22 02:35:11 2025] ORDER_DELETED: Person=关羽 (ID:31), Order=招揽 (ID:16), City=徐州 (ID:13), Target=Person ID 146 (ID:146)
[Sun Jun 22 02:35:11 2025] ORDER_EXECUTED: Person=张飞 (ID:32), Order=招揽 (ID:16), City=徐州 (ID:13), Target=建宁 (ID:37)
[Sun Jun 22 02:35:11 2025] PERSON_RETURNED: Person=张飞 (ID:32), City=徐州 (ID:13), Reason=Order Completion
[Sun Jun 22 02:35:11 2025] ORDER_DELETED: Person=张飞 (ID:32), Order=招揽 (ID:16), City=徐州 (ID:13), Target=建宁 (ID:37)
[Sun Jun 22 02:35:11 2025] ORDER_EXECUTED: Person=陈圭 (ID:34), Order=招揽 (ID:16), City=徐州 (ID:13), Target=Person ID 112 (ID:112)
[Sun Jun 22 02:35:11 2025] PERSON_RETURNED: Person=陈圭 (ID:34), City=徐州 (ID:13), Reason=Order Completion
[Sun Jun 22 02:35:11 2025] ORDER_DELETED: Person=陈圭 (ID:34), Order=招揽 (ID:16), City=徐州 (ID:13), Target=Person ID 112 (ID:112)
[Sun Jun 22 02:35:11 2025] ORDER_EXECUTED: Person=孙乾 (ID:36), Order=招揽 (ID:16), City=徐州 (ID:13), Target=Person ID 52 (ID:52)
[Sun Jun 22 02:35:11 2025] PERSON_RETURNED: Person=孙乾 (ID:36), City=徐州 (ID:13), Reason=Order Completion
[Sun Jun 22 02:35:11 2025] ORDER_DELETED: Person=孙乾 (ID:36), Order=招揽 (ID:16), City=徐州 (ID:13), Target=Person ID 52 (ID:52)
[Sun Jun 22 02:35:11 2025] ORDER_EXECUTED: Person=简雍 (ID:33), Order=招揽 (ID:16), City=小沛 (ID:17), Target=Person ID 92 (ID:92)
[Sun Jun 22 02:35:11 2025] PERSON_RETURNED: Person=简雍 (ID:33), City=小沛 (ID:17), Reason=Order Completion
[Sun Jun 22 02:35:11 2025] ORDER_DELETED: Person=简雍 (ID:33), Order=招揽 (ID:16), City=小沛 (ID:17), Target=Person ID 92 (ID:92)
[Sun Jun 22 02:35:11 2025] ORDER_EXECUTED: Person=糜竺 (ID:37), Order=招揽 (ID:16), City=小沛 (ID:17), Target=Person ID 93 (ID:93)
[Sun Jun 22 02:35:11 2025] PERSON_RETURNED: Person=糜竺 (ID:37), City=小沛 (ID:17), Reason=Order Completion
[Sun Jun 22 02:35:11 2025] ORDER_DELETED: Person=糜竺 (ID:37), Order=招揽 (ID:16), City=小沛 (ID:17), Target=Person ID 93 (ID:93)
[Sun Jun 22 02:35:11 2025] ORDER_EXECUTED: Person=糜芳 (ID:38), Order=招揽 (ID:16), City=小沛 (ID:17), Target=Person ID 44 (ID:44)
[Sun Jun 22 02:35:11 2025] PERSON_RETURNED: Person=糜芳 (ID:38), City=小沛 (ID:17), Reason=Order Completion
[Sun Jun 22 02:35:11 2025] ORDER_DELETED: Person=糜芳 (ID:38), Order=招揽 (ID:16), City=小沛 (ID:17), Target=Person ID 44 (ID:44)
[Sun Jun 22 02:35:11 2025] GAME_TURN: Year=61443, Month=10
[Sun Jun 22 02:35:12 2025] COMPUTER_TACTIC: City=西凉 (ID:0), Tactic=Armament
[Sun Jun 22 02:35:12 2025] COMPUTER_TACTIC: City=北平 (ID:1), Tactic=Armament
[Sun Jun 22 02:35:12 2025] COMPUTER_TACTIC: City=襄平 (ID:2), Tactic=Interior
[Sun Jun 22 02:35:12 2025] COMPUTER_TACTIC: City=安定 (ID:3), Tactic=Armament
[Sun Jun 22 02:35:12 2025] COMPUTER_TACTIC: City=晋阳 (ID:4), Tactic=Armament
[Sun Jun 22 02:35:12 2025] COMPUTER_TACTIC: City=平原 (ID:5), Tactic=Armament
[Sun Jun 22 02:35:12 2025] COMPUTER_TACTIC: City=南皮 (ID:6), Tactic=Armament
[Sun Jun 22 02:35:12 2025] COMPUTER_TACTIC: City=北海 (ID:7), Tactic=Armament
[Sun Jun 22 02:35:12 2025] COMPUTER_TACTIC: City=天水 (ID:8), Tactic=Armament
[Sun Jun 22 02:35:12 2025] COMPUTER_TACTIC: City=河内 (ID:9), Tactic=Interior
[Sun Jun 22 02:35:12 2025] COMPUTER_TACTIC: City=长安 (ID:10), Tactic=Diplomatism
[Sun Jun 22 02:35:12 2025] COMPUTER_TACTIC: City= (ID:11), Tactic=Armament
[Sun Jun 22 02:35:12 2025] COMPUTER_TACTIC: City=濮阳 (ID:12), Tactic=Interior
[Sun Jun 22 02:35:12 2025] COMPUTER_TACTIC: City=汉中 (ID:14), Tactic=Armament
[Sun Jun 22 02:35:12 2025] COMPUTER_TACTIC: City=许昌 (ID:16), Tactic=Interior
[Sun Jun 22 02:35:12 2025] COMPUTER_TACTIC: City=梓潼 (ID:19), Tactic=Interior
[Sun Jun 22 02:35:12 2025] COMPUTER_TACTIC: City=宛城 (ID:20), Tactic=Armament
[Sun Jun 22 02:35:12 2025] COMPUTER_TACTIC: City=寿春 (ID:21), Tactic=Diplomatism
[Sun Jun 22 02:35:12 2025] COMPUTER_TACTIC: City=建业 (ID:22), Tactic=Interior
[Sun Jun 22 02:35:12 2025] COMPUTER_TACTIC: City= (ID:23), Tactic=Armament
[Sun Jun 22 02:35:12 2025] COMPUTER_TACTIC: City=成都 (ID:24), Tactic=Interior
[Sun Jun 22 02:35:12 2025] COMPUTER_TACTIC: City=棉竹 (ID:25), Tactic=Diplomatism
[Sun Jun 22 02:35:12 2025] COMPUTER_TACTIC: City=襄阳 (ID:26), Tactic=Armament
[Sun Jun 22 02:35:12 2025] COMPUTER_TACTIC: City=江夏 (ID:27), Tactic=Interior
[Sun Jun 22 02:35:12 2025] COMPUTER_TACTIC: City=巴郡 (ID:31), Tactic=Diplomatism
[Sun Jun 22 02:35:12 2025] COMPUTER_TACTIC: City=长沙 (ID:33), Tactic=Interior
[Sun Jun 22 02:35:12 2025] COMPUTER_TACTIC: City=建宁 (ID:37), Tactic=Armament
[Sun Jun 22 02:35:12 2025] GAME_TURN: Year=61443, Month=11
[Sun Jun 22 02:35:14 2025] COMPUTER_TACTIC: City=西凉 (ID:0), Tactic=Diplomatism
[Sun Jun 22 02:35:14 2025] COMPUTER_TACTIC: City=北平 (ID:1), Tactic=Armament
[Sun Jun 22 02:35:14 2025] COMPUTER_TACTIC: City=襄平 (ID:2), Tactic=Interior
[Sun Jun 22 02:35:14 2025] COMPUTER_TACTIC: City=安定 (ID:3), Tactic=Armament
[Sun Jun 22 02:35:14 2025] COMPUTER_TACTIC: City=晋阳 (ID:4), Tactic=Armament
[Sun Jun 22 02:35:14 2025] COMPUTER_TACTIC: City=平原 (ID:5), Tactic=Armament
[Sun Jun 22 02:35:14 2025] COMPUTER_TACTIC: City=南皮 (ID:6), Tactic=Armament
[Sun Jun 22 02:35:14 2025] COMPUTER_TACTIC: City=北海 (ID:7), Tactic=Armament
[Sun Jun 22 02:35:14 2025] COMPUTER_TACTIC: City=天水 (ID:8), Tactic=Armament
[Sun Jun 22 02:35:14 2025] COMPUTER_TACTIC: City=河内 (ID:9), Tactic=Interior
[Sun Jun 22 02:35:14 2025] COMPUTER_TACTIC: City=长安 (ID:10), Tactic=Armament
[Sun Jun 22 02:35:14 2025] COMPUTER_TACTIC: City= (ID:11), Tactic=Armament
[Sun Jun 22 02:35:14 2025] COMPUTER_TACTIC: City=濮阳 (ID:12), Tactic=Interior
[Sun Jun 22 02:35:14 2025] COMPUTER_TACTIC: City=汉中 (ID:14), Tactic=Diplomatism
[Sun Jun 22 02:35:14 2025] COMPUTER_TACTIC: City=许昌 (ID:16), Tactic=Armament
[Sun Jun 22 02:35:14 2025] ORDER_CREATED: Person=简雍 (ID:33), Order=招揽 (ID:16), City=小沛 (ID:17), Target=武陵 (ID:32)
[Sun Jun 22 02:35:14 2025] PERSON_REMOVED: Person=简雍 (ID:33), City=小沛 (ID:17), Reason=Order Assignment
[Sun Jun 22 02:35:14 2025] ORDER_CREATED: Person=糜竺 (ID:37), Order=招揽 (ID:16), City=小沛 (ID:17), Target=Person ID 107 (ID:107)
[Sun Jun 22 02:35:14 2025] PERSON_REMOVED: Person=糜竺 (ID:37), City=小沛 (ID:17), Reason=Order Assignment
[Sun Jun 22 02:35:14 2025] ORDER_CREATED: Person=糜芳 (ID:38), Order=招揽 (ID:16), City=小沛 (ID:17), Target=Person ID 116 (ID:116)
[Sun Jun 22 02:35:14 2025] PERSON_REMOVED: Person=糜芳 (ID:38), City=小沛 (ID:17), Reason=Order Assignment
[Sun Jun 22 02:35:14 2025] COMPUTER_TACTIC: City=小沛 (ID:17), Tactic=AI_Diplomatism
[Sun Jun 22 02:35:14 2025] ORDER_CREATED: Person=陈登 (ID:35), Order=招揽 (ID:16), City=下邳 (ID:18), Target=梓潼 (ID:19)
[Sun Jun 22 02:35:14 2025] PERSON_REMOVED: Person=陈登 (ID:35), City=下邳 (ID:18), Reason=Order Assignment
[Sun Jun 22 02:35:14 2025] ORDER_CREATED: Person=曹豹 (ID:39), Order=招揽 (ID:16), City=下邳 (ID:18), Target=Person ID 57 (ID:57)
[Sun Jun 22 02:35:14 2025] PERSON_REMOVED: Person=曹豹 (ID:39), City=下邳 (ID:18), Reason=Order Assignment
[Sun Jun 22 02:35:14 2025] COMPUTER_TACTIC: City=下邳 (ID:18), Tactic=AI_Diplomatism
[Sun Jun 22 02:35:14 2025] COMPUTER_TACTIC: City=梓潼 (ID:19), Tactic=Interior
[Sun Jun 22 02:35:14 2025] COMPUTER_TACTIC: City=宛城 (ID:20), Tactic=Armament
[Sun Jun 22 02:35:14 2025] COMPUTER_TACTIC: City=寿春 (ID:21), Tactic=Armament
[Sun Jun 22 02:35:14 2025] COMPUTER_TACTIC: City=建业 (ID:22), Tactic=Armament
[Sun Jun 22 02:35:14 2025] COMPUTER_TACTIC: City= (ID:23), Tactic=Armament
[Sun Jun 22 02:35:14 2025] COMPUTER_TACTIC: City=成都 (ID:24), Tactic=Diplomatism
[Sun Jun 22 02:35:14 2025] COMPUTER_TACTIC: City=棉竹 (ID:25), Tactic=Armament
[Sun Jun 22 02:35:14 2025] COMPUTER_TACTIC: City=襄阳 (ID:26), Tactic=Armament
[Sun Jun 22 02:35:14 2025] COMPUTER_TACTIC: City=江夏 (ID:27), Tactic=Armament
[Sun Jun 22 02:35:14 2025] COMPUTER_TACTIC: City=巴郡 (ID:31), Tactic=Interior
[Sun Jun 22 02:35:14 2025] COMPUTER_TACTIC: City=长沙 (ID:33), Tactic=Armament
[Sun Jun 22 02:35:14 2025] COMPUTER_TACTIC: City=建宁 (ID:37), Tactic=Armament
[Sun Jun 22 02:35:14 2025] ORDER_EXECUTED: Person=简雍 (ID:33), Order=招揽 (ID:16), City=小沛 (ID:17), Target=武陵 (ID:32)
[Sun Jun 22 02:35:14 2025] PERSON_RETURNED: Person=简雍 (ID:33), City=小沛 (ID:17), Reason=Order Completion
[Sun Jun 22 02:35:14 2025] ORDER_DELETED: Person=简雍 (ID:33), Order=招揽 (ID:16), City=小沛 (ID:17), Target=武陵 (ID:32)
[Sun Jun 22 02:35:14 2025] ORDER_EXECUTED: Person=糜竺 (ID:37), Order=招揽 (ID:16), City=小沛 (ID:17), Target=Person ID 107 (ID:107)
[Sun Jun 22 02:35:14 2025] PERSON_RETURNED: Person=糜竺 (ID:37), City=小沛 (ID:17), Reason=Order Completion
[Sun Jun 22 02:35:14 2025] ORDER_DELETED: Person=糜竺 (ID:37), Order=招揽 (ID:16), City=小沛 (ID:17), Target=Person ID 107 (ID:107)
[Sun Jun 22 02:35:14 2025] ORDER_EXECUTED: Person=糜芳 (ID:38), Order=招揽 (ID:16), City=小沛 (ID:17), Target=Person ID 116 (ID:116)
[Sun Jun 22 02:35:14 2025] PERSON_RETURNED: Person=糜芳 (ID:38), City=小沛 (ID:17), Reason=Order Completion
[Sun Jun 22 02:35:14 2025] ORDER_DELETED: Person=糜芳 (ID:38), Order=招揽 (ID:16), City=小沛 (ID:17), Target=Person ID 116 (ID:116)
[Sun Jun 22 02:35:14 2025] ORDER_EXECUTED: Person=陈登 (ID:35), Order=招揽 (ID:16), City=下邳 (ID:18), Target=梓潼 (ID:19)
[Sun Jun 22 02:35:14 2025] PERSON_RETURNED: Person=陈登 (ID:35), City=下邳 (ID:18), Reason=Order Completion
[Sun Jun 22 02:35:14 2025] ORDER_DELETED: Person=陈登 (ID:35), Order=招揽 (ID:16), City=下邳 (ID:18), Target=梓潼 (ID:19)
[Sun Jun 22 02:35:14 2025] ORDER_EXECUTED: Person=曹豹 (ID:39), Order=招揽 (ID:16), City=下邳 (ID:18), Target=Person ID 57 (ID:57)
[Sun Jun 22 02:35:14 2025] PERSON_RETURNED: Person=曹豹 (ID:39), City=下邳 (ID:18), Reason=Order Completion
[Sun Jun 22 02:35:14 2025] ORDER_DELETED: Person=曹豹 (ID:39), Order=招揽 (ID:16), City=下邳 (ID:18), Target=Person ID 57 (ID:57)
[Sun Jun 22 02:35:14 2025] GAME_TURN: Year=61443, Month=12
[Sun Jun 22 02:35:17 2025] COMPUTER_TACTIC: City=西凉 (ID:0), Tactic=Armament
[Sun Jun 22 02:35:17 2025] COMPUTER_TACTIC: City=北平 (ID:1), Tactic=Interior
[Sun Jun 22 02:35:17 2025] COMPUTER_TACTIC: City=襄平 (ID:2), Tactic=Armament
[Sun Jun 22 02:35:17 2025] COMPUTER_TACTIC: City=安定 (ID:3), Tactic=Armament
[Sun Jun 22 02:35:17 2025] COMPUTER_TACTIC: City=晋阳 (ID:4), Tactic=Armament
[Sun Jun 22 02:35:17 2025] COMPUTER_TACTIC: City=平原 (ID:5), Tactic=Armament
[Sun Jun 22 02:35:17 2025] COMPUTER_TACTIC: City=南皮 (ID:6), Tactic=Armament
[Sun Jun 22 02:35:17 2025] COMPUTER_TACTIC: City=北海 (ID:7), Tactic=Armament
[Sun Jun 22 02:35:17 2025] COMPUTER_TACTIC: City=天水 (ID:8), Tactic=Armament
[Sun Jun 22 02:35:17 2025] COMPUTER_TACTIC: City=河内 (ID:9), Tactic=Interior
[Sun Jun 22 02:35:17 2025] COMPUTER_TACTIC: City=长安 (ID:10), Tactic=Interior
[Sun Jun 22 02:35:17 2025] COMPUTER_TACTIC: City= (ID:11), Tactic=Armament
[Sun Jun 22 02:35:17 2025] COMPUTER_TACTIC: City=濮阳 (ID:12), Tactic=Diplomatism
[Sun Jun 22 02:35:17 2025] COMPUTER_TACTIC: City=汉中 (ID:14), Tactic=Interior
[Sun Jun 22 02:35:17 2025] COMPUTER_TACTIC: City=许昌 (ID:16), Tactic=Armament
[Sun Jun 22 02:35:17 2025] COMPUTER_TACTIC: City=梓潼 (ID:19), Tactic=Interior
[Sun Jun 22 02:35:17 2025] COMPUTER_TACTIC: City=宛城 (ID:20), Tactic=Armament
[Sun Jun 22 02:35:17 2025] COMPUTER_TACTIC: City=寿春 (ID:21), Tactic=Interior
[Sun Jun 22 02:35:17 2025] COMPUTER_TACTIC: City=建业 (ID:22), Tactic=Armament
[Sun Jun 22 02:35:17 2025] COMPUTER_TACTIC: City= (ID:23), Tactic=Armament
[Sun Jun 22 02:35:17 2025] COMPUTER_TACTIC: City=成都 (ID:24), Tactic=Interior
[Sun Jun 22 02:35:17 2025] COMPUTER_TACTIC: City=棉竹 (ID:25), Tactic=Armament
[Sun Jun 22 02:35:17 2025] COMPUTER_TACTIC: City=襄阳 (ID:26), Tactic=Armament
[Sun Jun 22 02:35:17 2025] COMPUTER_TACTIC: City=江夏 (ID:27), Tactic=Diplomatism
[Sun Jun 22 02:35:17 2025] COMPUTER_TACTIC: City=巴郡 (ID:31), Tactic=Interior
[Sun Jun 22 02:35:17 2025] COMPUTER_TACTIC: City=长沙 (ID:33), Tactic=Interior
[Sun Jun 22 02:35:17 2025] COMPUTER_TACTIC: City=建宁 (ID:37), Tactic=Diplomatism
[Sun Jun 22 02:35:17 2025] GAME_TURN: Year=61444, Month=1
[Sun Jun 22 02:35:18 2025] COMPUTER_TACTIC: City=西凉 (ID:0), Tactic=Armament
[Sun Jun 22 02:35:18 2025] COMPUTER_TACTIC: City=北平 (ID:1), Tactic=Armament
[Sun Jun 22 02:35:18 2025] COMPUTER_TACTIC: City=襄平 (ID:2), Tactic=Interior
[Sun Jun 22 02:35:18 2025] COMPUTER_TACTIC: City=安定 (ID:3), Tactic=Diplomatism
[Sun Jun 22 02:35:18 2025] COMPUTER_TACTIC: City=晋阳 (ID:4), Tactic=Armament
[Sun Jun 22 02:35:18 2025] COMPUTER_TACTIC: City=平原 (ID:5), Tactic=Armament
[Sun Jun 22 02:35:18 2025] COMPUTER_TACTIC: City=南皮 (ID:6), Tactic=Diplomatism
[Sun Jun 22 02:35:18 2025] COMPUTER_TACTIC: City=北海 (ID:7), Tactic=Armament
[Sun Jun 22 02:35:18 2025] COMPUTER_TACTIC: City=天水 (ID:8), Tactic=Armament
[Sun Jun 22 02:35:18 2025] COMPUTER_TACTIC: City=河内 (ID:9), Tactic=Diplomatism
[Sun Jun 22 02:35:18 2025] COMPUTER_TACTIC: City=长安 (ID:10), Tactic=Diplomatism
[Sun Jun 22 02:35:18 2025] COMPUTER_TACTIC: City= (ID:11), Tactic=Armament
[Sun Jun 22 02:35:18 2025] COMPUTER_TACTIC: City=濮阳 (ID:12), Tactic=Diplomatism
[Sun Jun 22 02:35:18 2025] COMPUTER_TACTIC: City=汉中 (ID:14), Tactic=Diplomatism
[Sun Jun 22 02:35:18 2025] COMPUTER_TACTIC: City=许昌 (ID:16), Tactic=Diplomatism
[Sun Jun 22 02:35:18 2025] ORDER_CREATED: Person=陈登 (ID:35), Order=招揽 (ID:16), City=下邳 (ID:18), Target=Person ID 117 (ID:117)
[Sun Jun 22 02:35:18 2025] PERSON_REMOVED: Person=陈登 (ID:35), City=下邳 (ID:18), Reason=Order Assignment
[Sun Jun 22 02:35:18 2025] ORDER_CREATED: Person=曹豹 (ID:39), Order=招揽 (ID:16), City=下邳 (ID:18), Target=Person ID 49 (ID:49)
[Sun Jun 22 02:35:18 2025] PERSON_REMOVED: Person=曹豹 (ID:39), City=下邳 (ID:18), Reason=Order Assignment
[Sun Jun 22 02:35:18 2025] COMPUTER_TACTIC: City=下邳 (ID:18), Tactic=AI_Diplomatism
[Sun Jun 22 02:35:18 2025] COMPUTER_TACTIC: City=梓潼 (ID:19), Tactic=Armament
[Sun Jun 22 02:35:18 2025] COMPUTER_TACTIC: City=宛城 (ID:20), Tactic=Interior
[Sun Jun 22 02:35:18 2025] COMPUTER_TACTIC: City=寿春 (ID:21), Tactic=Interior
[Sun Jun 22 02:35:18 2025] COMPUTER_TACTIC: City=建业 (ID:22), Tactic=Interior
[Sun Jun 22 02:35:18 2025] COMPUTER_TACTIC: City= (ID:23), Tactic=Armament
[Sun Jun 22 02:35:18 2025] COMPUTER_TACTIC: City=成都 (ID:24), Tactic=Armament
[Sun Jun 22 02:35:18 2025] COMPUTER_TACTIC: City=棉竹 (ID:25), Tactic=Diplomatism
[Sun Jun 22 02:35:18 2025] COMPUTER_TACTIC: City=襄阳 (ID:26), Tactic=Armament
[Sun Jun 22 02:35:18 2025] COMPUTER_TACTIC: City=江夏 (ID:27), Tactic=Armament
[Sun Jun 22 02:35:18 2025] COMPUTER_TACTIC: City=巴郡 (ID:31), Tactic=Diplomatism
[Sun Jun 22 02:35:18 2025] COMPUTER_TACTIC: City=长沙 (ID:33), Tactic=Diplomatism
[Sun Jun 22 02:35:18 2025] COMPUTER_TACTIC: City=建宁 (ID:37), Tactic=Armament
[Sun Jun 22 02:35:20 2025] ORDER_EXECUTED: Person=陈登 (ID:35), Order=招揽 (ID:16), City=下邳 (ID:18), Target=Person ID 117 (ID:117)
[Sun Jun 22 02:35:20 2025] PERSON_RETURNED: Person=陈登 (ID:35), City=下邳 (ID:18), Reason=Order Completion
[Sun Jun 22 02:35:20 2025] ORDER_DELETED: Person=陈登 (ID:35), Order=招揽 (ID:16), City=下邳 (ID:18), Target=Person ID 117 (ID:117)
[Sun Jun 22 02:35:20 2025] ORDER_EXECUTED: Person=曹豹 (ID:39), Order=招揽 (ID:16), City=下邳 (ID:18), Target=Person ID 49 (ID:49)
[Sun Jun 22 02:35:20 2025] PERSON_RETURNED: Person=曹豹 (ID:39), City=下邳 (ID:18), Reason=Order Completion
[Sun Jun 22 02:35:20 2025] ORDER_DELETED: Person=曹豹 (ID:39), Order=招揽 (ID:16), City=下邳 (ID:18), Target=Person ID 49 (ID:49)
[Sun Jun 22 02:35:21 2025] GAME_TURN: Year=61444, Month=2
[Sun Jun 22 02:35:22 2025] COMPUTER_TACTIC: City=西凉 (ID:0), Tactic=Armament
[Sun Jun 22 02:35:22 2025] COMPUTER_TACTIC: City=北平 (ID:1), Tactic=Armament
[Sun Jun 22 02:35:22 2025] COMPUTER_TACTIC: City=襄平 (ID:2), Tactic=Diplomatism
[Sun Jun 22 02:35:22 2025] COMPUTER_TACTIC: City=安定 (ID:3), Tactic=Armament
[Sun Jun 22 02:35:22 2025] COMPUTER_TACTIC: City=晋阳 (ID:4), Tactic=Armament
[Sun Jun 22 02:35:22 2025] COMPUTER_TACTIC: City=平原 (ID:5), Tactic=Interior
[Sun Jun 22 02:35:22 2025] COMPUTER_TACTIC: City=南皮 (ID:6), Tactic=Armament
[Sun Jun 22 02:35:22 2025] COMPUTER_TACTIC: City=北海 (ID:7), Tactic=Armament
[Sun Jun 22 02:35:22 2025] COMPUTER_TACTIC: City=天水 (ID:8), Tactic=Armament
[Sun Jun 22 02:35:22 2025] COMPUTER_TACTIC: City=河内 (ID:9), Tactic=Armament
[Sun Jun 22 02:35:22 2025] COMPUTER_TACTIC: City=长安 (ID:10), Tactic=Armament
[Sun Jun 22 02:35:22 2025] COMPUTER_TACTIC: City= (ID:11), Tactic=Armament
[Sun Jun 22 02:35:22 2025] COMPUTER_TACTIC: City=濮阳 (ID:12), Tactic=Interior
[Sun Jun 22 02:35:22 2025] COMPUTER_TACTIC: City=汉中 (ID:14), Tactic=Interior
[Sun Jun 22 02:35:22 2025] COMPUTER_TACTIC: City=许昌 (ID:16), Tactic=Armament
[Sun Jun 22 02:35:22 2025] ORDER_CREATED: Person=简雍 (ID:33), Order=出巡 (ID:5), City=小沛 (ID:17)
[Sun Jun 22 02:35:22 2025] PERSON_REMOVED: Person=简雍 (ID:33), City=小沛 (ID:17), Reason=Order Assignment
[Sun Jun 22 02:35:22 2025] ORDER_CREATED: Person=糜竺 (ID:37), Order=出巡 (ID:5), City=小沛 (ID:17)
[Sun Jun 22 02:35:22 2025] PERSON_REMOVED: Person=糜竺 (ID:37), City=小沛 (ID:17), Reason=Order Assignment
[Sun Jun 22 02:35:22 2025] ORDER_CREATED: Person=糜芳 (ID:38), Order=出巡 (ID:5), City=小沛 (ID:17)
[Sun Jun 22 02:35:22 2025] PERSON_REMOVED: Person=糜芳 (ID:38), City=小沛 (ID:17), Reason=Order Assignment
[Sun Jun 22 02:35:22 2025] COMPUTER_TACTIC: City=小沛 (ID:17), Tactic=Interior
[Sun Jun 22 02:35:22 2025] COMPUTER_TACTIC: City=梓潼 (ID:19), Tactic=Diplomatism
[Sun Jun 22 02:35:22 2025] COMPUTER_TACTIC: City=宛城 (ID:20), Tactic=Diplomatism
[Sun Jun 22 02:35:22 2025] COMPUTER_TACTIC: City=寿春 (ID:21), Tactic=Interior
[Sun Jun 22 02:35:22 2025] COMPUTER_TACTIC: City=建业 (ID:22), Tactic=Armament
[Sun Jun 22 02:35:22 2025] COMPUTER_TACTIC: City= (ID:23), Tactic=Armament
[Sun Jun 22 02:35:22 2025] COMPUTER_TACTIC: City=成都 (ID:24), Tactic=Interior
[Sun Jun 22 02:35:22 2025] COMPUTER_TACTIC: City=棉竹 (ID:25), Tactic=Interior
[Sun Jun 22 02:35:22 2025] COMPUTER_TACTIC: City=襄阳 (ID:26), Tactic=Interior
[Sun Jun 22 02:35:22 2025] COMPUTER_TACTIC: City=江夏 (ID:27), Tactic=Armament
[Sun Jun 22 02:35:22 2025] COMPUTER_TACTIC: City=巴郡 (ID:31), Tactic=Diplomatism
[Sun Jun 22 02:35:22 2025] COMPUTER_TACTIC: City=长沙 (ID:33), Tactic=Diplomatism
[Sun Jun 22 02:35:22 2025] COMPUTER_TACTIC: City=建宁 (ID:37), Tactic=Armament
[Sun Jun 22 02:35:22 2025] ORDER_EXECUTED: Person=简雍 (ID:33), Order=出巡 (ID:5), City=小沛 (ID:17)
[Sun Jun 22 02:35:22 2025] PERSON_RETURNED: Person=简雍 (ID:33), City=小沛 (ID:17), Reason=Order Completion
[Sun Jun 22 02:35:22 2025] ORDER_DELETED: Person=简雍 (ID:33), Order=出巡 (ID:5), City=小沛 (ID:17)
[Sun Jun 22 02:35:22 2025] ORDER_EXECUTED: Person=糜竺 (ID:37), Order=出巡 (ID:5), City=小沛 (ID:17)
[Sun Jun 22 02:35:22 2025] PERSON_RETURNED: Person=糜竺 (ID:37), City=小沛 (ID:17), Reason=Order Completion
[Sun Jun 22 02:35:22 2025] ORDER_DELETED: Person=糜竺 (ID:37), Order=出巡 (ID:5), City=小沛 (ID:17)
[Sun Jun 22 02:35:22 2025] ORDER_EXECUTED: Person=糜芳 (ID:38), Order=出巡 (ID:5), City=小沛 (ID:17)
[Sun Jun 22 02:35:22 2025] PERSON_RETURNED: Person=糜芳 (ID:38), City=小沛 (ID:17), Reason=Order Completion
[Sun Jun 22 02:35:22 2025] ORDER_DELETED: Person=糜芳 (ID:38), Order=出巡 (ID:5), City=小沛 (ID:17)
[Sun Jun 22 02:35:23 2025] GAME_TURN: Year=61444, Month=3
[Sun Jun 22 02:35:24 2025] COMPUTER_TACTIC: City=西凉 (ID:0), Tactic=Armament
[Sun Jun 22 02:35:24 2025] COMPUTER_TACTIC: City=北平 (ID:1), Tactic=Armament
[Sun Jun 22 02:35:24 2025] COMPUTER_TACTIC: City=襄平 (ID:2), Tactic=Diplomatism
[Sun Jun 22 02:35:24 2025] COMPUTER_TACTIC: City=安定 (ID:3), Tactic=Diplomatism
[Sun Jun 22 02:35:24 2025] COMPUTER_TACTIC: City=晋阳 (ID:4), Tactic=Diplomatism
[Sun Jun 22 02:35:24 2025] COMPUTER_TACTIC: City=平原 (ID:5), Tactic=Armament
[Sun Jun 22 02:35:24 2025] COMPUTER_TACTIC: City=南皮 (ID:6), Tactic=Interior
[Sun Jun 22 02:35:24 2025] COMPUTER_TACTIC: City=北海 (ID:7), Tactic=Diplomatism
[Sun Jun 22 02:35:24 2025] COMPUTER_TACTIC: City=天水 (ID:8), Tactic=Armament
[Sun Jun 22 02:35:24 2025] COMPUTER_TACTIC: City=河内 (ID:9), Tactic=Diplomatism
[Sun Jun 22 02:35:24 2025] COMPUTER_TACTIC: City=长安 (ID:10), Tactic=Armament
[Sun Jun 22 02:35:24 2025] COMPUTER_TACTIC: City= (ID:11), Tactic=Armament
[Sun Jun 22 02:35:24 2025] COMPUTER_TACTIC: City=濮阳 (ID:12), Tactic=Diplomatism
[Sun Jun 22 02:35:24 2025] COMPUTER_TACTIC: City=汉中 (ID:14), Tactic=Armament
[Sun Jun 22 02:35:24 2025] COMPUTER_TACTIC: City=许昌 (ID:16), Tactic=Interior
[Sun Jun 22 02:35:24 2025] COMPUTER_TACTIC: City=梓潼 (ID:19), Tactic=Armament
[Sun Jun 22 02:35:24 2025] COMPUTER_TACTIC: City=宛城 (ID:20), Tactic=Armament
[Sun Jun 22 02:35:24 2025] COMPUTER_TACTIC: City=寿春 (ID:21), Tactic=Interior
[Sun Jun 22 02:35:24 2025] COMPUTER_TACTIC: City=建业 (ID:22), Tactic=Armament
[Sun Jun 22 02:35:24 2025] COMPUTER_TACTIC: City= (ID:23), Tactic=Diplomatism
[Sun Jun 22 02:35:24 2025] COMPUTER_TACTIC: City=成都 (ID:24), Tactic=Armament
[Sun Jun 22 02:35:24 2025] COMPUTER_TACTIC: City=棉竹 (ID:25), Tactic=Armament
[Sun Jun 22 02:35:24 2025] COMPUTER_TACTIC: City=襄阳 (ID:26), Tactic=Armament
[Sun Jun 22 02:35:24 2025] COMPUTER_TACTIC: City=江夏 (ID:27), Tactic=Diplomatism
[Sun Jun 22 02:35:24 2025] COMPUTER_TACTIC: City=巴郡 (ID:31), Tactic=Diplomatism
[Sun Jun 22 02:35:24 2025] COMPUTER_TACTIC: City=长沙 (ID:33), Tactic=Interior
[Sun Jun 22 02:35:24 2025] COMPUTER_TACTIC: City=建宁 (ID:37), Tactic=Armament
[Sun Jun 22 02:35:25 2025] GAME_TURN: Year=61444, Month=4
[Sun Jun 22 02:35:28 2025] COMPUTER_TACTIC: City=西凉 (ID:0), Tactic=Armament
[Sun Jun 22 02:35:28 2025] COMPUTER_TACTIC: City=北平 (ID:1), Tactic=Armament
[Sun Jun 22 02:35:28 2025] COMPUTER_TACTIC: City=襄平 (ID:2), Tactic=Interior
[Sun Jun 22 02:35:28 2025] COMPUTER_TACTIC: City=安定 (ID:3), Tactic=Diplomatism
[Sun Jun 22 02:35:28 2025] COMPUTER_TACTIC: City=晋阳 (ID:4), Tactic=Interior
[Sun Jun 22 02:35:28 2025] COMPUTER_TACTIC: City=平原 (ID:5), Tactic=Interior
[Sun Jun 22 02:35:28 2025] COMPUTER_TACTIC: City=南皮 (ID:6), Tactic=Armament
[Sun Jun 22 02:35:28 2025] COMPUTER_TACTIC: City=北海 (ID:7), Tactic=Interior
[Sun Jun 22 02:35:28 2025] COMPUTER_TACTIC: City=天水 (ID:8), Tactic=Armament
[Sun Jun 22 02:35:28 2025] COMPUTER_TACTIC: City=河内 (ID:9), Tactic=Diplomatism
[Sun Jun 22 02:35:28 2025] COMPUTER_TACTIC: City=长安 (ID:10), Tactic=Diplomatism
[Sun Jun 22 02:35:28 2025] COMPUTER_TACTIC: City= (ID:11), Tactic=Armament
[Sun Jun 22 02:35:28 2025] COMPUTER_TACTIC: City=濮阳 (ID:12), Tactic=Interior
[Sun Jun 22 02:35:28 2025] COMPUTER_TACTIC: City=汉中 (ID:14), Tactic=Interior
[Sun Jun 22 02:35:28 2025] COMPUTER_TACTIC: City=许昌 (ID:16), Tactic=Armament
[Sun Jun 22 02:35:28 2025] ORDER_CREATED: Person=陈登 (ID:35), Order=招揽 (ID:16), City=下邳 (ID:18), Target=建业 (ID:22)
[Sun Jun 22 02:35:28 2025] PERSON_REMOVED: Person=陈登 (ID:35), City=下邳 (ID:18), Reason=Order Assignment
[Sun Jun 22 02:35:28 2025] ORDER_CREATED: Person=曹豹 (ID:39), Order=招揽 (ID:16), City=下邳 (ID:18), Target=Person ID 57 (ID:57)
[Sun Jun 22 02:35:28 2025] PERSON_REMOVED: Person=曹豹 (ID:39), City=下邳 (ID:18), Reason=Order Assignment
[Sun Jun 22 02:35:28 2025] COMPUTER_TACTIC: City=下邳 (ID:18), Tactic=AI_Diplomatism
[Sun Jun 22 02:35:28 2025] COMPUTER_TACTIC: City=梓潼 (ID:19), Tactic=Interior
[Sun Jun 22 02:35:28 2025] COMPUTER_TACTIC: City=宛城 (ID:20), Tactic=Armament
[Sun Jun 22 02:35:28 2025] COMPUTER_TACTIC: City=寿春 (ID:21), Tactic=Diplomatism
[Sun Jun 22 02:35:28 2025] COMPUTER_TACTIC: City=建业 (ID:22), Tactic=Armament
[Sun Jun 22 02:35:28 2025] COMPUTER_TACTIC: City= (ID:23), Tactic=Armament
[Sun Jun 22 02:35:28 2025] COMPUTER_TACTIC: City=成都 (ID:24), Tactic=Interior
[Sun Jun 22 02:35:28 2025] COMPUTER_TACTIC: City=棉竹 (ID:25), Tactic=Interior
[Sun Jun 22 02:35:28 2025] COMPUTER_TACTIC: City=襄阳 (ID:26), Tactic=Armament
[Sun Jun 22 02:35:28 2025] COMPUTER_TACTIC: City=江夏 (ID:27), Tactic=Armament
[Sun Jun 22 02:35:28 2025] COMPUTER_TACTIC: City=巴郡 (ID:31), Tactic=Armament
[Sun Jun 22 02:35:28 2025] COMPUTER_TACTIC: City=长沙 (ID:33), Tactic=Armament
[Sun Jun 22 02:35:28 2025] COMPUTER_TACTIC: City=建宁 (ID:37), Tactic=Armament
[Sun Jun 22 02:35:28 2025] ORDER_EXECUTED: Person=陈登 (ID:35), Order=招揽 (ID:16), City=下邳 (ID:18), Target=建业 (ID:22)
[Sun Jun 22 02:35:28 2025] PERSON_RETURNED: Person=陈登 (ID:35), City=下邳 (ID:18), Reason=Order Completion
[Sun Jun 22 02:35:28 2025] ORDER_DELETED: Person=陈登 (ID:35), Order=招揽 (ID:16), City=下邳 (ID:18), Target=建业 (ID:22)
[Sun Jun 22 02:35:28 2025] ORDER_EXECUTED: Person=曹豹 (ID:39), Order=招揽 (ID:16), City=下邳 (ID:18), Target=Person ID 57 (ID:57)
[Sun Jun 22 02:35:28 2025] PERSON_RETURNED: Person=曹豹 (ID:39), City=下邳 (ID:18), Reason=Order Completion
[Sun Jun 22 02:35:28 2025] ORDER_DELETED: Person=曹豹 (ID:39), Order=招揽 (ID:16), City=下邳 (ID:18), Target=Person ID 57 (ID:57)
[Sun Jun 22 02:35:28 2025] GAME_TURN: Year=61444, Month=5
[Sun Jun 22 02:35:29 2025] COMPUTER_TACTIC: City=西凉 (ID:0), Tactic=Interior
[Sun Jun 22 02:35:29 2025] COMPUTER_TACTIC: City=北平 (ID:1), Tactic=Diplomatism
[Sun Jun 22 02:35:29 2025] COMPUTER_TACTIC: City=襄平 (ID:2), Tactic=Interior
[Sun Jun 22 02:35:29 2025] COMPUTER_TACTIC: City=安定 (ID:3), Tactic=Armament
[Sun Jun 22 02:35:29 2025] COMPUTER_TACTIC: City=晋阳 (ID:4), Tactic=Armament
[Sun Jun 22 02:35:29 2025] COMPUTER_TACTIC: City=平原 (ID:5), Tactic=Armament
[Sun Jun 22 02:35:29 2025] COMPUTER_TACTIC: City=南皮 (ID:6), Tactic=Armament
[Sun Jun 22 02:35:29 2025] COMPUTER_TACTIC: City=北海 (ID:7), Tactic=Interior
[Sun Jun 22 02:35:29 2025] COMPUTER_TACTIC: City=天水 (ID:8), Tactic=Armament
[Sun Jun 22 02:35:29 2025] COMPUTER_TACTIC: City=河内 (ID:9), Tactic=Diplomatism
[Sun Jun 22 02:35:29 2025] COMPUTER_TACTIC: City=长安 (ID:10), Tactic=Diplomatism
[Sun Jun 22 02:35:29 2025] COMPUTER_TACTIC: City= (ID:11), Tactic=Interior
[Sun Jun 22 02:35:29 2025] COMPUTER_TACTIC: City=濮阳 (ID:12), Tactic=Interior
[Sun Jun 22 02:35:29 2025] ORDER_CREATED: Person=刘备 (ID:2), Order=治理 (ID:4), City=徐州 (ID:13)
[Sun Jun 22 02:35:29 2025] PERSON_REMOVED: Person=刘备 (ID:2), City=徐州 (ID:13), Reason=Order Assignment
[Sun Jun 22 02:35:29 2025] ORDER_CREATED: Person=关羽 (ID:31), Order=出巡 (ID:5), City=徐州 (ID:13)
[Sun Jun 22 02:35:29 2025] PERSON_REMOVED: Person=关羽 (ID:31), City=徐州 (ID:13), Reason=Order Assignment
[Sun Jun 22 02:35:29 2025] ORDER_CREATED: Person=张飞 (ID:32), Order=招商 (ID:2), City=徐州 (ID:13)
[Sun Jun 22 02:35:29 2025] PERSON_REMOVED: Person=张飞 (ID:32), City=徐州 (ID:13), Reason=Order Assignment
[Sun Jun 22 02:35:29 2025] ORDER_CREATED: Person=陈圭 (ID:34), Order=招商 (ID:2), City=徐州 (ID:13)
[Sun Jun 22 02:35:29 2025] PERSON_REMOVED: Person=陈圭 (ID:34), City=徐州 (ID:13), Reason=Order Assignment
[Sun Jun 22 02:35:29 2025] ORDER_CREATED: Person=孙乾 (ID:36), Order=招商 (ID:2), City=徐州 (ID:13)
[Sun Jun 22 02:35:29 2025] PERSON_REMOVED: Person=孙乾 (ID:36), City=徐州 (ID:13), Reason=Order Assignment
[Sun Jun 22 02:35:29 2025] COMPUTER_TACTIC: City=徐州 (ID:13), Tactic=Interior
[Sun Jun 22 02:35:29 2025] COMPUTER_TACTIC: City=汉中 (ID:14), Tactic=Armament
[Sun Jun 22 02:35:29 2025] COMPUTER_TACTIC: City=许昌 (ID:16), Tactic=Diplomatism
[Sun Jun 22 03:14:46 2025] ORDER_TYPE_TEST_START: OrderType comparison test
[Sun Jun 22 03:14:46 2025] ORDER_TYPE_SIZE_COMPARISON: sizeof(OrderType)=12 sizeof(OrderTypeNew)=12
[Sun Jun 22 03:14:46 2025] ORDER_TYPE_TEST_RESULT: SUCCESS: All 100 orders match perfectly
[Sun Jun 22 03:14:46 2025] ORDER_TYPE_TEST_END: OrderType comparison test completed
[Sun Jun 22 03:15:15 2025] ORDER_TYPE_TEST_START: OrderType comparison test
[Sun Jun 22 03:15:15 2025] ORDER_TYPE_SIZE_COMPARISON: sizeof(OrderType)=12 sizeof(OrderTypeNew)=12
[Sun Jun 22 03:15:15 2025] ORDER_TYPE_TEST_RESULT: SUCCESS: All 100 orders match perfectly
[Sun Jun 22 03:15:15 2025] ORDER_TYPE_TEST_END: OrderType comparison test completed
[Sun Jun 22 03:15:15 2025] COMPUTER_TACTIC: City=西凉 (ID:0), Tactic=Armament
[Sun Jun 22 03:15:15 2025] COMPUTER_TACTIC: City=北平 (ID:1), Tactic=Interior
[Sun Jun 22 03:15:15 2025] COMPUTER_TACTIC: City=襄平 (ID:2), Tactic=Diplomatism
[Sun Jun 22 03:15:15 2025] COMPUTER_TACTIC: City=安定 (ID:3), Tactic=Armament
[Sun Jun 22 03:15:15 2025] COMPUTER_TACTIC: City=晋阳 (ID:4), Tactic=Armament
[Sun Jun 22 03:15:15 2025] COMPUTER_TACTIC: City=平原 (ID:5), Tactic=Armament
[Sun Jun 22 03:15:15 2025] COMPUTER_TACTIC: City=南皮 (ID:6), Tactic=Interior
[Sun Jun 22 03:15:15 2025] COMPUTER_TACTIC: City=北海 (ID:7), Tactic=Armament
[Sun Jun 22 03:15:15 2025] COMPUTER_TACTIC: City=天水 (ID:8), Tactic=Armament
[Sun Jun 22 03:15:15 2025] COMPUTER_TACTIC: City=河内 (ID:9), Tactic=Interior
[Sun Jun 22 03:15:15 2025] COMPUTER_TACTIC: City=长安 (ID:10), Tactic=Interior
[Sun Jun 22 03:15:15 2025] COMPUTER_TACTIC: City= (ID:11), Tactic=Diplomatism
[Sun Jun 22 03:15:15 2025] COMPUTER_TACTIC: City=濮阳 (ID:12), Tactic=Interior
[Sun Jun 22 03:15:15 2025] ORDER_CREATED: Person=刘备 (ID:2), Order=开垦 (ID:1), City=徐州 (ID:13)
[Sun Jun 22 03:15:15 2025] PERSON_REMOVED: Person=刘备 (ID:2), City=徐州 (ID:13), Reason=Order Assignment
[Sun Jun 22 03:15:15 2025] ORDER_CREATED: Person=关羽 (ID:31), Order=招商 (ID:2), City=徐州 (ID:13)
[Sun Jun 22 03:15:15 2025] PERSON_REMOVED: Person=关羽 (ID:31), City=徐州 (ID:13), Reason=Order Assignment
[Sun Jun 22 03:15:15 2025] ORDER_CREATED: Person=张飞 (ID:32), Order=出巡 (ID:5), City=徐州 (ID:13)
[Sun Jun 22 03:15:15 2025] PERSON_REMOVED: Person=张飞 (ID:32), City=徐州 (ID:13), Reason=Order Assignment
[Sun Jun 22 03:15:15 2025] ORDER_CREATED: Person=陈圭 (ID:34), Order=治理 (ID:4), City=徐州 (ID:13)
[Sun Jun 22 03:15:15 2025] PERSON_REMOVED: Person=陈圭 (ID:34), City=徐州 (ID:13), Reason=Order Assignment
[Sun Jun 22 03:15:15 2025] ORDER_CREATED: Person=孙乾 (ID:36), Order=招商 (ID:2), City=徐州 (ID:13)
[Sun Jun 22 03:15:15 2025] PERSON_REMOVED: Person=孙乾 (ID:36), City=徐州 (ID:13), Reason=Order Assignment
[Sun Jun 22 03:15:15 2025] COMPUTER_TACTIC: City=徐州 (ID:13), Tactic=Interior
[Sun Jun 22 03:15:15 2025] COMPUTER_TACTIC: City=汉中 (ID:14), Tactic=Diplomatism
[Sun Jun 22 03:15:15 2025] COMPUTER_TACTIC: City=许昌 (ID:16), Tactic=Armament
[Sun Jun 22 03:15:15 2025] ORDER_CREATED: Person=简雍 (ID:33), Order=治理 (ID:4), City=小沛 (ID:17)
[Sun Jun 22 03:15:15 2025] PERSON_REMOVED: Person=简雍 (ID:33), City=小沛 (ID:17), Reason=Order Assignment
[Sun Jun 22 03:15:15 2025] ORDER_CREATED: Person=糜竺 (ID:37), Order=治理 (ID:4), City=小沛 (ID:17)
[Sun Jun 22 03:15:15 2025] PERSON_REMOVED: Person=糜竺 (ID:37), City=小沛 (ID:17), Reason=Order Assignment
[Sun Jun 22 03:15:15 2025] ORDER_CREATED: Person=糜芳 (ID:38), Order=搜寻 (ID:3), City=小沛 (ID:17)
[Sun Jun 22 03:15:15 2025] PERSON_REMOVED: Person=糜芳 (ID:38), City=小沛 (ID:17), Reason=Order Assignment
[Sun Jun 22 03:15:15 2025] COMPUTER_TACTIC: City=小沛 (ID:17), Tactic=Interior
[Sun Jun 22 03:15:15 2025] ORDER_CREATED: Person=陈登 (ID:35), Order=招揽 (ID:16), City=下邳 (ID:18), Target=Person ID 95 (ID:95)
[Sun Jun 22 03:15:15 2025] PERSON_REMOVED: Person=陈登 (ID:35), City=下邳 (ID:18), Reason=Order Assignment
[Sun Jun 22 03:15:15 2025] ORDER_CREATED: Person=曹豹 (ID:39), Order=招揽 (ID:16), City=下邳 (ID:18), Target=Person ID 118 (ID:118)
[Sun Jun 22 03:15:15 2025] PERSON_REMOVED: Person=曹豹 (ID:39), City=下邳 (ID:18), Reason=Order Assignment
[Sun Jun 22 03:15:15 2025] COMPUTER_TACTIC: City=下邳 (ID:18), Tactic=AI_Diplomatism
[Sun Jun 22 03:15:15 2025] COMPUTER_TACTIC: City=梓潼 (ID:19), Tactic=Diplomatism
[Sun Jun 22 03:15:15 2025] COMPUTER_TACTIC: City=宛城 (ID:20), Tactic=Armament
[Sun Jun 22 03:15:15 2025] COMPUTER_TACTIC: City=寿春 (ID:21), Tactic=Interior
[Sun Jun 22 03:15:15 2025] COMPUTER_TACTIC: City=建业 (ID:22), Tactic=Interior
[Sun Jun 22 03:15:15 2025] COMPUTER_TACTIC: City= (ID:23), Tactic=Armament
[Sun Jun 22 03:15:15 2025] COMPUTER_TACTIC: City=成都 (ID:24), Tactic=Diplomatism
[Sun Jun 22 03:15:15 2025] COMPUTER_TACTIC: City=棉竹 (ID:25), Tactic=Armament
[Sun Jun 22 03:15:15 2025] COMPUTER_TACTIC: City=襄阳 (ID:26), Tactic=Armament
[Sun Jun 22 03:15:15 2025] COMPUTER_TACTIC: City=江夏 (ID:27), Tactic=Armament
[Sun Jun 22 03:15:15 2025] COMPUTER_TACTIC: City=巴郡 (ID:31), Tactic=Diplomatism
[Sun Jun 22 03:15:15 2025] COMPUTER_TACTIC: City=长沙 (ID:33), Tactic=Armament
[Sun Jun 22 03:15:15 2025] COMPUTER_TACTIC: City=建宁 (ID:37), Tactic=Armament
[Sun Jun 22 03:15:15 2025] ORDER_EXECUTED: Person=刘备 (ID:2), Order=开垦 (ID:1), City=徐州 (ID:13)
[Sun Jun 22 03:15:15 2025] PERSON_RETURNED: Person=刘备 (ID:2), City=徐州 (ID:13), Reason=Order Completion
[Sun Jun 22 03:15:15 2025] ORDER_DELETED: Person=刘备 (ID:2), Order=开垦 (ID:1), City=徐州 (ID:13)
[Sun Jun 22 03:15:15 2025] ORDER_EXECUTED: Person=关羽 (ID:31), Order=招商 (ID:2), City=徐州 (ID:13)
[Sun Jun 22 03:15:15 2025] PERSON_RETURNED: Person=关羽 (ID:31), City=徐州 (ID:13), Reason=Order Completion
[Sun Jun 22 03:15:15 2025] ORDER_DELETED: Person=关羽 (ID:31), Order=招商 (ID:2), City=徐州 (ID:13)
[Sun Jun 22 03:15:15 2025] ORDER_EXECUTED: Person=张飞 (ID:32), Order=出巡 (ID:5), City=徐州 (ID:13)
[Sun Jun 22 03:15:15 2025] PERSON_RETURNED: Person=张飞 (ID:32), City=徐州 (ID:13), Reason=Order Completion
[Sun Jun 22 03:15:15 2025] ORDER_DELETED: Person=张飞 (ID:32), Order=出巡 (ID:5), City=徐州 (ID:13)
[Sun Jun 22 03:15:15 2025] ORDER_EXECUTED: Person=陈圭 (ID:34), Order=治理 (ID:4), City=徐州 (ID:13)
[Sun Jun 22 03:15:15 2025] PERSON_RETURNED: Person=陈圭 (ID:34), City=徐州 (ID:13), Reason=Order Completion
[Sun Jun 22 03:15:15 2025] ORDER_DELETED: Person=陈圭 (ID:34), Order=治理 (ID:4), City=徐州 (ID:13)
[Sun Jun 22 03:15:15 2025] ORDER_EXECUTED: Person=孙乾 (ID:36), Order=招商 (ID:2), City=徐州 (ID:13)
[Sun Jun 22 03:15:15 2025] PERSON_RETURNED: Person=孙乾 (ID:36), City=徐州 (ID:13), Reason=Order Completion
[Sun Jun 22 03:15:15 2025] ORDER_DELETED: Person=孙乾 (ID:36), Order=招商 (ID:2), City=徐州 (ID:13)
[Sun Jun 22 03:15:15 2025] ORDER_EXECUTED: Person=简雍 (ID:33), Order=治理 (ID:4), City=小沛 (ID:17)
[Sun Jun 22 03:15:15 2025] PERSON_RETURNED: Person=简雍 (ID:33), City=小沛 (ID:17), Reason=Order Completion
[Sun Jun 22 03:15:15 2025] ORDER_DELETED: Person=简雍 (ID:33), Order=治理 (ID:4), City=小沛 (ID:17)
[Sun Jun 22 03:15:15 2025] ORDER_EXECUTED: Person=糜竺 (ID:37), Order=治理 (ID:4), City=小沛 (ID:17)
[Sun Jun 22 03:15:15 2025] PERSON_RETURNED: Person=糜竺 (ID:37), City=小沛 (ID:17), Reason=Order Completion
[Sun Jun 22 03:15:15 2025] ORDER_DELETED: Person=糜竺 (ID:37), Order=治理 (ID:4), City=小沛 (ID:17)
[Sun Jun 22 03:15:15 2025] ORDER_EXECUTED: Person=糜芳 (ID:38), Order=搜寻 (ID:3), City=小沛 (ID:17)
[Sun Jun 22 03:15:15 2025] PERSON_RETURNED: Person=糜芳 (ID:38), City=小沛 (ID:17), Reason=Order Completion
[Sun Jun 22 03:15:15 2025] ORDER_DELETED: Person=糜芳 (ID:38), Order=搜寻 (ID:3), City=小沛 (ID:17)
[Sun Jun 22 03:15:15 2025] ORDER_EXECUTED: Person=陈登 (ID:35), Order=招揽 (ID:16), City=下邳 (ID:18), Target=Person ID 95 (ID:95)
[Sun Jun 22 03:15:15 2025] PERSON_RETURNED: Person=陈登 (ID:35), City=下邳 (ID:18), Reason=Order Completion
[Sun Jun 22 03:15:15 2025] ORDER_DELETED: Person=陈登 (ID:35), Order=招揽 (ID:16), City=下邳 (ID:18), Target=Person ID 95 (ID:95)
[Sun Jun 22 03:15:15 2025] ORDER_EXECUTED: Person=曹豹 (ID:39), Order=招揽 (ID:16), City=下邳 (ID:18), Target=Person ID 118 (ID:118)
[Sun Jun 22 03:15:16 2025] PERSON_RETURNED: Person=曹豹 (ID:39), City=下邳 (ID:18), Reason=Order Completion
[Sun Jun 22 03:15:16 2025] ORDER_DELETED: Person=曹豹 (ID:39), Order=招揽 (ID:16), City=下邳 (ID:18), Target=Person ID 118 (ID:118)
[Sun Jun 22 03:15:16 2025] GAME_TURN: Year=61444, Month=6
[Sun Jun 22 03:15:18 2025] ORDER_TYPE_TEST_START: OrderType comparison test
[Sun Jun 22 03:15:18 2025] ORDER_TYPE_SIZE_COMPARISON: sizeof(OrderType)=12 sizeof(OrderTypeNew)=12
[Sun Jun 22 03:15:18 2025] ORDER_TYPE_TEST_RESULT: SUCCESS: All 100 orders match perfectly
[Sun Jun 22 03:15:18 2025] ORDER_TYPE_TEST_END: OrderType comparison test completed
[Sun Jun 22 03:29:23 2025] ORDER_TYPE_TEST_START: OrderType comparison test
[Sun Jun 22 03:29:23 2025] ORDER_TYPE_SIZE_COMPARISON: sizeof(OrderType)=12 sizeof(OrderTypeNew)=12
[Sun Jun 22 03:29:23 2025] ORDER_TYPE_TEST_RESULT: SUCCESS: All 100 orders match perfectly
[Sun Jun 22 03:29:23 2025] ORDER_TYPE_TEST_END: OrderType comparison test completed
[Sun Jun 22 03:29:42 2025] COMPUTER_TACTIC: City=西凉 (ID:0), Tactic=Armament
[Sun Jun 22 03:29:42 2025] COMPUTER_TACTIC: City=北平 (ID:1), Tactic=Interior
[Sun Jun 22 03:29:42 2025] COMPUTER_TACTIC: City=襄平 (ID:2), Tactic=Diplomatism
[Sun Jun 22 03:29:42 2025] COMPUTER_TACTIC: City=安定 (ID:3), Tactic=Armament
[Sun Jun 22 03:29:42 2025] COMPUTER_TACTIC: City=晋阳 (ID:4), Tactic=Armament
[Sun Jun 22 03:29:42 2025] COMPUTER_TACTIC: City=平原 (ID:5), Tactic=Armament
[Sun Jun 22 03:29:42 2025] COMPUTER_TACTIC: City=南皮 (ID:6), Tactic=Interior
[Sun Jun 22 03:29:42 2025] COMPUTER_TACTIC: City=北海 (ID:7), Tactic=Armament
[Sun Jun 22 03:29:42 2025] COMPUTER_TACTIC: City=天水 (ID:8), Tactic=Armament
[Sun Jun 22 03:29:42 2025] COMPUTER_TACTIC: City=河内 (ID:9), Tactic=Interior
[Sun Jun 22 03:29:42 2025] COMPUTER_TACTIC: City=长安 (ID:10), Tactic=Interior
[Sun Jun 22 03:29:42 2025] COMPUTER_TACTIC: City= (ID:11), Tactic=Diplomatism
[Sun Jun 22 03:29:42 2025] COMPUTER_TACTIC: City=濮阳 (ID:12), Tactic=Interior
[Sun Jun 22 03:29:42 2025] ORDER_CREATED: Person=刘备 (ID:2), Order=招商 (ID:2), City=徐州 (ID:13)
[Sun Jun 22 03:29:42 2025] PERSON_REMOVED: Person=刘备 (ID:2), City=徐州 (ID:13), Reason=Order Assignment
[Sun Jun 22 03:29:42 2025] ORDER_CREATED: Person=关羽 (ID:31), Order=招商 (ID:2), City=徐州 (ID:13)
[Sun Jun 22 03:29:42 2025] PERSON_REMOVED: Person=关羽 (ID:31), City=徐州 (ID:13), Reason=Order Assignment
[Sun Jun 22 03:29:42 2025] ORDER_CREATED: Person=张飞 (ID:32), Order=出巡 (ID:5), City=徐州 (ID:13)
[Sun Jun 22 03:29:42 2025] PERSON_REMOVED: Person=张飞 (ID:32), City=徐州 (ID:13), Reason=Order Assignment
[Sun Jun 22 03:29:42 2025] ORDER_CREATED: Person=陈圭 (ID:34), Order=治理 (ID:4), City=徐州 (ID:13)
[Sun Jun 22 03:29:42 2025] PERSON_REMOVED: Person=陈圭 (ID:34), City=徐州 (ID:13), Reason=Order Assignment
[Sun Jun 22 03:29:42 2025] ORDER_CREATED: Person=孙乾 (ID:36), Order=招商 (ID:2), City=徐州 (ID:13)
[Sun Jun 22 03:29:42 2025] PERSON_REMOVED: Person=孙乾 (ID:36), City=徐州 (ID:13), Reason=Order Assignment
[Sun Jun 22 03:29:42 2025] COMPUTER_TACTIC: City=徐州 (ID:13), Tactic=Interior
[Sun Jun 22 03:29:42 2025] COMPUTER_TACTIC: City=汉中 (ID:14), Tactic=Diplomatism
[Sun Jun 22 03:29:42 2025] COMPUTER_TACTIC: City=许昌 (ID:16), Tactic=Armament
[Sun Jun 22 03:29:42 2025] ORDER_CREATED: Person=简雍 (ID:33), Order=治理 (ID:4), City=小沛 (ID:17)
[Sun Jun 22 03:29:42 2025] PERSON_REMOVED: Person=简雍 (ID:33), City=小沛 (ID:17), Reason=Order Assignment
[Sun Jun 22 03:29:42 2025] ORDER_CREATED: Person=糜竺 (ID:37), Order=治理 (ID:4), City=小沛 (ID:17)
[Sun Jun 22 03:29:42 2025] PERSON_REMOVED: Person=糜竺 (ID:37), City=小沛 (ID:17), Reason=Order Assignment
[Sun Jun 22 03:29:42 2025] ORDER_CREATED: Person=糜芳 (ID:38), Order=搜寻 (ID:3), City=小沛 (ID:17)
[Sun Jun 22 03:29:42 2025] PERSON_REMOVED: Person=糜芳 (ID:38), City=小沛 (ID:17), Reason=Order Assignment
[Sun Jun 22 03:29:42 2025] COMPUTER_TACTIC: City=小沛 (ID:17), Tactic=Interior
[Sun Jun 22 03:29:42 2025] ORDER_CREATED: Person=陈登 (ID:35), Order=招揽 (ID:16), City=下邳 (ID:18), Target=Person ID 111 (ID:111)
[Sun Jun 22 03:29:42 2025] PERSON_REMOVED: Person=陈登 (ID:35), City=下邳 (ID:18), Reason=Order Assignment
[Sun Jun 22 03:29:42 2025] ORDER_CREATED: Person=蔡和 (ID:118), Order=招揽 (ID:16), City=下邳 (ID:18), Target=Person ID 137 (ID:137)
[Sun Jun 22 03:29:42 2025] PERSON_REMOVED: Person=蔡和 (ID:118), City=下邳 (ID:18), Reason=Order Assignment
[Sun Jun 22 03:29:42 2025] ORDER_CREATED: Person=曹豹 (ID:39), Order=招揽 (ID:16), City=下邳 (ID:18), Target= (ID:23)
[Sun Jun 22 03:29:42 2025] PERSON_REMOVED: Person=曹豹 (ID:39), City=下邳 (ID:18), Reason=Order Assignment
[Sun Jun 22 03:29:42 2025] COMPUTER_TACTIC: City=下邳 (ID:18), Tactic=AI_Diplomatism
[Sun Jun 22 03:29:42 2025] COMPUTER_TACTIC: City=梓潼 (ID:19), Tactic=Interior
[Sun Jun 22 03:29:42 2025] COMPUTER_TACTIC: City=宛城 (ID:20), Tactic=Armament
[Sun Jun 22 03:29:42 2025] COMPUTER_TACTIC: City=寿春 (ID:21), Tactic=Interior
[Sun Jun 22 03:29:42 2025] COMPUTER_TACTIC: City=建业 (ID:22), Tactic=Armament
[Sun Jun 22 03:29:42 2025] COMPUTER_TACTIC: City= (ID:23), Tactic=Armament
[Sun Jun 22 03:29:42 2025] COMPUTER_TACTIC: City=成都 (ID:24), Tactic=Armament
[Sun Jun 22 03:29:42 2025] COMPUTER_TACTIC: City=棉竹 (ID:25), Tactic=Interior
[Sun Jun 22 03:29:42 2025] COMPUTER_TACTIC: City=襄阳 (ID:26), Tactic=Armament
[Sun Jun 22 03:29:42 2025] COMPUTER_TACTIC: City=江夏 (ID:27), Tactic=Armament
[Sun Jun 22 03:29:42 2025] COMPUTER_TACTIC: City=巴郡 (ID:31), Tactic=Armament
[Sun Jun 22 03:29:42 2025] COMPUTER_TACTIC: City=长沙 (ID:33), Tactic=Interior
[Sun Jun 22 03:29:42 2025] COMPUTER_TACTIC: City=建宁 (ID:37), Tactic=Armament
[Sun Jun 22 03:29:42 2025] ORDER_EXECUTED: Person=刘备 (ID:2), Order=招商 (ID:2), City=徐州 (ID:13)
[Sun Jun 22 03:29:42 2025] PERSON_RETURNED: Person=刘备 (ID:2), City=徐州 (ID:13), Reason=Order Completion
[Sun Jun 22 03:29:42 2025] ORDER_DELETED: Person=刘备 (ID:2), Order=招商 (ID:2), City=徐州 (ID:13)
[Sun Jun 22 03:29:42 2025] ORDER_EXECUTED: Person=关羽 (ID:31), Order=招商 (ID:2), City=徐州 (ID:13)
[Sun Jun 22 03:29:42 2025] PERSON_RETURNED: Person=关羽 (ID:31), City=徐州 (ID:13), Reason=Order Completion
[Sun Jun 22 03:29:42 2025] ORDER_DELETED: Person=关羽 (ID:31), Order=招商 (ID:2), City=徐州 (ID:13)
[Sun Jun 22 03:29:42 2025] ORDER_EXECUTED: Person=张飞 (ID:32), Order=出巡 (ID:5), City=徐州 (ID:13)
[Sun Jun 22 03:29:42 2025] PERSON_RETURNED: Person=张飞 (ID:32), City=徐州 (ID:13), Reason=Order Completion
[Sun Jun 22 03:29:42 2025] ORDER_DELETED: Person=张飞 (ID:32), Order=出巡 (ID:5), City=徐州 (ID:13)
[Sun Jun 22 03:29:42 2025] ORDER_EXECUTED: Person=陈圭 (ID:34), Order=治理 (ID:4), City=徐州 (ID:13)
[Sun Jun 22 03:29:42 2025] PERSON_RETURNED: Person=陈圭 (ID:34), City=徐州 (ID:13), Reason=Order Completion
[Sun Jun 22 03:29:42 2025] ORDER_DELETED: Person=陈圭 (ID:34), Order=治理 (ID:4), City=徐州 (ID:13)
[Sun Jun 22 03:29:42 2025] ORDER_EXECUTED: Person=孙乾 (ID:36), Order=招商 (ID:2), City=徐州 (ID:13)
[Sun Jun 22 03:29:42 2025] PERSON_RETURNED: Person=孙乾 (ID:36), City=徐州 (ID:13), Reason=Order Completion
[Sun Jun 22 03:29:42 2025] ORDER_DELETED: Person=孙乾 (ID:36), Order=招商 (ID:2), City=徐州 (ID:13)
[Sun Jun 22 03:29:42 2025] ORDER_EXECUTED: Person=简雍 (ID:33), Order=治理 (ID:4), City=小沛 (ID:17)
[Sun Jun 22 03:29:42 2025] PERSON_RETURNED: Person=简雍 (ID:33), City=小沛 (ID:17), Reason=Order Completion
[Sun Jun 22 03:29:42 2025] ORDER_DELETED: Person=简雍 (ID:33), Order=治理 (ID:4), City=小沛 (ID:17)
[Sun Jun 22 03:29:42 2025] ORDER_EXECUTED: Person=糜竺 (ID:37), Order=治理 (ID:4), City=小沛 (ID:17)
[Sun Jun 22 03:29:42 2025] PERSON_RETURNED: Person=糜竺 (ID:37), City=小沛 (ID:17), Reason=Order Completion
[Sun Jun 22 03:29:42 2025] ORDER_DELETED: Person=糜竺 (ID:37), Order=治理 (ID:4), City=小沛 (ID:17)
[Sun Jun 22 03:29:42 2025] ORDER_EXECUTED: Person=糜芳 (ID:38), Order=搜寻 (ID:3), City=小沛 (ID:17)
[Sun Jun 22 03:29:42 2025] PERSON_RETURNED: Person=糜芳 (ID:38), City=小沛 (ID:17), Reason=Order Completion
[Sun Jun 22 03:29:42 2025] ORDER_DELETED: Person=糜芳 (ID:38), Order=搜寻 (ID:3), City=小沛 (ID:17)
[Sun Jun 22 03:29:42 2025] ORDER_EXECUTED: Person=陈登 (ID:35), Order=招揽 (ID:16), City=下邳 (ID:18), Target=Person ID 111 (ID:111)
[Sun Jun 22 03:29:42 2025] PERSON_RETURNED: Person=陈登 (ID:35), City=下邳 (ID:18), Reason=Order Completion
[Sun Jun 22 03:29:42 2025] ORDER_DELETED: Person=陈登 (ID:35), Order=招揽 (ID:16), City=下邳 (ID:18), Target=Person ID 111 (ID:111)
[Sun Jun 22 03:29:42 2025] ORDER_EXECUTED: Person=蔡和 (ID:118), Order=招揽 (ID:16), City=下邳 (ID:18), Target=Person ID 137 (ID:137)
[Sun Jun 22 03:29:42 2025] PERSON_RETURNED: Person=蔡和 (ID:118), City=下邳 (ID:18), Reason=Order Completion
[Sun Jun 22 03:29:42 2025] ORDER_DELETED: Person=蔡和 (ID:118), Order=招揽 (ID:16), City=下邳 (ID:18), Target=Person ID 137 (ID:137)
[Sun Jun 22 03:29:42 2025] ORDER_EXECUTED: Person=曹豹 (ID:39), Order=招揽 (ID:16), City=下邳 (ID:18), Target= (ID:23)
[Sun Jun 22 03:29:42 2025] PERSON_RETURNED: Person=曹豹 (ID:39), City=下邳 (ID:18), Reason=Order Completion
[Sun Jun 22 03:29:42 2025] ORDER_DELETED: Person=曹豹 (ID:39), Order=招揽 (ID:16), City=下邳 (ID:18), Target= (ID:23)
[Sun Jun 22 03:29:42 2025] GAME_TURN: Year=61444, Month=7
[Sun Jun 22 03:29:43 2025] COMPUTER_TACTIC: City=西凉 (ID:0), Tactic=Interior
[Sun Jun 22 03:29:43 2025] COMPUTER_TACTIC: City=北平 (ID:1), Tactic=Armament
[Sun Jun 22 03:29:43 2025] COMPUTER_TACTIC: City=襄平 (ID:2), Tactic=Interior
[Sun Jun 22 03:29:43 2025] COMPUTER_TACTIC: City=安定 (ID:3), Tactic=Interior
[Sun Jun 22 03:29:43 2025] COMPUTER_TACTIC: City=晋阳 (ID:4), Tactic=Armament
[Sun Jun 22 03:29:43 2025] COMPUTER_TACTIC: City=平原 (ID:5), Tactic=Armament
[Sun Jun 22 03:29:43 2025] COMPUTER_TACTIC: City=南皮 (ID:6), Tactic=Armament
[Sun Jun 22 03:29:43 2025] COMPUTER_TACTIC: City=北海 (ID:7), Tactic=Diplomatism
[Sun Jun 22 03:29:43 2025] COMPUTER_TACTIC: City=天水 (ID:8), Tactic=Armament
[Sun Jun 22 03:29:43 2025] COMPUTER_TACTIC: City=河内 (ID:9), Tactic=Armament
[Sun Jun 22 03:29:43 2025] COMPUTER_TACTIC: City=长安 (ID:10), Tactic=Armament
[Sun Jun 22 03:29:43 2025] COMPUTER_TACTIC: City= (ID:11), Tactic=Armament
[Sun Jun 22 03:29:43 2025] COMPUTER_TACTIC: City=濮阳 (ID:12), Tactic=Interior
[Sun Jun 22 03:29:43 2025] COMPUTER_TACTIC: City=汉中 (ID:14), Tactic=Diplomatism
[Sun Jun 22 03:29:43 2025] COMPUTER_TACTIC: City=许昌 (ID:16), Tactic=Armament
[Sun Jun 22 03:29:43 2025] ORDER_CREATED: Person=陈登 (ID:35), Order=招商 (ID:2), City=下邳 (ID:18)
[Sun Jun 22 03:29:43 2025] PERSON_REMOVED: Person=陈登 (ID:35), City=下邳 (ID:18), Reason=Order Assignment
[Sun Jun 22 03:29:43 2025] ORDER_CREATED: Person=蔡和 (ID:118), Order=招商 (ID:2), City=下邳 (ID:18)
[Sun Jun 22 03:29:43 2025] PERSON_REMOVED: Person=蔡和 (ID:118), City=下邳 (ID:18), Reason=Order Assignment
[Sun Jun 22 03:29:43 2025] ORDER_CREATED: Person=曹豹 (ID:39), Order=治理 (ID:4), City=下邳 (ID:18)
[Sun Jun 22 03:29:43 2025] PERSON_REMOVED: Person=曹豹 (ID:39), City=下邳 (ID:18), Reason=Order Assignment
[Sun Jun 22 03:29:43 2025] COMPUTER_TACTIC: City=下邳 (ID:18), Tactic=Interior
[Sun Jun 22 03:29:43 2025] COMPUTER_TACTIC: City=梓潼 (ID:19), Tactic=Diplomatism
[Sun Jun 22 03:29:43 2025] COMPUTER_TACTIC: City=宛城 (ID:20), Tactic=Armament
[Sun Jun 22 03:29:43 2025] COMPUTER_TACTIC: City=寿春 (ID:21), Tactic=Armament
[Sun Jun 22 03:29:43 2025] COMPUTER_TACTIC: City=建业 (ID:22), Tactic=Armament
[Sun Jun 22 03:29:43 2025] COMPUTER_TACTIC: City= (ID:23), Tactic=Armament
[Sun Jun 22 03:29:43 2025] COMPUTER_TACTIC: City=成都 (ID:24), Tactic=Armament
[Sun Jun 22 03:29:43 2025] COMPUTER_TACTIC: City=棉竹 (ID:25), Tactic=Diplomatism
[Sun Jun 22 03:29:43 2025] COMPUTER_TACTIC: City=襄阳 (ID:26), Tactic=Armament
[Sun Jun 22 03:29:43 2025] COMPUTER_TACTIC: City=江夏 (ID:27), Tactic=Armament
[Sun Jun 22 03:29:43 2025] COMPUTER_TACTIC: City=巴郡 (ID:31), Tactic=Diplomatism
[Sun Jun 22 03:29:43 2025] COMPUTER_TACTIC: City=长沙 (ID:33), Tactic=Armament
[Sun Jun 22 03:29:43 2025] COMPUTER_TACTIC: City=建宁 (ID:37), Tactic=Armament
[Sun Jun 22 03:29:43 2025] ORDER_EXECUTED: Person=陈登 (ID:35), Order=招商 (ID:2), City=下邳 (ID:18)
[Sun Jun 22 03:29:43 2025] PERSON_RETURNED: Person=陈登 (ID:35), City=下邳 (ID:18), Reason=Order Completion
[Sun Jun 22 03:29:43 2025] ORDER_DELETED: Person=陈登 (ID:35), Order=招商 (ID:2), City=下邳 (ID:18)
[Sun Jun 22 03:29:43 2025] ORDER_EXECUTED: Person=蔡和 (ID:118), Order=招商 (ID:2), City=下邳 (ID:18)
[Sun Jun 22 03:29:43 2025] PERSON_RETURNED: Person=蔡和 (ID:118), City=下邳 (ID:18), Reason=Order Completion
[Sun Jun 22 03:29:43 2025] ORDER_DELETED: Person=蔡和 (ID:118), Order=招商 (ID:2), City=下邳 (ID:18)
[Sun Jun 22 03:29:43 2025] ORDER_EXECUTED: Person=曹豹 (ID:39), Order=治理 (ID:4), City=下邳 (ID:18)
[Sun Jun 22 03:29:43 2025] PERSON_RETURNED: Person=曹豹 (ID:39), City=下邳 (ID:18), Reason=Order Completion
[Sun Jun 22 03:29:43 2025] ORDER_DELETED: Person=曹豹 (ID:39), Order=治理 (ID:4), City=下邳 (ID:18)
[Sun Jun 22 03:29:43 2025] GAME_TURN: Year=61444, Month=8
[Sun Jun 22 03:29:47 2025] ORDER_TYPE_TEST_START: OrderType comparison test
[Sun Jun 22 03:29:47 2025] ORDER_TYPE_SIZE_COMPARISON: sizeof(OrderType)=12 sizeof(OrderTypeNew)=12
[Sun Jun 22 03:29:47 2025] ORDER_TYPE_TEST_RESULT: SUCCESS: All 100 orders match perfectly
[Sun Jun 22 03:29:47 2025] ORDER_TYPE_TEST_END: OrderType comparison test completed
[Sun Jun 22 03:29:54 2025] COMPUTER_TACTIC: City=西凉 (ID:0), Tactic=Armament
[Sun Jun 22 03:29:54 2025] COMPUTER_TACTIC: City=北平 (ID:1), Tactic=Armament
[Sun Jun 22 03:29:54 2025] COMPUTER_TACTIC: City=襄平 (ID:2), Tactic=Armament
[Sun Jun 22 03:29:54 2025] COMPUTER_TACTIC: City=安定 (ID:3), Tactic=Armament
[Sun Jun 22 03:29:54 2025] COMPUTER_TACTIC: City=晋阳 (ID:4), Tactic=Armament
[Sun Jun 22 03:29:54 2025] COMPUTER_TACTIC: City=平原 (ID:5), Tactic=Armament
[Sun Jun 22 03:29:54 2025] COMPUTER_TACTIC: City=南皮 (ID:6), Tactic=Diplomatism
[Sun Jun 22 03:29:54 2025] COMPUTER_TACTIC: City=北海 (ID:7), Tactic=Armament
[Sun Jun 22 03:29:54 2025] COMPUTER_TACTIC: City=天水 (ID:8), Tactic=Interior
[Sun Jun 22 03:29:54 2025] COMPUTER_TACTIC: City=河内 (ID:9), Tactic=Diplomatism
[Sun Jun 22 03:29:54 2025] COMPUTER_TACTIC: City=长安 (ID:10), Tactic=Interior
[Sun Jun 22 03:29:54 2025] COMPUTER_TACTIC: City= (ID:11), Tactic=Armament
[Sun Jun 22 03:29:54 2025] COMPUTER_TACTIC: City=濮阳 (ID:12), Tactic=Interior
[Sun Jun 22 03:29:54 2025] ORDER_CREATED: Person=刘备 (ID:2), Order=招商 (ID:2), City=徐州 (ID:13)
[Sun Jun 22 03:29:54 2025] PERSON_REMOVED: Person=刘备 (ID:2), City=徐州 (ID:13), Reason=Order Assignment
[Sun Jun 22 03:29:54 2025] ORDER_CREATED: Person=关羽 (ID:31), Order=招商 (ID:2), City=徐州 (ID:13)
[Sun Jun 22 03:29:54 2025] PERSON_REMOVED: Person=关羽 (ID:31), City=徐州 (ID:13), Reason=Order Assignment
[Sun Jun 22 03:29:54 2025] ORDER_CREATED: Person=张飞 (ID:32), Order=搜寻 (ID:3), City=徐州 (ID:13)
[Sun Jun 22 03:29:54 2025] PERSON_REMOVED: Person=张飞 (ID:32), City=徐州 (ID:13), Reason=Order Assignment
[Sun Jun 22 03:29:54 2025] ORDER_CREATED: Person=陈圭 (ID:34), Order=治理 (ID:4), City=徐州 (ID:13)
[Sun Jun 22 03:29:54 2025] PERSON_REMOVED: Person=陈圭 (ID:34), City=徐州 (ID:13), Reason=Order Assignment
[Sun Jun 22 03:29:54 2025] ORDER_CREATED: Person=孙乾 (ID:36), Order=出巡 (ID:5), City=徐州 (ID:13)
[Sun Jun 22 03:29:54 2025] PERSON_REMOVED: Person=孙乾 (ID:36), City=徐州 (ID:13), Reason=Order Assignment
[Sun Jun 22 03:29:54 2025] COMPUTER_TACTIC: City=徐州 (ID:13), Tactic=Interior
[Sun Jun 22 03:29:54 2025] COMPUTER_TACTIC: City=汉中 (ID:14), Tactic=Armament
[Sun Jun 22 03:29:54 2025] COMPUTER_TACTIC: City=许昌 (ID:16), Tactic=Armament
[Sun Jun 22 03:29:54 2025] ORDER_CREATED: Person=简雍 (ID:33), Order=搜寻 (ID:3), City=小沛 (ID:17)
[Sun Jun 22 03:29:54 2025] PERSON_REMOVED: Person=简雍 (ID:33), City=小沛 (ID:17), Reason=Order Assignment
[Sun Jun 22 03:29:54 2025] ORDER_CREATED: Person=糜竺 (ID:37), Order=搜寻 (ID:3), City=小沛 (ID:17)
[Sun Jun 22 03:29:54 2025] PERSON_REMOVED: Person=糜竺 (ID:37), City=小沛 (ID:17), Reason=Order Assignment
[Sun Jun 22 03:29:54 2025] ORDER_CREATED: Person=糜芳 (ID:38), Order=出巡 (ID:5), City=小沛 (ID:17)
[Sun Jun 22 03:29:54 2025] PERSON_REMOVED: Person=糜芳 (ID:38), City=小沛 (ID:17), Reason=Order Assignment
[Sun Jun 22 03:29:54 2025] COMPUTER_TACTIC: City=小沛 (ID:17), Tactic=Interior
[Sun Jun 22 03:29:54 2025] ORDER_CREATED: Person=陈登 (ID:35), Order=出巡 (ID:5), City=下邳 (ID:18)
[Sun Jun 22 03:29:54 2025] PERSON_REMOVED: Person=陈登 (ID:35), City=下邳 (ID:18), Reason=Order Assignment
[Sun Jun 22 03:29:54 2025] ORDER_CREATED: Person=蔡和 (ID:118), Order=招商 (ID:2), City=下邳 (ID:18)
[Sun Jun 22 03:29:54 2025] PERSON_REMOVED: Person=蔡和 (ID:118), City=下邳 (ID:18), Reason=Order Assignment
[Sun Jun 22 03:29:54 2025] ORDER_CREATED: Person=曹豹 (ID:39), Order=招商 (ID:2), City=下邳 (ID:18)
[Sun Jun 22 03:29:54 2025] PERSON_REMOVED: Person=曹豹 (ID:39), City=下邳 (ID:18), Reason=Order Assignment
[Sun Jun 22 03:29:54 2025] COMPUTER_TACTIC: City=下邳 (ID:18), Tactic=Interior
[Sun Jun 22 03:29:54 2025] COMPUTER_TACTIC: City=梓潼 (ID:19), Tactic=Interior
[Sun Jun 22 03:29:54 2025] COMPUTER_TACTIC: City=宛城 (ID:20), Tactic=Armament
[Sun Jun 22 03:29:54 2025] COMPUTER_TACTIC: City=寿春 (ID:21), Tactic=Interior
[Sun Jun 22 03:29:54 2025] COMPUTER_TACTIC: City=建业 (ID:22), Tactic=Armament
[Sun Jun 22 03:29:54 2025] COMPUTER_TACTIC: City= (ID:23), Tactic=Armament
[Sun Jun 22 03:29:54 2025] COMPUTER_TACTIC: City=成都 (ID:24), Tactic=Interior
[Sun Jun 22 03:29:54 2025] COMPUTER_TACTIC: City=棉竹 (ID:25), Tactic=Armament
[Sun Jun 22 03:29:54 2025] COMPUTER_TACTIC: City=襄阳 (ID:26), Tactic=Armament
[Sun Jun 22 03:29:54 2025] COMPUTER_TACTIC: City=江夏 (ID:27), Tactic=Armament
[Sun Jun 22 03:29:54 2025] COMPUTER_TACTIC: City=巴郡 (ID:31), Tactic=Diplomatism
[Sun Jun 22 03:29:54 2025] COMPUTER_TACTIC: City=长沙 (ID:33), Tactic=Armament
[Sun Jun 22 03:29:54 2025] COMPUTER_TACTIC: City=建宁 (ID:37), Tactic=Armament
[Sun Jun 22 03:29:54 2025] ORDER_EXECUTED: Person=刘备 (ID:2), Order=招商 (ID:2), City=徐州 (ID:13)
[Sun Jun 22 03:29:54 2025] PERSON_RETURNED: Person=刘备 (ID:2), City=徐州 (ID:13), Reason=Order Completion
[Sun Jun 22 03:29:54 2025] ORDER_DELETED: Person=刘备 (ID:2), Order=招商 (ID:2), City=徐州 (ID:13)
[Sun Jun 22 03:29:54 2025] ORDER_EXECUTED: Person=关羽 (ID:31), Order=招商 (ID:2), City=徐州 (ID:13)
[Sun Jun 22 03:29:54 2025] PERSON_RETURNED: Person=关羽 (ID:31), City=徐州 (ID:13), Reason=Order Completion
[Sun Jun 22 03:29:54 2025] ORDER_DELETED: Person=关羽 (ID:31), Order=招商 (ID:2), City=徐州 (ID:13)
[Sun Jun 22 03:29:54 2025] ORDER_EXECUTED: Person=张飞 (ID:32), Order=搜寻 (ID:3), City=徐州 (ID:13)
[Sun Jun 22 03:29:54 2025] PERSON_RETURNED: Person=张飞 (ID:32), City=徐州 (ID:13), Reason=Order Completion
[Sun Jun 22 03:29:54 2025] ORDER_DELETED: Person=张飞 (ID:32), Order=搜寻 (ID:3), City=徐州 (ID:13)
[Sun Jun 22 03:29:54 2025] ORDER_EXECUTED: Person=陈圭 (ID:34), Order=治理 (ID:4), City=徐州 (ID:13)
[Sun Jun 22 03:29:54 2025] PERSON_RETURNED: Person=陈圭 (ID:34), City=徐州 (ID:13), Reason=Order Completion
[Sun Jun 22 03:29:54 2025] ORDER_DELETED: Person=陈圭 (ID:34), Order=治理 (ID:4), City=徐州 (ID:13)
[Sun Jun 22 03:29:54 2025] ORDER_EXECUTED: Person=孙乾 (ID:36), Order=出巡 (ID:5), City=徐州 (ID:13)
[Sun Jun 22 03:29:54 2025] PERSON_RETURNED: Person=孙乾 (ID:36), City=徐州 (ID:13), Reason=Order Completion
[Sun Jun 22 03:29:54 2025] ORDER_DELETED: Person=孙乾 (ID:36), Order=出巡 (ID:5), City=徐州 (ID:13)
[Sun Jun 22 03:29:54 2025] ORDER_EXECUTED: Person=简雍 (ID:33), Order=搜寻 (ID:3), City=小沛 (ID:17)
[Sun Jun 22 03:29:54 2025] PERSON_RETURNED: Person=简雍 (ID:33), City=小沛 (ID:17), Reason=Order Completion
[Sun Jun 22 03:29:54 2025] ORDER_DELETED: Person=简雍 (ID:33), Order=搜寻 (ID:3), City=小沛 (ID:17)
[Sun Jun 22 03:29:54 2025] ORDER_EXECUTED: Person=糜竺 (ID:37), Order=搜寻 (ID:3), City=小沛 (ID:17)
[Sun Jun 22 03:29:55 2025] PERSON_RETURNED: Person=糜竺 (ID:37), City=小沛 (ID:17), Reason=Order Completion
[Sun Jun 22 03:29:55 2025] ORDER_DELETED: Person=糜竺 (ID:37), Order=搜寻 (ID:3), City=小沛 (ID:17)
[Sun Jun 22 03:29:55 2025] ORDER_EXECUTED: Person=糜芳 (ID:38), Order=出巡 (ID:5), City=小沛 (ID:17)
[Sun Jun 22 03:29:55 2025] PERSON_RETURNED: Person=糜芳 (ID:38), City=小沛 (ID:17), Reason=Order Completion
[Sun Jun 22 03:29:55 2025] ORDER_DELETED: Person=糜芳 (ID:38), Order=出巡 (ID:5), City=小沛 (ID:17)
[Sun Jun 22 03:29:55 2025] ORDER_EXECUTED: Person=陈登 (ID:35), Order=出巡 (ID:5), City=下邳 (ID:18)
[Sun Jun 22 03:29:55 2025] PERSON_RETURNED: Person=陈登 (ID:35), City=下邳 (ID:18), Reason=Order Completion
[Sun Jun 22 03:29:55 2025] ORDER_DELETED: Person=陈登 (ID:35), Order=出巡 (ID:5), City=下邳 (ID:18)
[Sun Jun 22 03:29:55 2025] ORDER_EXECUTED: Person=蔡和 (ID:118), Order=招商 (ID:2), City=下邳 (ID:18)
[Sun Jun 22 03:29:55 2025] PERSON_RETURNED: Person=蔡和 (ID:118), City=下邳 (ID:18), Reason=Order Completion
[Sun Jun 22 03:29:55 2025] ORDER_DELETED: Person=蔡和 (ID:118), Order=招商 (ID:2), City=下邳 (ID:18)
[Sun Jun 22 03:29:55 2025] ORDER_EXECUTED: Person=曹豹 (ID:39), Order=招商 (ID:2), City=下邳 (ID:18)
[Sun Jun 22 03:29:55 2025] PERSON_RETURNED: Person=曹豹 (ID:39), City=下邳 (ID:18), Reason=Order Completion
[Sun Jun 22 03:29:55 2025] ORDER_DELETED: Person=曹豹 (ID:39), Order=招商 (ID:2), City=下邳 (ID:18)
[Sun Jun 22 03:29:55 2025] GAME_TURN: Year=61444, Month=8
[Sun Jun 22 03:29:58 2025] COMPUTER_TACTIC: City=西凉 (ID:0), Tactic=Armament
[Sun Jun 22 03:29:58 2025] COMPUTER_TACTIC: City=北平 (ID:1), Tactic=Armament
[Sun Jun 22 03:29:58 2025] COMPUTER_TACTIC: City=襄平 (ID:2), Tactic=Diplomatism
[Sun Jun 22 03:29:58 2025] COMPUTER_TACTIC: City=安定 (ID:3), Tactic=Armament
[Sun Jun 22 03:29:58 2025] COMPUTER_TACTIC: City=晋阳 (ID:4), Tactic=Armament
[Sun Jun 22 03:29:58 2025] COMPUTER_TACTIC: City=平原 (ID:5), Tactic=Armament
[Sun Jun 22 03:29:58 2025] COMPUTER_TACTIC: City=南皮 (ID:6), Tactic=Armament
[Sun Jun 22 03:29:58 2025] COMPUTER_TACTIC: City=北海 (ID:7), Tactic=Diplomatism
[Sun Jun 22 03:29:58 2025] COMPUTER_TACTIC: City=天水 (ID:8), Tactic=Armament
[Sun Jun 22 03:29:58 2025] COMPUTER_TACTIC: City=河内 (ID:9), Tactic=Armament
[Sun Jun 22 03:29:58 2025] COMPUTER_TACTIC: City=长安 (ID:10), Tactic=Armament
[Sun Jun 22 03:29:58 2025] COMPUTER_TACTIC: City= (ID:11), Tactic=Armament
[Sun Jun 22 03:29:58 2025] COMPUTER_TACTIC: City=濮阳 (ID:12), Tactic=Diplomatism
[Sun Jun 22 03:29:58 2025] COMPUTER_TACTIC: City=汉中 (ID:14), Tactic=Diplomatism
[Sun Jun 22 03:29:58 2025] COMPUTER_TACTIC: City=许昌 (ID:16), Tactic=Armament
[Sun Jun 22 03:29:58 2025] ORDER_CREATED: Person=陈登 (ID:35), Order=招商 (ID:2), City=下邳 (ID:18)
[Sun Jun 22 03:29:58 2025] PERSON_REMOVED: Person=陈登 (ID:35), City=下邳 (ID:18), Reason=Order Assignment
[Sun Jun 22 03:29:58 2025] ORDER_CREATED: Person=蔡和 (ID:118), Order=出巡 (ID:5), City=下邳 (ID:18)
[Sun Jun 22 03:29:58 2025] PERSON_REMOVED: Person=蔡和 (ID:118), City=下邳 (ID:18), Reason=Order Assignment
[Sun Jun 22 03:29:58 2025] ORDER_CREATED: Person=曹豹 (ID:39), Order=出巡 (ID:5), City=下邳 (ID:18)
[Sun Jun 22 03:29:58 2025] PERSON_REMOVED: Person=曹豹 (ID:39), City=下邳 (ID:18), Reason=Order Assignment
[Sun Jun 22 03:29:58 2025] COMPUTER_TACTIC: City=下邳 (ID:18), Tactic=Interior
[Sun Jun 22 03:29:58 2025] COMPUTER_TACTIC: City=梓潼 (ID:19), Tactic=Interior
[Sun Jun 22 03:29:58 2025] COMPUTER_TACTIC: City=宛城 (ID:20), Tactic=Armament
[Sun Jun 22 03:29:58 2025] COMPUTER_TACTIC: City=寿春 (ID:21), Tactic=Armament
[Sun Jun 22 03:29:58 2025] COMPUTER_TACTIC: City=建业 (ID:22), Tactic=Armament
[Sun Jun 22 03:29:58 2025] COMPUTER_TACTIC: City= (ID:23), Tactic=Armament
[Sun Jun 22 03:29:58 2025] COMPUTER_TACTIC: City=成都 (ID:24), Tactic=Interior
[Sun Jun 22 03:29:58 2025] COMPUTER_TACTIC: City=棉竹 (ID:25), Tactic=Diplomatism
[Sun Jun 22 03:29:58 2025] COMPUTER_TACTIC: City=襄阳 (ID:26), Tactic=Armament
[Sun Jun 22 03:29:58 2025] COMPUTER_TACTIC: City=江夏 (ID:27), Tactic=Armament
[Sun Jun 22 03:29:58 2025] COMPUTER_TACTIC: City=巴郡 (ID:31), Tactic=Diplomatism
[Sun Jun 22 03:29:58 2025] COMPUTER_TACTIC: City=长沙 (ID:33), Tactic=Diplomatism
[Sun Jun 22 03:29:58 2025] COMPUTER_TACTIC: City=建宁 (ID:37), Tactic=Armament
[Sun Jun 22 03:29:58 2025] ORDER_EXECUTED: Person=陈登 (ID:35), Order=招商 (ID:2), City=下邳 (ID:18)
[Sun Jun 22 03:29:58 2025] PERSON_RETURNED: Person=陈登 (ID:35), City=下邳 (ID:18), Reason=Order Completion
[Sun Jun 22 03:29:58 2025] ORDER_DELETED: Person=陈登 (ID:35), Order=招商 (ID:2), City=下邳 (ID:18)
[Sun Jun 22 03:29:58 2025] ORDER_EXECUTED: Person=蔡和 (ID:118), Order=出巡 (ID:5), City=下邳 (ID:18)
[Sun Jun 22 03:29:58 2025] PERSON_RETURNED: Person=蔡和 (ID:118), City=下邳 (ID:18), Reason=Order Completion
[Sun Jun 22 03:29:58 2025] ORDER_DELETED: Person=蔡和 (ID:118), Order=出巡 (ID:5), City=下邳 (ID:18)
[Sun Jun 22 03:29:58 2025] ORDER_EXECUTED: Person=曹豹 (ID:39), Order=出巡 (ID:5), City=下邳 (ID:18)
[Sun Jun 22 03:29:58 2025] PERSON_RETURNED: Person=曹豹 (ID:39), City=下邳 (ID:18), Reason=Order Completion
[Sun Jun 22 03:29:58 2025] ORDER_DELETED: Person=曹豹 (ID:39), Order=出巡 (ID:5), City=下邳 (ID:18)
[Sun Jun 22 03:29:58 2025] GAME_TURN: Year=61444, Month=9
[Sun Jun 22 03:29:58 2025] COMPUTER_TACTIC: City=西凉 (ID:0), Tactic=Armament
[Sun Jun 22 03:29:58 2025] COMPUTER_TACTIC: City=北平 (ID:1), Tactic=Armament
[Sun Jun 22 03:29:58 2025] COMPUTER_TACTIC: City=襄平 (ID:2), Tactic=Interior
[Sun Jun 22 03:29:58 2025] COMPUTER_TACTIC: City=安定 (ID:3), Tactic=Armament
[Sun Jun 22 03:29:58 2025] COMPUTER_TACTIC: City=晋阳 (ID:4), Tactic=Diplomatism
[Sun Jun 22 03:29:58 2025] COMPUTER_TACTIC: City=平原 (ID:5), Tactic=Armament
[Sun Jun 22 03:29:58 2025] COMPUTER_TACTIC: City=南皮 (ID:6), Tactic=Armament
[Sun Jun 22 03:29:58 2025] COMPUTER_TACTIC: City=北海 (ID:7), Tactic=Diplomatism
[Sun Jun 22 03:29:58 2025] COMPUTER_TACTIC: City=天水 (ID:8), Tactic=Armament
[Sun Jun 22 03:29:58 2025] COMPUTER_TACTIC: City=河内 (ID:9), Tactic=Armament
[Sun Jun 22 03:29:58 2025] COMPUTER_TACTIC: City=长安 (ID:10), Tactic=Diplomatism
[Sun Jun 22 03:29:58 2025] COMPUTER_TACTIC: City= (ID:11), Tactic=Armament
[Sun Jun 22 03:29:58 2025] COMPUTER_TACTIC: City=濮阳 (ID:12), Tactic=Diplomatism
[Sun Jun 22 03:29:58 2025] COMPUTER_TACTIC: City=汉中 (ID:14), Tactic=Diplomatism
[Sun Jun 22 03:29:58 2025] COMPUTER_TACTIC: City=许昌 (ID:16), Tactic=Diplomatism
[Sun Jun 22 03:29:58 2025] ORDER_CREATED: Person=阚泽 (ID:175), Order=治理 (ID:4), City=小沛 (ID:17)
[Sun Jun 22 03:29:58 2025] PERSON_REMOVED: Person=阚泽 (ID:175), City=小沛 (ID:17), Reason=Order Assignment
[Sun Jun 22 03:29:58 2025] ORDER_CREATED: Person=简雍 (ID:33), Order=搜寻 (ID:3), City=小沛 (ID:17)
[Sun Jun 22 03:29:58 2025] PERSON_REMOVED: Person=简雍 (ID:33), City=小沛 (ID:17), Reason=Order Assignment
[Sun Jun 22 03:29:58 2025] ORDER_CREATED: Person=糜竺 (ID:37), Order=治理 (ID:4), City=小沛 (ID:17)
[Sun Jun 22 03:29:58 2025] PERSON_REMOVED: Person=糜竺 (ID:37), City=小沛 (ID:17), Reason=Order Assignment
[Sun Jun 22 03:29:58 2025] ORDER_CREATED: Person=糜芳 (ID:38), Order=出巡 (ID:5), City=小沛 (ID:17)
[Sun Jun 22 03:29:58 2025] PERSON_REMOVED: Person=糜芳 (ID:38), City=小沛 (ID:17), Reason=Order Assignment
[Sun Jun 22 03:29:58 2025] COMPUTER_TACTIC: City=小沛 (ID:17), Tactic=Interior
[Sun Jun 22 03:29:58 2025] COMPUTER_TACTIC: City=梓潼 (ID:19), Tactic=Interior
[Sun Jun 22 03:29:58 2025] COMPUTER_TACTIC: City=宛城 (ID:20), Tactic=Interior
[Sun Jun 22 03:29:58 2025] COMPUTER_TACTIC: City=寿春 (ID:21), Tactic=Interior
[Sun Jun 22 03:29:58 2025] COMPUTER_TACTIC: City=建业 (ID:22), Tactic=Armament
[Sun Jun 22 03:29:58 2025] COMPUTER_TACTIC: City= (ID:23), Tactic=Armament
[Sun Jun 22 03:29:58 2025] COMPUTER_TACTIC: City=成都 (ID:24), Tactic=Interior
[Sun Jun 22 03:29:58 2025] COMPUTER_TACTIC: City=棉竹 (ID:25), Tactic=Armament
[Sun Jun 22 03:29:58 2025] COMPUTER_TACTIC: City=襄阳 (ID:26), Tactic=Armament
[Sun Jun 22 03:29:58 2025] COMPUTER_TACTIC: City=江夏 (ID:27), Tactic=Armament
[Sun Jun 22 03:29:58 2025] COMPUTER_TACTIC: City=巴郡 (ID:31), Tactic=Interior
[Sun Jun 22 03:29:58 2025] COMPUTER_TACTIC: City=长沙 (ID:33), Tactic=Interior
[Sun Jun 22 03:29:58 2025] COMPUTER_TACTIC: City=建宁 (ID:37), Tactic=Armament
[Sun Jun 22 03:30:00 2025] ORDER_EXECUTED: Person=阚泽 (ID:175), Order=治理 (ID:4), City=小沛 (ID:17)
[Sun Jun 22 03:30:00 2025] PERSON_RETURNED: Person=阚泽 (ID:175), City=小沛 (ID:17), Reason=Order Completion
[Sun Jun 22 03:30:00 2025] ORDER_DELETED: Person=阚泽 (ID:175), Order=治理 (ID:4), City=小沛 (ID:17)
[Sun Jun 22 03:30:00 2025] ORDER_EXECUTED: Person=简雍 (ID:33), Order=搜寻 (ID:3), City=小沛 (ID:17)
[Sun Jun 22 03:30:00 2025] PERSON_RETURNED: Person=简雍 (ID:33), City=小沛 (ID:17), Reason=Order Completion
[Sun Jun 22 03:30:00 2025] ORDER_DELETED: Person=简雍 (ID:33), Order=搜寻 (ID:3), City=小沛 (ID:17)
[Sun Jun 22 03:30:00 2025] ORDER_EXECUTED: Person=糜竺 (ID:37), Order=治理 (ID:4), City=小沛 (ID:17)
[Sun Jun 22 03:30:00 2025] PERSON_RETURNED: Person=糜竺 (ID:37), City=小沛 (ID:17), Reason=Order Completion
[Sun Jun 22 03:30:00 2025] ORDER_DELETED: Person=糜竺 (ID:37), Order=治理 (ID:4), City=小沛 (ID:17)
[Sun Jun 22 03:30:00 2025] ORDER_EXECUTED: Person=糜芳 (ID:38), Order=出巡 (ID:5), City=小沛 (ID:17)
[Sun Jun 22 03:30:00 2025] PERSON_RETURNED: Person=糜芳 (ID:38), City=小沛 (ID:17), Reason=Order Completion
[Sun Jun 22 03:30:00 2025] ORDER_DELETED: Person=糜芳 (ID:38), Order=出巡 (ID:5), City=小沛 (ID:17)
[Sun Jun 22 03:30:00 2025] GAME_TURN: Year=61444, Month=10
[Sun Jun 22 03:30:01 2025] COMPUTER_TACTIC: City=西凉 (ID:0), Tactic=Armament
[Sun Jun 22 03:30:01 2025] COMPUTER_TACTIC: City=北平 (ID:1), Tactic=Interior
[Sun Jun 22 03:30:01 2025] COMPUTER_TACTIC: City=襄平 (ID:2), Tactic=Interior
[Sun Jun 22 03:30:01 2025] COMPUTER_TACTIC: City=安定 (ID:3), Tactic=Diplomatism
[Sun Jun 22 03:30:01 2025] COMPUTER_TACTIC: City=晋阳 (ID:4), Tactic=Armament
[Sun Jun 22 03:30:01 2025] COMPUTER_TACTIC: City=平原 (ID:5), Tactic=Armament
[Sun Jun 22 03:30:01 2025] COMPUTER_TACTIC: City=南皮 (ID:6), Tactic=Armament
[Sun Jun 22 03:30:01 2025] COMPUTER_TACTIC: City=北海 (ID:7), Tactic=Armament
[Sun Jun 22 03:30:01 2025] COMPUTER_TACTIC: City=天水 (ID:8), Tactic=Armament
[Sun Jun 22 03:30:01 2025] COMPUTER_TACTIC: City=河内 (ID:9), Tactic=Diplomatism
[Sun Jun 22 03:30:01 2025] COMPUTER_TACTIC: City=长安 (ID:10), Tactic=Interior
[Sun Jun 22 03:30:01 2025] COMPUTER_TACTIC: City= (ID:11), Tactic=Interior
[Sun Jun 22 03:30:01 2025] COMPUTER_TACTIC: City=濮阳 (ID:12), Tactic=Interior
[Sun Jun 22 03:30:01 2025] ORDER_CREATED: Person=刘备 (ID:2), Order=招揽 (ID:16), City=徐州 (ID:13), Target=Person ID 112 (ID:112)
[Sun Jun 22 03:30:01 2025] PERSON_REMOVED: Person=刘备 (ID:2), City=徐州 (ID:13), Reason=Order Assignment
[Sun Jun 22 03:30:01 2025] ORDER_CREATED: Person=关羽 (ID:31), Order=招揽 (ID:16), City=徐州 (ID:13), Target=Person ID 118 (ID:118)
[Sun Jun 22 03:30:01 2025] PERSON_REMOVED: Person=关羽 (ID:31), City=徐州 (ID:13), Reason=Order Assignment
[Sun Jun 22 03:30:01 2025] ORDER_CREATED: Person=张飞 (ID:32), Order=招揽 (ID:16), City=徐州 (ID:13), Target=Person ID 83 (ID:83)
[Sun Jun 22 03:30:01 2025] PERSON_REMOVED: Person=张飞 (ID:32), City=徐州 (ID:13), Reason=Order Assignment
[Sun Jun 22 03:30:01 2025] ORDER_CREATED: Person=陈圭 (ID:34), Order=招揽 (ID:16), City=徐州 (ID:13), Target=成都 (ID:24)
[Sun Jun 22 03:30:01 2025] PERSON_REMOVED: Person=陈圭 (ID:34), City=徐州 (ID:13), Reason=Order Assignment
[Sun Jun 22 03:30:01 2025] ORDER_CREATED: Person=孙乾 (ID:36), Order=招揽 (ID:16), City=徐州 (ID:13), Target=Person ID 62 (ID:62)
[Sun Jun 22 03:30:01 2025] PERSON_REMOVED: Person=孙乾 (ID:36), City=徐州 (ID:13), Reason=Order Assignment
[Sun Jun 22 03:30:01 2025] COMPUTER_TACTIC: City=徐州 (ID:13), Tactic=AI_Diplomatism
[Sun Jun 22 03:30:01 2025] COMPUTER_TACTIC: City=汉中 (ID:14), Tactic=Diplomatism
[Sun Jun 22 03:30:01 2025] COMPUTER_TACTIC: City=许昌 (ID:16), Tactic=Armament
[Sun Jun 22 03:30:01 2025] COMPUTER_TACTIC: City=梓潼 (ID:19), Tactic=Interior
[Sun Jun 22 03:30:01 2025] COMPUTER_TACTIC: City=宛城 (ID:20), Tactic=Armament
[Sun Jun 22 03:30:01 2025] COMPUTER_TACTIC: City=寿春 (ID:21), Tactic=Interior
[Sun Jun 22 03:30:01 2025] COMPUTER_TACTIC: City=建业 (ID:22), Tactic=Diplomatism
[Sun Jun 22 03:30:01 2025] COMPUTER_TACTIC: City= (ID:23), Tactic=Armament
[Sun Jun 22 03:30:01 2025] COMPUTER_TACTIC: City=成都 (ID:24), Tactic=Armament
[Sun Jun 22 03:30:01 2025] COMPUTER_TACTIC: City=棉竹 (ID:25), Tactic=Armament
[Sun Jun 22 03:30:01 2025] COMPUTER_TACTIC: City=襄阳 (ID:26), Tactic=Armament
[Sun Jun 22 03:30:01 2025] COMPUTER_TACTIC: City=江夏 (ID:27), Tactic=Armament
[Sun Jun 22 03:30:01 2025] COMPUTER_TACTIC: City=巴郡 (ID:31), Tactic=Interior
[Sun Jun 22 03:30:01 2025] COMPUTER_TACTIC: City=长沙 (ID:33), Tactic=Interior
[Sun Jun 22 03:30:01 2025] COMPUTER_TACTIC: City=建宁 (ID:37), Tactic=Armament
[Sun Jun 22 03:30:01 2025] ORDER_EXECUTED: Person=刘备 (ID:2), Order=招揽 (ID:16), City=徐州 (ID:13), Target=Person ID 112 (ID:112)
[Sun Jun 22 03:30:01 2025] PERSON_RETURNED: Person=刘备 (ID:2), City=徐州 (ID:13), Reason=Order Completion
[Sun Jun 22 03:30:01 2025] ORDER_DELETED: Person=刘备 (ID:2), Order=招揽 (ID:16), City=徐州 (ID:13), Target=Person ID 112 (ID:112)
[Sun Jun 22 03:30:01 2025] ORDER_EXECUTED: Person=关羽 (ID:31), Order=招揽 (ID:16), City=徐州 (ID:13), Target=Person ID 118 (ID:118)
[Sun Jun 22 03:30:01 2025] PERSON_RETURNED: Person=关羽 (ID:31), City=徐州 (ID:13), Reason=Order Completion
[Sun Jun 22 03:30:01 2025] ORDER_DELETED: Person=关羽 (ID:31), Order=招揽 (ID:16), City=徐州 (ID:13), Target=Person ID 118 (ID:118)
[Sun Jun 22 03:30:01 2025] ORDER_EXECUTED: Person=张飞 (ID:32), Order=招揽 (ID:16), City=徐州 (ID:13), Target=Person ID 83 (ID:83)
[Sun Jun 22 03:30:01 2025] PERSON_RETURNED: Person=张飞 (ID:32), City=徐州 (ID:13), Reason=Order Completion
[Sun Jun 22 03:30:01 2025] ORDER_DELETED: Person=张飞 (ID:32), Order=招揽 (ID:16), City=徐州 (ID:13), Target=Person ID 83 (ID:83)
[Sun Jun 22 03:30:01 2025] ORDER_EXECUTED: Person=陈圭 (ID:34), Order=招揽 (ID:16), City=徐州 (ID:13), Target=成都 (ID:24)
[Sun Jun 22 03:30:01 2025] PERSON_RETURNED: Person=陈圭 (ID:34), City=徐州 (ID:13), Reason=Order Completion
[Sun Jun 22 03:30:01 2025] ORDER_DELETED: Person=陈圭 (ID:34), Order=招揽 (ID:16), City=徐州 (ID:13), Target=成都 (ID:24)
[Sun Jun 22 03:30:01 2025] ORDER_EXECUTED: Person=孙乾 (ID:36), Order=招揽 (ID:16), City=徐州 (ID:13), Target=Person ID 62 (ID:62)
[Sun Jun 22 03:30:01 2025] PERSON_RETURNED: Person=孙乾 (ID:36), City=徐州 (ID:13), Reason=Order Completion
[Sun Jun 22 03:30:01 2025] ORDER_DELETED: Person=孙乾 (ID:36), Order=招揽 (ID:16), City=徐州 (ID:13), Target=Person ID 62 (ID:62)
[Sun Jun 22 03:30:01 2025] GAME_TURN: Year=61444, Month=11
[Sun Jun 22 03:30:02 2025] COMPUTER_TACTIC: City=西凉 (ID:0), Tactic=Armament
[Sun Jun 22 03:30:02 2025] COMPUTER_TACTIC: City=北平 (ID:1), Tactic=Armament
[Sun Jun 22 03:30:02 2025] COMPUTER_TACTIC: City=襄平 (ID:2), Tactic=Diplomatism
[Sun Jun 22 03:30:02 2025] COMPUTER_TACTIC: City=安定 (ID:3), Tactic=Armament
[Sun Jun 22 03:30:02 2025] COMPUTER_TACTIC: City=晋阳 (ID:4), Tactic=Armament
[Sun Jun 22 03:30:02 2025] COMPUTER_TACTIC: City=平原 (ID:5), Tactic=Armament
[Sun Jun 22 03:30:02 2025] COMPUTER_TACTIC: City=南皮 (ID:6), Tactic=Armament
[Sun Jun 22 03:30:02 2025] COMPUTER_TACTIC: City=北海 (ID:7), Tactic=Diplomatism
[Sun Jun 22 03:30:02 2025] COMPUTER_TACTIC: City=天水 (ID:8), Tactic=Armament
[Sun Jun 22 03:30:02 2025] COMPUTER_TACTIC: City=河内 (ID:9), Tactic=Interior
[Sun Jun 22 03:30:02 2025] COMPUTER_TACTIC: City=长安 (ID:10), Tactic=Diplomatism
[Sun Jun 22 03:30:02 2025] COMPUTER_TACTIC: City= (ID:11), Tactic=Diplomatism
[Sun Jun 22 03:30:02 2025] COMPUTER_TACTIC: City=濮阳 (ID:12), Tactic=Diplomatism
[Sun Jun 22 03:30:02 2025] COMPUTER_TACTIC: City=汉中 (ID:14), Tactic=Diplomatism
[Sun Jun 22 03:30:02 2025] COMPUTER_TACTIC: City=许昌 (ID:16), Tactic=Armament
[Sun Jun 22 03:30:02 2025] COMPUTER_TACTIC: City=梓潼 (ID:19), Tactic=Armament
[Sun Jun 22 03:30:02 2025] COMPUTER_TACTIC: City=宛城 (ID:20), Tactic=Armament
[Sun Jun 22 03:30:02 2025] COMPUTER_TACTIC: City=寿春 (ID:21), Tactic=Interior
[Sun Jun 22 03:30:02 2025] COMPUTER_TACTIC: City=建业 (ID:22), Tactic=Diplomatism
[Sun Jun 22 03:30:02 2025] COMPUTER_TACTIC: City= (ID:23), Tactic=Diplomatism
[Sun Jun 22 03:30:02 2025] COMPUTER_TACTIC: City=成都 (ID:24), Tactic=Diplomatism
[Sun Jun 22 03:30:02 2025] COMPUTER_TACTIC: City=棉竹 (ID:25), Tactic=Armament
[Sun Jun 22 03:30:02 2025] COMPUTER_TACTIC: City=襄阳 (ID:26), Tactic=Interior
[Sun Jun 22 03:30:02 2025] COMPUTER_TACTIC: City=江夏 (ID:27), Tactic=Armament
[Sun Jun 22 03:30:02 2025] COMPUTER_TACTIC: City=巴郡 (ID:31), Tactic=Interior
[Sun Jun 22 03:30:02 2025] COMPUTER_TACTIC: City=长沙 (ID:33), Tactic=Diplomatism
[Sun Jun 22 03:30:02 2025] COMPUTER_TACTIC: City=建宁 (ID:37), Tactic=Armament
[Sun Jun 22 03:30:03 2025] GAME_TURN: Year=61444, Month=12
[Sun Jun 22 03:30:41 2025] ORDER_TYPE_TEST_START: OrderType comparison test
[Sun Jun 22 03:30:41 2025] ORDER_TYPE_SIZE_COMPARISON: sizeof(OrderType)=12 sizeof(OrderTypeNew)=12
[Sun Jun 22 03:30:41 2025] ORDER_TYPE_TEST_RESULT: SUCCESS: All 100 orders match perfectly
[Sun Jun 22 03:30:41 2025] ORDER_TYPE_TEST_END: OrderType comparison test completed
[Sun Jun 22 03:30:48 2025] ORDER_CREATED: Person=李典 (ID:14), Order=开垦 (ID:1), City=北平 (ID:1)
[Sun Jun 22 03:30:48 2025] PERSON_REMOVED: Person=李典 (ID:14), City=北平 (ID:1), Reason=Order Assignment
[Sun Jun 22 03:30:48 2025] ORDER_CREATED: Person=钟繇 (ID:49), Order=开垦 (ID:1), City=北平 (ID:1)
[Sun Jun 22 03:30:48 2025] PERSON_REMOVED: Person=钟繇 (ID:49), City=北平 (ID:1), Reason=Order Assignment
[Sun Jun 22 03:30:48 2025] ORDER_CREATED: Person=司马昭 (ID:65), Order=开垦 (ID:1), City=北平 (ID:1)
[Sun Jun 22 03:30:48 2025] PERSON_REMOVED: Person=司马昭 (ID:65), City=北平 (ID:1), Reason=Order Assignment
[Sun Jun 22 03:30:48 2025] COMPUTER_TACTIC: City=襄平 (ID:2), Tactic=Diplomatism
[Sun Jun 22 03:30:48 2025] ORDER_CREATED: Person=崔琰 (ID:29), Order=开垦 (ID:1), City=晋阳 (ID:4)
[Sun Jun 22 03:30:48 2025] PERSON_REMOVED: Person=崔琰 (ID:29), City=晋阳 (ID:4), Reason=Order Assignment
[Sun Jun 22 03:30:48 2025] ORDER_CREATED: Person=ConversionError (ID:33), Order=开垦 (ID:1), City=晋阳 (ID:4)
[Sun Jun 22 03:30:48 2025] PERSON_REMOVED: Person=ConversionError (ID:33), City=晋阳 (ID:4), Reason=Order Assignment
[Sun Jun 22 03:30:48 2025] ORDER_CREATED: Person=阎圃 (ID:61), Order=开垦 (ID:1), City=晋阳 (ID:4)
[Sun Jun 22 03:30:48 2025] PERSON_REMOVED: Person=阎圃 (ID:61), City=晋阳 (ID:4), Reason=Order Assignment
[Sun Jun 22 03:30:48 2025] ORDER_CREATED: Person=夏侯尚 (ID:7), Order=开垦 (ID:1), City=平原 (ID:5)
[Sun Jun 22 03:30:48 2025] PERSON_REMOVED: Person=夏侯尚 (ID:7), City=平原 (ID:5), Reason=Order Assignment
[Sun Jun 22 03:30:48 2025] ORDER_CREATED: Person=杨松 (ID:59), Order=开垦 (ID:1), City=平原 (ID:5)
[Sun Jun 22 03:30:48 2025] PERSON_REMOVED: Person=杨松 (ID:59), City=平原 (ID:5), Reason=Order Assignment
[Sun Jun 22 03:30:48 2025] ORDER_CREATED: Person=孟达 (ID:62), Order=开垦 (ID:1), City=平原 (ID:5)
[Sun Jun 22 03:30:48 2025] PERSON_REMOVED: Person=孟达 (ID:62), City=平原 (ID:5), Reason=Order Assignment
[Sun Jun 22 03:30:48 2025] ORDER_CREATED: Person=徐庶 (ID:5), Order=开垦 (ID:1), City=南皮 (ID:6)
[Sun Jun 22 03:30:48 2025] PERSON_REMOVED: Person=徐庶 (ID:5), City=南皮 (ID:6), Reason=Order Assignment
[Sun Jun 22 03:30:48 2025] ORDER_CREATED: Person=于禁 (ID:21), Order=开垦 (ID:1), City=南皮 (ID:6)
[Sun Jun 22 03:30:48 2025] PERSON_REMOVED: Person=于禁 (ID:21), City=南皮 (ID:6), Reason=Order Assignment
[Sun Jun 22 03:30:48 2025] ORDER_CREATED: Person=博士仁 (ID:36), Order=开垦 (ID:1), City=南皮 (ID:6)
[Sun Jun 22 03:30:48 2025] PERSON_REMOVED: Person=博士仁 (ID:36), City=南皮 (ID:6), Reason=Order Assignment
[Sun Jun 22 03:30:48 2025] ORDER_CREATED: Person=马延 (ID:51), Order=开垦 (ID:1), City=南皮 (ID:6)
[Sun Jun 22 03:30:48 2025] PERSON_REMOVED: Person=马延 (ID:51), City=南皮 (ID:6), Reason=Order Assignment
[Sun Jun 22 03:30:48 2025] ORDER_CREATED: Person=司马懿 (ID:63), Order=开垦 (ID:1), City=南皮 (ID:6)
[Sun Jun 22 03:30:48 2025] PERSON_REMOVED: Person=司马懿 (ID:63), City=南皮 (ID:6), Reason=Order Assignment
[Sun Jun 22 03:30:48 2025] ORDER_CREATED: Person=杨龄 (ID:6), Order=开垦 (ID:1), City=北海 (ID:7)
[Sun Jun 22 03:30:48 2025] PERSON_REMOVED: Person=杨龄 (ID:6), City=北海 (ID:7), Reason=Order Assignment
[Sun Jun 22 03:30:48 2025] ORDER_CREATED: Person=曹植 (ID:12), Order=开垦 (ID:1), City=北海 (ID:7)
[Sun Jun 22 03:30:48 2025] PERSON_REMOVED: Person=曹植 (ID:12), City=北海 (ID:7), Reason=Order Assignment
[Sun Jun 22 03:30:48 2025] ORDER_CREATED: Person=陈群 (ID:25), Order=开垦 (ID:1), City=北海 (ID:7)
[Sun Jun 22 03:30:48 2025] PERSON_REMOVED: Person=陈群 (ID:25), City=北海 (ID:7), Reason=Order Assignment
[Sun Jun 22 03:30:48 2025] ORDER_CREATED: Person=ConversionError (ID:27), Order=开垦 (ID:1), City=北海 (ID:7)
[Sun Jun 22 03:30:48 2025] PERSON_REMOVED: Person=ConversionError (ID:27), City=北海 (ID:7), Reason=Order Assignment
[Sun Jun 22 03:30:48 2025] ORDER_CREATED: Person=许褚 (ID:28), Order=开垦 (ID:1), City=北海 (ID:7)
[Sun Jun 22 03:30:48 2025] PERSON_REMOVED: Person=许褚 (ID:28), City=北海 (ID:7), Reason=Order Assignment
[Sun Jun 22 03:30:48 2025] ORDER_CREATED: Person=毋丘俭 (ID:68), Order=开垦 (ID:1), City=北海 (ID:7)
[Sun Jun 22 03:30:48 2025] PERSON_REMOVED: Person=毋丘俭 (ID:68), City=北海 (ID:7), Reason=Order Assignment
[Sun Jun 22 03:30:48 2025] ORDER_CREATED: Person=满宠 (ID:26), Order=开垦 (ID:1), City=天水 (ID:8)
[Sun Jun 22 03:30:48 2025] PERSON_REMOVED: Person=满宠 (ID:26), City=天水 (ID:8), Reason=Order Assignment
[Sun Jun 22 03:30:48 2025] ORDER_CREATED: Person=张卫 (ID:58), Order=开垦 (ID:1), City=天水 (ID:8)
[Sun Jun 22 03:30:48 2025] PERSON_REMOVED: Person=张卫 (ID:58), City=天水 (ID:8), Reason=Order Assignment
[Sun Jun 22 03:30:48 2025] ORDER_CREATED: Person=夏侯德 (ID:8), Order=开垦 (ID:1), City=河内 (ID:9)
[Sun Jun 22 03:30:48 2025] PERSON_REMOVED: Person=夏侯德 (ID:8), City=河内 (ID:9), Reason=Order Assignment
[Sun Jun 22 03:30:48 2025] ORDER_CREATED: Person=曹洪 (ID:17), Order=开垦 (ID:1), City=河内 (ID:9)
[Sun Jun 22 03:30:48 2025] PERSON_REMOVED: Person=曹洪 (ID:17), City=河内 (ID:9), Reason=Order Assignment
[Sun Jun 22 03:30:48 2025] ORDER_CREATED: Person=荀攸 (ID:22), Order=开垦 (ID:1), City=河内 (ID:9)
[Sun Jun 22 03:30:48 2025] PERSON_REMOVED: Person=荀攸 (ID:22), City=河内 (ID:9), Reason=Order Assignment
[Sun Jun 22 03:30:48 2025] ORDER_CREATED: Person=刘晔 (ID:24), Order=开垦 (ID:1), City=河内 (ID:9)
[Sun Jun 22 03:30:48 2025] PERSON_REMOVED: Person=刘晔 (ID:24), City=河内 (ID:9), Reason=Order Assignment
[Sun Jun 22 03:30:48 2025] ORDER_CREATED: Person=蒋干 (ID:32), Order=开垦 (ID:1), City=河内 (ID:9)
[Sun Jun 22 03:30:48 2025] PERSON_REMOVED: Person=蒋干 (ID:32), City=河内 (ID:9), Reason=Order Assignment
[Sun Jun 22 03:30:48 2025] ORDER_CREATED: Person=蒯越 (ID:54), Order=开垦 (ID:1), City=河内 (ID:9)
[Sun Jun 22 03:30:48 2025] PERSON_REMOVED: Person=蒯越 (ID:54), City=河内 (ID:9), Reason=Order Assignment
[Sun Jun 22 03:30:48 2025] ORDER_CREATED: Person=韩嵩 (ID:55), Order=开垦 (ID:1), City=河内 (ID:9)
[Sun Jun 22 03:30:48 2025] PERSON_REMOVED: Person=韩嵩 (ID:55), City=河内 (ID:9), Reason=Order Assignment
[Sun Jun 22 03:30:48 2025] ORDER_CREATED: Person=司马师 (ID:64), Order=开垦 (ID:1), City=河内 (ID:9)
[Sun Jun 22 03:30:48 2025] PERSON_REMOVED: Person=司马师 (ID:64), City=河内 (ID:9), Reason=Order Assignment
[Sun Jun 22 03:30:48 2025] ORDER_CREATED: Person=典满 (ID:69), Order=开垦 (ID:1), City=河内 (ID:9)
[Sun Jun 22 03:30:48 2025] PERSON_REMOVED: Person=典满 (ID:69), City=河内 (ID:9), Reason=Order Assignment
[Sun Jun 22 03:30:48 2025] ORDER_CREATED: Person=郝昭 (ID:70), Order=开垦 (ID:1), City=河内 (ID:9)
[Sun Jun 22 03:30:48 2025] PERSON_REMOVED: Person=郝昭 (ID:70), City=河内 (ID:9), Reason=Order Assignment
[Sun Jun 22 03:30:48 2025] ORDER_CREATED: Person=郭淮 (ID:31), Order=开垦 (ID:1), City= (ID:11)
[Sun Jun 22 03:30:48 2025] PERSON_REMOVED: Person=郭淮 (ID:31), City= (ID:11), Reason=Order Assignment
[Sun Jun 22 03:30:48 2025] ORDER_CREATED: Person=高览 (ID:34), Order=开垦 (ID:1), City= (ID:11)
[Sun Jun 22 03:30:48 2025] PERSON_REMOVED: Person=高览 (ID:34), City= (ID:11), Reason=Order Assignment
[Sun Jun 22 03:30:48 2025] ORDER_CREATED: Person=文聘 (ID:57), Order=开垦 (ID:1), City= (ID:11)
[Sun Jun 22 03:30:48 2025] PERSON_REMOVED: Person=文聘 (ID:57), City= (ID:11), Reason=Order Assignment
[Sun Jun 22 03:30:48 2025] ORDER_CREATED: Person=陈登 (ID:42), Order=开垦 (ID:1), City=濮阳 (ID:12)
[Sun Jun 22 03:30:48 2025] PERSON_REMOVED: Person=陈登 (ID:42), City=濮阳 (ID:12), Reason=Order Assignment
[Sun Jun 22 03:30:48 2025] ORDER_CREATED: Person=董昭 (ID:56), Order=开垦 (ID:1), City=濮阳 (ID:12)
[Sun Jun 22 03:30:48 2025] PERSON_REMOVED: Person=董昭 (ID:56), City=濮阳 (ID:12), Reason=Order Assignment
[Sun Jun 22 03:30:48 2025] ORDER_CREATED: Person=程昱 (ID:23), Order=开垦 (ID:1), City=徐州 (ID:13)
[Sun Jun 22 03:30:48 2025] PERSON_REMOVED: Person=程昱 (ID:23), City=徐州 (ID:13), Reason=Order Assignment
[Sun Jun 22 03:30:48 2025] ORDER_CREATED: Person=张南 (ID:37), Order=开垦 (ID:1), City=徐州 (ID:13)
[Sun Jun 22 03:30:48 2025] PERSON_REMOVED: Person=张南 (ID:37), City=徐州 (ID:13), Reason=Order Assignment
[Sun Jun 22 03:30:48 2025] ORDER_CREATED: Person=王修 (ID:39), Order=开垦 (ID:1), City=徐州 (ID:13)
[Sun Jun 22 03:30:48 2025] PERSON_REMOVED: Person=王修 (ID:39), City=徐州 (ID:13), Reason=Order Assignment
[Sun Jun 22 03:30:48 2025] ORDER_CREATED: Person=曹豹 (ID:43), Order=开垦 (ID:1), City=徐州 (ID:13)
[Sun Jun 22 03:30:48 2025] PERSON_REMOVED: Person=曹豹 (ID:43), City=徐州 (ID:13), Reason=Order Assignment
[Sun Jun 22 03:30:48 2025] ORDER_CREATED: Person=杨任 (ID:60), Order=开垦 (ID:1), City=徐州 (ID:13)
[Sun Jun 22 03:30:48 2025] PERSON_REMOVED: Person=杨任 (ID:60), City=徐州 (ID:13), Reason=Order Assignment
[Sun Jun 22 03:30:48 2025] COMPUTER_TACTIC: City=汉中 (ID:14), Tactic=Diplomatism
[Sun Jun 22 03:30:48 2025] ORDER_CREATED: Person=曹仁 (ID:18), Order=开垦 (ID:1), City=洛阳 (ID:15)
[Sun Jun 22 03:30:48 2025] PERSON_REMOVED: Person=曹仁 (ID:18), City=洛阳 (ID:15), Reason=Order Assignment
[Sun Jun 22 03:30:48 2025] ORDER_CREATED: Person=牛金 (ID:19), Order=开垦 (ID:1), City=洛阳 (ID:15)
[Sun Jun 22 03:30:48 2025] PERSON_REMOVED: Person=牛金 (ID:19), City=洛阳 (ID:15), Reason=Order Assignment
[Sun Jun 22 03:30:48 2025] ORDER_CREATED: Person=高干 (ID:35), Order=开垦 (ID:1), City=洛阳 (ID:15)
[Sun Jun 22 03:30:48 2025] PERSON_REMOVED: Person=高干 (ID:35), City=洛阳 (ID:15), Reason=Order Assignment
[Sun Jun 22 03:30:48 2025] ORDER_CREATED: Person=王双 (ID:46), Order=开垦 (ID:1), City=洛阳 (ID:15)
[Sun Jun 22 03:30:48 2025] PERSON_REMOVED: Person=王双 (ID:46), City=洛阳 (ID:15), Reason=Order Assignment
[Sun Jun 22 03:30:48 2025] ORDER_CREATED: Person=侯成 (ID:47), Order=开垦 (ID:1), City=洛阳 (ID:15)
[Sun Jun 22 03:30:48 2025] PERSON_REMOVED: Person=侯成 (ID:47), City=洛阳 (ID:15), Reason=Order Assignment
[Sun Jun 22 03:30:48 2025] ORDER_CREATED: Person=王威 (ID:66), Order=开垦 (ID:1), City=洛阳 (ID:15)
[Sun Jun 22 03:30:48 2025] PERSON_REMOVED: Person=王威 (ID:66), City=洛阳 (ID:15), Reason=Order Assignment
[Sun Jun 22 03:30:48 2025] ORDER_CREATED: Person=曹丕 (ID:0), Order=开垦 (ID:1), City=许昌 (ID:16)
[Sun Jun 22 03:30:48 2025] PERSON_REMOVED: Person=曹丕 (ID:0), City=许昌 (ID:16), Reason=Order Assignment
[Sun Jun 22 03:30:48 2025] ORDER_CREATED: Person=辛毗 (ID:40), Order=开垦 (ID:1), City=许昌 (ID:16)
[Sun Jun 22 03:30:48 2025] PERSON_REMOVED: Person=辛毗 (ID:40), City=许昌 (ID:16), Reason=Order Assignment
[Sun Jun 22 03:30:48 2025] ORDER_CREATED: Person=王平 (ID:71), Order=开垦 (ID:1), City=许昌 (ID:16)
[Sun Jun 22 03:30:48 2025] PERSON_REMOVED: Person=王平 (ID:71), City=许昌 (ID:16), Reason=Order Assignment
[Sun Jun 22 03:30:48 2025] COMPUTER_TACTIC: City=梓潼 (ID:19), Tactic=Armament
[Sun Jun 22 03:30:48 2025] ORDER_CREATED: Person=曹休 (ID:20), Order=开垦 (ID:1), City=宛城 (ID:20)
[Sun Jun 22 03:30:48 2025] PERSON_REMOVED: Person=曹休 (ID:20), City=宛城 (ID:20), Reason=Order Assignment
[Sun Jun 22 03:30:48 2025] ORDER_CREATED: Person=臧霸 (ID:44), Order=开垦 (ID:1), City=宛城 (ID:20)
[Sun Jun 22 03:30:48 2025] PERSON_REMOVED: Person=臧霸 (ID:44), City=宛城 (ID:20), Reason=Order Assignment
[Sun Jun 22 03:30:48 2025] ORDER_CREATED: Person=魏续 (ID:45), Order=开垦 (ID:1), City=宛城 (ID:20)
[Sun Jun 22 03:30:48 2025] PERSON_REMOVED: Person=魏续 (ID:45), City=宛城 (ID:20), Reason=Order Assignment
[Sun Jun 22 03:30:48 2025] ORDER_CREATED: Person=王粲 (ID:50), Order=开垦 (ID:1), City=宛城 (ID:20)
[Sun Jun 22 03:30:48 2025] PERSON_REMOVED: Person=王粲 (ID:50), City=宛城 (ID:20), Reason=Order Assignment
[Sun Jun 22 03:30:48 2025] ORDER_CREATED: Person=张绣 (ID:52), Order=开垦 (ID:1), City=宛城 (ID:20)
[Sun Jun 22 03:30:48 2025] PERSON_REMOVED: Person=张绣 (ID:52), City=宛城 (ID:20), Reason=Order Assignment
[Sun Jun 22 03:30:48 2025] ORDER_CREATED: Person=乐进 (ID:16), Order=开垦 (ID:1), City=寿春 (ID:21)
[Sun Jun 22 03:30:48 2025] PERSON_REMOVED: Person=乐进 (ID:16), City=寿春 (ID:21), Reason=Order Assignment
[Sun Jun 22 03:30:48 2025] ORDER_CREATED: Person=徐晃 (ID:30), Order=开垦 (ID:1), City=寿春 (ID:21)
[Sun Jun 22 03:30:48 2025] PERSON_REMOVED: Person=徐晃 (ID:30), City=寿春 (ID:21), Reason=Order Assignment
[Sun Jun 22 03:30:48 2025] ORDER_CREATED: Person=高顺 (ID:48), Order=开垦 (ID:1), City=寿春 (ID:21)
[Sun Jun 22 03:30:48 2025] PERSON_REMOVED: Person=高顺 (ID:48), City=寿春 (ID:21), Reason=Order Assignment
[Sun Jun 22 03:30:48 2025] ORDER_CREATED: Person=文钦 (ID:67), Order=开垦 (ID:1), City=寿春 (ID:21)
[Sun Jun 22 03:30:48 2025] PERSON_REMOVED: Person=文钦 (ID:67), City=寿春 (ID:21), Reason=Order Assignment
[Sun Jun 22 03:30:48 2025] COMPUTER_TACTIC: City=建业 (ID:22), Tactic=Armament
[Sun Jun 22 03:30:48 2025] COMPUTER_TACTIC: City= (ID:23), Tactic=Armament
[Sun Jun 22 03:30:48 2025] COMPUTER_TACTIC: City=成都 (ID:24), Tactic=Interior
[Sun Jun 22 03:30:48 2025] COMPUTER_TACTIC: City=棉竹 (ID:25), Tactic=Armament
[Sun Jun 22 03:30:48 2025] COMPUTER_TACTIC: City=襄阳 (ID:26), Tactic=Armament
[Sun Jun 22 03:30:48 2025] COMPUTER_TACTIC: City=江夏 (ID:27), Tactic=Armament
[Sun Jun 22 03:30:48 2025] COMPUTER_TACTIC: City=庐江 (ID:28), Tactic=Armament
[Sun Jun 22 03:30:48 2025] COMPUTER_TACTIC: City=会稽 (ID:29), Tactic=Armament
[Sun Jun 22 03:30:48 2025] COMPUTER_TACTIC: City=云南 (ID:30), Tactic=Armament
[Sun Jun 22 03:30:48 2025] COMPUTER_TACTIC: City=巴郡 (ID:31), Tactic=Diplomatism
[Sun Jun 22 03:30:48 2025] COMPUTER_TACTIC: City=武陵 (ID:32), Tactic=Armament
[Sun Jun 22 03:30:48 2025] COMPUTER_TACTIC: City=长沙 (ID:33), Tactic=Armament
[Sun Jun 22 03:30:48 2025] COMPUTER_TACTIC: City=柴桑 (ID:34), Tactic=Interior
[Sun Jun 22 03:30:48 2025] COMPUTER_TACTIC: City=零陵 (ID:35), Tactic=Diplomatism
[Sun Jun 22 03:30:48 2025] COMPUTER_TACTIC: City=桂阳 (ID:36), Tactic=Armament
[Sun Jun 22 03:30:48 2025] ORDER_EXECUTED: Person=李典 (ID:14), Order=开垦 (ID:1), City=北平 (ID:1)
[Sun Jun 22 03:30:48 2025] PERSON_RETURNED: Person=李典 (ID:14), City=北平 (ID:1), Reason=Order Completion
[Sun Jun 22 03:30:48 2025] ORDER_DELETED: Person=李典 (ID:14), Order=开垦 (ID:1), City=北平 (ID:1)
[Sun Jun 22 03:30:48 2025] ORDER_EXECUTED: Person=钟繇 (ID:49), Order=开垦 (ID:1), City=北平 (ID:1)
[Sun Jun 22 03:30:48 2025] PERSON_RETURNED: Person=钟繇 (ID:49), City=北平 (ID:1), Reason=Order Completion
[Sun Jun 22 03:30:48 2025] ORDER_DELETED: Person=钟繇 (ID:49), Order=开垦 (ID:1), City=北平 (ID:1)
[Sun Jun 22 03:30:48 2025] ORDER_EXECUTED: Person=司马昭 (ID:65), Order=开垦 (ID:1), City=北平 (ID:1)
[Sun Jun 22 03:30:48 2025] PERSON_RETURNED: Person=司马昭 (ID:65), City=北平 (ID:1), Reason=Order Completion
[Sun Jun 22 03:30:48 2025] ORDER_DELETED: Person=司马昭 (ID:65), Order=开垦 (ID:1), City=北平 (ID:1)
[Sun Jun 22 03:30:48 2025] ORDER_EXECUTED: Person=崔琰 (ID:29), Order=开垦 (ID:1), City=晋阳 (ID:4)
[Sun Jun 22 03:30:48 2025] PERSON_RETURNED: Person=崔琰 (ID:29), City=晋阳 (ID:4), Reason=Order Completion
[Sun Jun 22 03:30:48 2025] ORDER_DELETED: Person=崔琰 (ID:29), Order=开垦 (ID:1), City=晋阳 (ID:4)
[Sun Jun 22 03:30:48 2025] ORDER_EXECUTED: Person=ConversionError (ID:33), Order=开垦 (ID:1), City=晋阳 (ID:4)
[Sun Jun 22 03:30:48 2025] PERSON_RETURNED: Person=ConversionError (ID:33), City=晋阳 (ID:4), Reason=Order Completion
[Sun Jun 22 03:30:48 2025] ORDER_DELETED: Person=ConversionError (ID:33), Order=开垦 (ID:1), City=晋阳 (ID:4)
[Sun Jun 22 03:30:48 2025] ORDER_EXECUTED: Person=阎圃 (ID:61), Order=开垦 (ID:1), City=晋阳 (ID:4)
[Sun Jun 22 03:30:48 2025] PERSON_RETURNED: Person=阎圃 (ID:61), City=晋阳 (ID:4), Reason=Order Completion
[Sun Jun 22 03:30:48 2025] ORDER_DELETED: Person=阎圃 (ID:61), Order=开垦 (ID:1), City=晋阳 (ID:4)
[Sun Jun 22 03:30:48 2025] ORDER_EXECUTED: Person=夏侯尚 (ID:7), Order=开垦 (ID:1), City=平原 (ID:5)
[Sun Jun 22 03:30:48 2025] PERSON_RETURNED: Person=夏侯尚 (ID:7), City=平原 (ID:5), Reason=Order Completion
[Sun Jun 22 03:30:48 2025] ORDER_DELETED: Person=夏侯尚 (ID:7), Order=开垦 (ID:1), City=平原 (ID:5)
[Sun Jun 22 03:30:48 2025] ORDER_EXECUTED: Person=杨松 (ID:59), Order=开垦 (ID:1), City=平原 (ID:5)
[Sun Jun 22 03:30:48 2025] PERSON_RETURNED: Person=杨松 (ID:59), City=平原 (ID:5), Reason=Order Completion
[Sun Jun 22 03:30:48 2025] ORDER_DELETED: Person=杨松 (ID:59), Order=开垦 (ID:1), City=平原 (ID:5)
[Sun Jun 22 03:30:48 2025] ORDER_EXECUTED: Person=孟达 (ID:62), Order=开垦 (ID:1), City=平原 (ID:5)
[Sun Jun 22 03:30:48 2025] PERSON_RETURNED: Person=孟达 (ID:62), City=平原 (ID:5), Reason=Order Completion
[Sun Jun 22 03:30:48 2025] ORDER_DELETED: Person=孟达 (ID:62), Order=开垦 (ID:1), City=平原 (ID:5)
[Sun Jun 22 03:30:48 2025] ORDER_EXECUTED: Person=徐庶 (ID:5), Order=开垦 (ID:1), City=南皮 (ID:6)
[Sun Jun 22 03:30:48 2025] PERSON_RETURNED: Person=徐庶 (ID:5), City=南皮 (ID:6), Reason=Order Completion
[Sun Jun 22 03:30:48 2025] ORDER_DELETED: Person=徐庶 (ID:5), Order=开垦 (ID:1), City=南皮 (ID:6)
[Sun Jun 22 03:30:48 2025] ORDER_EXECUTED: Person=于禁 (ID:21), Order=开垦 (ID:1), City=南皮 (ID:6)
[Sun Jun 22 03:30:48 2025] PERSON_RETURNED: Person=于禁 (ID:21), City=南皮 (ID:6), Reason=Order Completion
[Sun Jun 22 03:30:48 2025] ORDER_DELETED: Person=于禁 (ID:21), Order=开垦 (ID:1), City=南皮 (ID:6)
[Sun Jun 22 03:30:48 2025] ORDER_EXECUTED: Person=博士仁 (ID:36), Order=开垦 (ID:1), City=南皮 (ID:6)
[Sun Jun 22 03:30:48 2025] PERSON_RETURNED: Person=博士仁 (ID:36), City=南皮 (ID:6), Reason=Order Completion
[Sun Jun 22 03:30:48 2025] ORDER_DELETED: Person=博士仁 (ID:36), Order=开垦 (ID:1), City=南皮 (ID:6)
[Sun Jun 22 03:30:48 2025] ORDER_EXECUTED: Person=马延 (ID:51), Order=开垦 (ID:1), City=南皮 (ID:6)
[Sun Jun 22 03:30:48 2025] PERSON_RETURNED: Person=马延 (ID:51), City=南皮 (ID:6), Reason=Order Completion
[Sun Jun 22 03:30:48 2025] ORDER_DELETED: Person=马延 (ID:51), Order=开垦 (ID:1), City=南皮 (ID:6)
[Sun Jun 22 03:30:48 2025] ORDER_EXECUTED: Person=司马懿 (ID:63), Order=开垦 (ID:1), City=南皮 (ID:6)
[Sun Jun 22 03:30:48 2025] PERSON_RETURNED: Person=司马懿 (ID:63), City=南皮 (ID:6), Reason=Order Completion
[Sun Jun 22 03:30:48 2025] ORDER_DELETED: Person=司马懿 (ID:63), Order=开垦 (ID:1), City=南皮 (ID:6)
[Sun Jun 22 03:30:48 2025] ORDER_EXECUTED: Person=杨龄 (ID:6), Order=开垦 (ID:1), City=北海 (ID:7)
[Sun Jun 22 03:30:48 2025] PERSON_RETURNED: Person=杨龄 (ID:6), City=北海 (ID:7), Reason=Order Completion
[Sun Jun 22 03:30:48 2025] ORDER_DELETED: Person=杨龄 (ID:6), Order=开垦 (ID:1), City=北海 (ID:7)
[Sun Jun 22 03:30:48 2025] ORDER_EXECUTED: Person=曹植 (ID:12), Order=开垦 (ID:1), City=北海 (ID:7)
[Sun Jun 22 03:30:48 2025] PERSON_RETURNED: Person=曹植 (ID:12), City=北海 (ID:7), Reason=Order Completion
[Sun Jun 22 03:30:48 2025] ORDER_DELETED: Person=曹植 (ID:12), Order=开垦 (ID:1), City=北海 (ID:7)
[Sun Jun 22 03:30:48 2025] ORDER_EXECUTED: Person=陈群 (ID:25), Order=开垦 (ID:1), City=北海 (ID:7)
[Sun Jun 22 03:30:48 2025] PERSON_RETURNED: Person=陈群 (ID:25), City=北海 (ID:7), Reason=Order Completion
[Sun Jun 22 03:30:48 2025] ORDER_DELETED: Person=陈群 (ID:25), Order=开垦 (ID:1), City=北海 (ID:7)
[Sun Jun 22 03:30:48 2025] ORDER_EXECUTED: Person=ConversionError (ID:27), Order=开垦 (ID:1), City=北海 (ID:7)
[Sun Jun 22 03:30:48 2025] PERSON_RETURNED: Person=ConversionError (ID:27), City=北海 (ID:7), Reason=Order Completion
[Sun Jun 22 03:30:48 2025] ORDER_DELETED: Person=ConversionError (ID:27), Order=开垦 (ID:1), City=北海 (ID:7)
[Sun Jun 22 03:30:48 2025] ORDER_EXECUTED: Person=许褚 (ID:28), Order=开垦 (ID:1), City=北海 (ID:7)
[Sun Jun 22 03:30:48 2025] PERSON_RETURNED: Person=许褚 (ID:28), City=北海 (ID:7), Reason=Order Completion
[Sun Jun 22 03:30:48 2025] ORDER_DELETED: Person=许褚 (ID:28), Order=开垦 (ID:1), City=北海 (ID:7)
[Sun Jun 22 03:30:48 2025] ORDER_EXECUTED: Person=毋丘俭 (ID:68), Order=开垦 (ID:1), City=北海 (ID:7)
[Sun Jun 22 03:30:48 2025] PERSON_RETURNED: Person=毋丘俭 (ID:68), City=北海 (ID:7), Reason=Order Completion
[Sun Jun 22 03:30:48 2025] ORDER_DELETED: Person=毋丘俭 (ID:68), Order=开垦 (ID:1), City=北海 (ID:7)
[Sun Jun 22 03:30:48 2025] ORDER_EXECUTED: Person=满宠 (ID:26), Order=开垦 (ID:1), City=天水 (ID:8)
[Sun Jun 22 03:30:48 2025] PERSON_RETURNED: Person=满宠 (ID:26), City=天水 (ID:8), Reason=Order Completion
[Sun Jun 22 03:30:48 2025] ORDER_DELETED: Person=满宠 (ID:26), Order=开垦 (ID:1), City=天水 (ID:8)
[Sun Jun 22 03:30:48 2025] ORDER_EXECUTED: Person=张卫 (ID:58), Order=开垦 (ID:1), City=天水 (ID:8)
[Sun Jun 22 03:30:48 2025] PERSON_RETURNED: Person=张卫 (ID:58), City=天水 (ID:8), Reason=Order Completion
[Sun Jun 22 03:30:48 2025] ORDER_DELETED: Person=张卫 (ID:58), Order=开垦 (ID:1), City=天水 (ID:8)
[Sun Jun 22 03:30:48 2025] ORDER_EXECUTED: Person=夏侯德 (ID:8), Order=开垦 (ID:1), City=河内 (ID:9)
[Sun Jun 22 03:30:48 2025] PERSON_RETURNED: Person=夏侯德 (ID:8), City=河内 (ID:9), Reason=Order Completion
[Sun Jun 22 03:30:48 2025] ORDER_DELETED: Person=夏侯德 (ID:8), Order=开垦 (ID:1), City=河内 (ID:9)
[Sun Jun 22 03:30:48 2025] ORDER_EXECUTED: Person=曹洪 (ID:17), Order=开垦 (ID:1), City=河内 (ID:9)
[Sun Jun 22 03:30:48 2025] PERSON_RETURNED: Person=曹洪 (ID:17), City=河内 (ID:9), Reason=Order Completion
[Sun Jun 22 03:30:48 2025] ORDER_DELETED: Person=曹洪 (ID:17), Order=开垦 (ID:1), City=河内 (ID:9)
[Sun Jun 22 03:30:48 2025] ORDER_EXECUTED: Person=荀攸 (ID:22), Order=开垦 (ID:1), City=河内 (ID:9)
[Sun Jun 22 03:30:48 2025] PERSON_RETURNED: Person=荀攸 (ID:22), City=河内 (ID:9), Reason=Order Completion
[Sun Jun 22 03:30:48 2025] ORDER_DELETED: Person=荀攸 (ID:22), Order=开垦 (ID:1), City=河内 (ID:9)
[Sun Jun 22 03:30:48 2025] ORDER_EXECUTED: Person=刘晔 (ID:24), Order=开垦 (ID:1), City=河内 (ID:9)
[Sun Jun 22 03:30:48 2025] PERSON_RETURNED: Person=刘晔 (ID:24), City=河内 (ID:9), Reason=Order Completion
[Sun Jun 22 03:30:48 2025] ORDER_DELETED: Person=刘晔 (ID:24), Order=开垦 (ID:1), City=河内 (ID:9)
[Sun Jun 22 03:30:48 2025] ORDER_EXECUTED: Person=蒋干 (ID:32), Order=开垦 (ID:1), City=河内 (ID:9)
[Sun Jun 22 03:30:48 2025] PERSON_RETURNED: Person=蒋干 (ID:32), City=河内 (ID:9), Reason=Order Completion
[Sun Jun 22 03:30:48 2025] ORDER_DELETED: Person=蒋干 (ID:32), Order=开垦 (ID:1), City=河内 (ID:9)
[Sun Jun 22 03:30:48 2025] ORDER_EXECUTED: Person=蒯越 (ID:54), Order=开垦 (ID:1), City=河内 (ID:9)
[Sun Jun 22 03:30:48 2025] PERSON_RETURNED: Person=蒯越 (ID:54), City=河内 (ID:9), Reason=Order Completion
[Sun Jun 22 03:30:48 2025] ORDER_DELETED: Person=蒯越 (ID:54), Order=开垦 (ID:1), City=河内 (ID:9)
[Sun Jun 22 03:30:48 2025] ORDER_EXECUTED: Person=韩嵩 (ID:55), Order=开垦 (ID:1), City=河内 (ID:9)
[Sun Jun 22 03:30:48 2025] PERSON_RETURNED: Person=韩嵩 (ID:55), City=河内 (ID:9), Reason=Order Completion
[Sun Jun 22 03:30:48 2025] ORDER_DELETED: Person=韩嵩 (ID:55), Order=开垦 (ID:1), City=河内 (ID:9)
[Sun Jun 22 03:30:48 2025] ORDER_EXECUTED: Person=司马师 (ID:64), Order=开垦 (ID:1), City=河内 (ID:9)
[Sun Jun 22 03:30:48 2025] PERSON_RETURNED: Person=司马师 (ID:64), City=河内 (ID:9), Reason=Order Completion
[Sun Jun 22 03:30:48 2025] ORDER_DELETED: Person=司马师 (ID:64), Order=开垦 (ID:1), City=河内 (ID:9)
[Sun Jun 22 03:30:48 2025] ORDER_EXECUTED: Person=典满 (ID:69), Order=开垦 (ID:1), City=河内 (ID:9)
[Sun Jun 22 03:30:48 2025] PERSON_RETURNED: Person=典满 (ID:69), City=河内 (ID:9), Reason=Order Completion
[Sun Jun 22 03:30:48 2025] ORDER_DELETED: Person=典满 (ID:69), Order=开垦 (ID:1), City=河内 (ID:9)
[Sun Jun 22 03:30:48 2025] ORDER_EXECUTED: Person=郝昭 (ID:70), Order=开垦 (ID:1), City=河内 (ID:9)
[Sun Jun 22 03:30:48 2025] PERSON_RETURNED: Person=郝昭 (ID:70), City=河内 (ID:9), Reason=Order Completion
[Sun Jun 22 03:30:48 2025] ORDER_DELETED: Person=郝昭 (ID:70), Order=开垦 (ID:1), City=河内 (ID:9)
[Sun Jun 22 03:30:48 2025] ORDER_EXECUTED: Person=郭淮 (ID:31), Order=开垦 (ID:1), City= (ID:11)
[Sun Jun 22 03:30:48 2025] PERSON_RETURNED: Person=郭淮 (ID:31), City= (ID:11), Reason=Order Completion
[Sun Jun 22 03:30:48 2025] ORDER_DELETED: Person=郭淮 (ID:31), Order=开垦 (ID:1), City= (ID:11)
[Sun Jun 22 03:30:48 2025] ORDER_EXECUTED: Person=高览 (ID:34), Order=开垦 (ID:1), City= (ID:11)
[Sun Jun 22 03:30:48 2025] PERSON_RETURNED: Person=高览 (ID:34), City= (ID:11), Reason=Order Completion
[Sun Jun 22 03:30:48 2025] ORDER_DELETED: Person=高览 (ID:34), Order=开垦 (ID:1), City= (ID:11)
[Sun Jun 22 03:30:48 2025] ORDER_EXECUTED: Person=文聘 (ID:57), Order=开垦 (ID:1), City= (ID:11)
[Sun Jun 22 03:30:48 2025] PERSON_RETURNED: Person=文聘 (ID:57), City= (ID:11), Reason=Order Completion
[Sun Jun 22 03:30:48 2025] ORDER_DELETED: Person=文聘 (ID:57), Order=开垦 (ID:1), City= (ID:11)
[Sun Jun 22 03:30:48 2025] ORDER_EXECUTED: Person=陈登 (ID:42), Order=开垦 (ID:1), City=濮阳 (ID:12)
[Sun Jun 22 03:30:48 2025] PERSON_RETURNED: Person=陈登 (ID:42), City=濮阳 (ID:12), Reason=Order Completion
[Sun Jun 22 03:30:48 2025] ORDER_DELETED: Person=陈登 (ID:42), Order=开垦 (ID:1), City=濮阳 (ID:12)
[Sun Jun 22 03:30:48 2025] ORDER_EXECUTED: Person=董昭 (ID:56), Order=开垦 (ID:1), City=濮阳 (ID:12)
[Sun Jun 22 03:30:48 2025] PERSON_RETURNED: Person=董昭 (ID:56), City=濮阳 (ID:12), Reason=Order Completion
[Sun Jun 22 03:30:48 2025] ORDER_DELETED: Person=董昭 (ID:56), Order=开垦 (ID:1), City=濮阳 (ID:12)
[Sun Jun 22 03:30:48 2025] ORDER_EXECUTED: Person=程昱 (ID:23), Order=开垦 (ID:1), City=徐州 (ID:13)
[Sun Jun 22 03:30:48 2025] PERSON_RETURNED: Person=程昱 (ID:23), City=徐州 (ID:13), Reason=Order Completion
[Sun Jun 22 03:30:48 2025] ORDER_DELETED: Person=程昱 (ID:23), Order=开垦 (ID:1), City=徐州 (ID:13)
[Sun Jun 22 03:30:48 2025] ORDER_EXECUTED: Person=张南 (ID:37), Order=开垦 (ID:1), City=徐州 (ID:13)
[Sun Jun 22 03:30:48 2025] PERSON_RETURNED: Person=张南 (ID:37), City=徐州 (ID:13), Reason=Order Completion
[Sun Jun 22 03:30:48 2025] ORDER_DELETED: Person=张南 (ID:37), Order=开垦 (ID:1), City=徐州 (ID:13)
[Sun Jun 22 03:30:48 2025] ORDER_EXECUTED: Person=王修 (ID:39), Order=开垦 (ID:1), City=徐州 (ID:13)
[Sun Jun 22 03:30:48 2025] PERSON_RETURNED: Person=王修 (ID:39), City=徐州 (ID:13), Reason=Order Completion
[Sun Jun 22 03:30:48 2025] ORDER_DELETED: Person=王修 (ID:39), Order=开垦 (ID:1), City=徐州 (ID:13)
[Sun Jun 22 03:30:48 2025] ORDER_EXECUTED: Person=曹豹 (ID:43), Order=开垦 (ID:1), City=徐州 (ID:13)
[Sun Jun 22 03:30:48 2025] PERSON_RETURNED: Person=曹豹 (ID:43), City=徐州 (ID:13), Reason=Order Completion
[Sun Jun 22 03:30:48 2025] ORDER_DELETED: Person=曹豹 (ID:43), Order=开垦 (ID:1), City=徐州 (ID:13)
[Sun Jun 22 03:30:48 2025] ORDER_EXECUTED: Person=杨任 (ID:60), Order=开垦 (ID:1), City=徐州 (ID:13)
[Sun Jun 22 03:30:48 2025] PERSON_RETURNED: Person=杨任 (ID:60), City=徐州 (ID:13), Reason=Order Completion
[Sun Jun 22 03:30:48 2025] ORDER_DELETED: Person=杨任 (ID:60), Order=开垦 (ID:1), City=徐州 (ID:13)
[Sun Jun 22 03:30:48 2025] ORDER_EXECUTED: Person=曹仁 (ID:18), Order=开垦 (ID:1), City=洛阳 (ID:15)
[Sun Jun 22 03:30:48 2025] PERSON_RETURNED: Person=曹仁 (ID:18), City=洛阳 (ID:15), Reason=Order Completion
[Sun Jun 22 03:30:48 2025] ORDER_DELETED: Person=曹仁 (ID:18), Order=开垦 (ID:1), City=洛阳 (ID:15)
[Sun Jun 22 03:30:48 2025] ORDER_EXECUTED: Person=牛金 (ID:19), Order=开垦 (ID:1), City=洛阳 (ID:15)
[Sun Jun 22 03:30:48 2025] PERSON_RETURNED: Person=牛金 (ID:19), City=洛阳 (ID:15), Reason=Order Completion
[Sun Jun 22 03:30:48 2025] ORDER_DELETED: Person=牛金 (ID:19), Order=开垦 (ID:1), City=洛阳 (ID:15)
[Sun Jun 22 03:30:48 2025] ORDER_EXECUTED: Person=高干 (ID:35), Order=开垦 (ID:1), City=洛阳 (ID:15)
[Sun Jun 22 03:30:48 2025] PERSON_RETURNED: Person=高干 (ID:35), City=洛阳 (ID:15), Reason=Order Completion
[Sun Jun 22 03:30:48 2025] ORDER_DELETED: Person=高干 (ID:35), Order=开垦 (ID:1), City=洛阳 (ID:15)
[Sun Jun 22 03:30:48 2025] ORDER_EXECUTED: Person=王双 (ID:46), Order=开垦 (ID:1), City=洛阳 (ID:15)
[Sun Jun 22 03:30:48 2025] PERSON_RETURNED: Person=王双 (ID:46), City=洛阳 (ID:15), Reason=Order Completion
[Sun Jun 22 03:30:48 2025] ORDER_DELETED: Person=王双 (ID:46), Order=开垦 (ID:1), City=洛阳 (ID:15)
[Sun Jun 22 03:30:48 2025] ORDER_EXECUTED: Person=侯成 (ID:47), Order=开垦 (ID:1), City=洛阳 (ID:15)
[Sun Jun 22 03:30:48 2025] PERSON_RETURNED: Person=侯成 (ID:47), City=洛阳 (ID:15), Reason=Order Completion
[Sun Jun 22 03:30:48 2025] ORDER_DELETED: Person=侯成 (ID:47), Order=开垦 (ID:1), City=洛阳 (ID:15)
[Sun Jun 22 03:30:48 2025] ORDER_EXECUTED: Person=王威 (ID:66), Order=开垦 (ID:1), City=洛阳 (ID:15)
[Sun Jun 22 03:30:48 2025] PERSON_RETURNED: Person=王威 (ID:66), City=洛阳 (ID:15), Reason=Order Completion
[Sun Jun 22 03:30:48 2025] ORDER_DELETED: Person=王威 (ID:66), Order=开垦 (ID:1), City=洛阳 (ID:15)
[Sun Jun 22 03:30:48 2025] ORDER_EXECUTED: Person=曹丕 (ID:0), Order=开垦 (ID:1), City=许昌 (ID:16)
[Sun Jun 22 03:30:48 2025] PERSON_RETURNED: Person=曹丕 (ID:0), City=许昌 (ID:16), Reason=Order Completion
[Sun Jun 22 03:30:48 2025] ORDER_DELETED: Person=曹丕 (ID:0), Order=开垦 (ID:1), City=许昌 (ID:16)
[Sun Jun 22 03:30:48 2025] ORDER_EXECUTED: Person=辛毗 (ID:40), Order=开垦 (ID:1), City=许昌 (ID:16)
[Sun Jun 22 03:30:48 2025] PERSON_RETURNED: Person=辛毗 (ID:40), City=许昌 (ID:16), Reason=Order Completion
[Sun Jun 22 03:30:48 2025] ORDER_DELETED: Person=辛毗 (ID:40), Order=开垦 (ID:1), City=许昌 (ID:16)
[Sun Jun 22 03:30:48 2025] ORDER_EXECUTED: Person=王平 (ID:71), Order=开垦 (ID:1), City=许昌 (ID:16)
[Sun Jun 22 03:30:48 2025] PERSON_RETURNED: Person=王平 (ID:71), City=许昌 (ID:16), Reason=Order Completion
[Sun Jun 22 03:30:48 2025] ORDER_DELETED: Person=王平 (ID:71), Order=开垦 (ID:1), City=许昌 (ID:16)
[Sun Jun 22 03:30:48 2025] ORDER_EXECUTED: Person=曹休 (ID:20), Order=开垦 (ID:1), City=宛城 (ID:20)
[Sun Jun 22 03:30:48 2025] PERSON_RETURNED: Person=曹休 (ID:20), City=宛城 (ID:20), Reason=Order Completion
[Sun Jun 22 03:30:48 2025] ORDER_DELETED: Person=曹休 (ID:20), Order=开垦 (ID:1), City=宛城 (ID:20)
[Sun Jun 22 03:30:48 2025] ORDER_EXECUTED: Person=臧霸 (ID:44), Order=开垦 (ID:1), City=宛城 (ID:20)
[Sun Jun 22 03:30:48 2025] PERSON_RETURNED: Person=臧霸 (ID:44), City=宛城 (ID:20), Reason=Order Completion
[Sun Jun 22 03:30:48 2025] ORDER_DELETED: Person=臧霸 (ID:44), Order=开垦 (ID:1), City=宛城 (ID:20)
[Sun Jun 22 03:30:48 2025] ORDER_EXECUTED: Person=魏续 (ID:45), Order=开垦 (ID:1), City=宛城 (ID:20)
[Sun Jun 22 03:30:48 2025] PERSON_RETURNED: Person=魏续 (ID:45), City=宛城 (ID:20), Reason=Order Completion
[Sun Jun 22 03:30:48 2025] ORDER_DELETED: Person=魏续 (ID:45), Order=开垦 (ID:1), City=宛城 (ID:20)
[Sun Jun 22 03:30:48 2025] ORDER_EXECUTED: Person=王粲 (ID:50), Order=开垦 (ID:1), City=宛城 (ID:20)
[Sun Jun 22 03:30:48 2025] PERSON_RETURNED: Person=王粲 (ID:50), City=宛城 (ID:20), Reason=Order Completion
[Sun Jun 22 03:30:48 2025] ORDER_DELETED: Person=王粲 (ID:50), Order=开垦 (ID:1), City=宛城 (ID:20)
[Sun Jun 22 03:30:48 2025] ORDER_EXECUTED: Person=张绣 (ID:52), Order=开垦 (ID:1), City=宛城 (ID:20)
[Sun Jun 22 03:30:48 2025] PERSON_RETURNED: Person=张绣 (ID:52), City=宛城 (ID:20), Reason=Order Completion
[Sun Jun 22 03:30:48 2025] ORDER_DELETED: Person=张绣 (ID:52), Order=开垦 (ID:1), City=宛城 (ID:20)
[Sun Jun 22 03:30:48 2025] ORDER_EXECUTED: Person=乐进 (ID:16), Order=开垦 (ID:1), City=寿春 (ID:21)
[Sun Jun 22 03:30:48 2025] PERSON_RETURNED: Person=乐进 (ID:16), City=寿春 (ID:21), Reason=Order Completion
[Sun Jun 22 03:30:48 2025] ORDER_DELETED: Person=乐进 (ID:16), Order=开垦 (ID:1), City=寿春 (ID:21)
[Sun Jun 22 03:30:48 2025] ORDER_EXECUTED: Person=徐晃 (ID:30), Order=开垦 (ID:1), City=寿春 (ID:21)
[Sun Jun 22 03:30:48 2025] PERSON_RETURNED: Person=徐晃 (ID:30), City=寿春 (ID:21), Reason=Order Completion
[Sun Jun 22 03:30:48 2025] ORDER_DELETED: Person=徐晃 (ID:30), Order=开垦 (ID:1), City=寿春 (ID:21)
[Sun Jun 22 03:30:48 2025] ORDER_EXECUTED: Person=高顺 (ID:48), Order=开垦 (ID:1), City=寿春 (ID:21)
[Sun Jun 22 03:30:48 2025] PERSON_RETURNED: Person=高顺 (ID:48), City=寿春 (ID:21), Reason=Order Completion
[Sun Jun 22 03:30:48 2025] ORDER_DELETED: Person=高顺 (ID:48), Order=开垦 (ID:1), City=寿春 (ID:21)
[Sun Jun 22 03:30:48 2025] ORDER_EXECUTED: Person=文钦 (ID:67), Order=开垦 (ID:1), City=寿春 (ID:21)
[Sun Jun 22 03:30:48 2025] PERSON_RETURNED: Person=文钦 (ID:67), City=寿春 (ID:21), Reason=Order Completion
[Sun Jun 22 03:30:48 2025] ORDER_DELETED: Person=文钦 (ID:67), Order=开垦 (ID:1), City=寿春 (ID:21)
[Sun Jun 22 03:30:50 2025] GAME_TURN: Year=248, Month=2
[Sun Jun 22 03:30:51 2025] ORDER_CREATED: Person=李典 (ID:14), Order=开垦 (ID:1), City=北平 (ID:1)
[Sun Jun 22 03:30:51 2025] PERSON_REMOVED: Person=李典 (ID:14), City=北平 (ID:1), Reason=Order Assignment
[Sun Jun 22 03:30:51 2025] ORDER_CREATED: Person=钟繇 (ID:49), Order=开垦 (ID:1), City=北平 (ID:1)
[Sun Jun 22 03:30:51 2025] PERSON_REMOVED: Person=钟繇 (ID:49), City=北平 (ID:1), Reason=Order Assignment
[Sun Jun 22 03:30:51 2025] ORDER_CREATED: Person=司马昭 (ID:65), Order=开垦 (ID:1), City=北平 (ID:1)
[Sun Jun 22 03:30:51 2025] PERSON_REMOVED: Person=司马昭 (ID:65), City=北平 (ID:1), Reason=Order Assignment
[Sun Jun 22 03:30:51 2025] COMPUTER_TACTIC: City=襄平 (ID:2), Tactic=Armament
[Sun Jun 22 03:30:51 2025] ORDER_CREATED: Person=崔琰 (ID:29), Order=开垦 (ID:1), City=晋阳 (ID:4)
[Sun Jun 22 03:30:51 2025] PERSON_REMOVED: Person=崔琰 (ID:29), City=晋阳 (ID:4), Reason=Order Assignment
[Sun Jun 22 03:30:51 2025] ORDER_CREATED: Person=ConversionError (ID:33), Order=开垦 (ID:1), City=晋阳 (ID:4)
[Sun Jun 22 03:30:51 2025] PERSON_REMOVED: Person=ConversionError (ID:33), City=晋阳 (ID:4), Reason=Order Assignment
[Sun Jun 22 03:30:51 2025] ORDER_CREATED: Person=阎圃 (ID:61), Order=开垦 (ID:1), City=晋阳 (ID:4)
[Sun Jun 22 03:30:51 2025] PERSON_REMOVED: Person=阎圃 (ID:61), City=晋阳 (ID:4), Reason=Order Assignment
[Sun Jun 22 03:30:51 2025] ORDER_CREATED: Person=夏侯尚 (ID:7), Order=招商 (ID:2), City=平原 (ID:5)
[Sun Jun 22 03:30:51 2025] PERSON_REMOVED: Person=夏侯尚 (ID:7), City=平原 (ID:5), Reason=Order Assignment
[Sun Jun 22 03:30:51 2025] ORDER_CREATED: Person=杨松 (ID:59), Order=招商 (ID:2), City=平原 (ID:5)
[Sun Jun 22 03:30:51 2025] PERSON_REMOVED: Person=杨松 (ID:59), City=平原 (ID:5), Reason=Order Assignment
[Sun Jun 22 03:30:51 2025] ORDER_CREATED: Person=孟达 (ID:62), Order=招商 (ID:2), City=平原 (ID:5)
[Sun Jun 22 03:30:51 2025] PERSON_REMOVED: Person=孟达 (ID:62), City=平原 (ID:5), Reason=Order Assignment
[Sun Jun 22 03:30:51 2025] ORDER_CREATED: Person=徐庶 (ID:5), Order=开垦 (ID:1), City=南皮 (ID:6)
[Sun Jun 22 03:30:51 2025] PERSON_REMOVED: Person=徐庶 (ID:5), City=南皮 (ID:6), Reason=Order Assignment
[Sun Jun 22 03:30:51 2025] ORDER_CREATED: Person=于禁 (ID:21), Order=开垦 (ID:1), City=南皮 (ID:6)
[Sun Jun 22 03:30:51 2025] PERSON_REMOVED: Person=于禁 (ID:21), City=南皮 (ID:6), Reason=Order Assignment
[Sun Jun 22 03:30:51 2025] ORDER_CREATED: Person=博士仁 (ID:36), Order=开垦 (ID:1), City=南皮 (ID:6)
[Sun Jun 22 03:30:51 2025] PERSON_REMOVED: Person=博士仁 (ID:36), City=南皮 (ID:6), Reason=Order Assignment
[Sun Jun 22 03:30:51 2025] ORDER_CREATED: Person=马延 (ID:51), Order=开垦 (ID:1), City=南皮 (ID:6)
[Sun Jun 22 03:30:51 2025] PERSON_REMOVED: Person=马延 (ID:51), City=南皮 (ID:6), Reason=Order Assignment
[Sun Jun 22 03:30:51 2025] ORDER_CREATED: Person=司马懿 (ID:63), Order=开垦 (ID:1), City=南皮 (ID:6)
[Sun Jun 22 03:30:51 2025] PERSON_REMOVED: Person=司马懿 (ID:63), City=南皮 (ID:6), Reason=Order Assignment
[Sun Jun 22 03:30:51 2025] ORDER_CREATED: Person=杨龄 (ID:6), Order=开垦 (ID:1), City=北海 (ID:7)
[Sun Jun 22 03:30:51 2025] PERSON_REMOVED: Person=杨龄 (ID:6), City=北海 (ID:7), Reason=Order Assignment
[Sun Jun 22 03:30:51 2025] ORDER_CREATED: Person=曹植 (ID:12), Order=开垦 (ID:1), City=北海 (ID:7)
[Sun Jun 22 03:30:51 2025] PERSON_REMOVED: Person=曹植 (ID:12), City=北海 (ID:7), Reason=Order Assignment
[Sun Jun 22 03:30:51 2025] ORDER_CREATED: Person=陈群 (ID:25), Order=开垦 (ID:1), City=北海 (ID:7)
[Sun Jun 22 03:30:51 2025] PERSON_REMOVED: Person=陈群 (ID:25), City=北海 (ID:7), Reason=Order Assignment
[Sun Jun 22 03:30:51 2025] ORDER_CREATED: Person=ConversionError (ID:27), Order=开垦 (ID:1), City=北海 (ID:7)
[Sun Jun 22 03:30:51 2025] PERSON_REMOVED: Person=ConversionError (ID:27), City=北海 (ID:7), Reason=Order Assignment
[Sun Jun 22 03:30:51 2025] ORDER_CREATED: Person=许褚 (ID:28), Order=开垦 (ID:1), City=北海 (ID:7)
[Sun Jun 22 03:30:51 2025] PERSON_REMOVED: Person=许褚 (ID:28), City=北海 (ID:7), Reason=Order Assignment
[Sun Jun 22 03:30:51 2025] ORDER_CREATED: Person=毋丘俭 (ID:68), Order=开垦 (ID:1), City=北海 (ID:7)
[Sun Jun 22 03:30:51 2025] PERSON_REMOVED: Person=毋丘俭 (ID:68), City=北海 (ID:7), Reason=Order Assignment
[Sun Jun 22 03:30:51 2025] ORDER_CREATED: Person=满宠 (ID:26), Order=开垦 (ID:1), City=天水 (ID:8)
[Sun Jun 22 03:30:51 2025] PERSON_REMOVED: Person=满宠 (ID:26), City=天水 (ID:8), Reason=Order Assignment
[Sun Jun 22 03:30:51 2025] ORDER_CREATED: Person=张卫 (ID:58), Order=开垦 (ID:1), City=天水 (ID:8)
[Sun Jun 22 03:30:51 2025] PERSON_REMOVED: Person=张卫 (ID:58), City=天水 (ID:8), Reason=Order Assignment
[Sun Jun 22 03:30:51 2025] ORDER_CREATED: Person=夏侯德 (ID:8), Order=招商 (ID:2), City=河内 (ID:9)
[Sun Jun 22 03:30:51 2025] PERSON_REMOVED: Person=夏侯德 (ID:8), City=河内 (ID:9), Reason=Order Assignment
[Sun Jun 22 03:30:51 2025] ORDER_CREATED: Person=曹洪 (ID:17), Order=招商 (ID:2), City=河内 (ID:9)
[Sun Jun 22 03:30:51 2025] PERSON_REMOVED: Person=曹洪 (ID:17), City=河内 (ID:9), Reason=Order Assignment
[Sun Jun 22 03:30:51 2025] ORDER_CREATED: Person=荀攸 (ID:22), Order=招商 (ID:2), City=河内 (ID:9)
[Sun Jun 22 03:30:51 2025] PERSON_REMOVED: Person=荀攸 (ID:22), City=河内 (ID:9), Reason=Order Assignment
[Sun Jun 22 03:30:51 2025] ORDER_CREATED: Person=刘晔 (ID:24), Order=招商 (ID:2), City=河内 (ID:9)
[Sun Jun 22 03:30:51 2025] PERSON_REMOVED: Person=刘晔 (ID:24), City=河内 (ID:9), Reason=Order Assignment
[Sun Jun 22 03:30:51 2025] ORDER_CREATED: Person=蒋干 (ID:32), Order=招商 (ID:2), City=河内 (ID:9)
[Sun Jun 22 03:30:51 2025] PERSON_REMOVED: Person=蒋干 (ID:32), City=河内 (ID:9), Reason=Order Assignment
[Sun Jun 22 03:30:51 2025] ORDER_CREATED: Person=蒯越 (ID:54), Order=招商 (ID:2), City=河内 (ID:9)
[Sun Jun 22 03:30:51 2025] PERSON_REMOVED: Person=蒯越 (ID:54), City=河内 (ID:9), Reason=Order Assignment
[Sun Jun 22 03:30:51 2025] ORDER_CREATED: Person=韩嵩 (ID:55), Order=招商 (ID:2), City=河内 (ID:9)
[Sun Jun 22 03:30:51 2025] PERSON_REMOVED: Person=韩嵩 (ID:55), City=河内 (ID:9), Reason=Order Assignment
[Sun Jun 22 03:30:51 2025] ORDER_CREATED: Person=司马师 (ID:64), Order=招商 (ID:2), City=河内 (ID:9)
[Sun Jun 22 03:30:51 2025] PERSON_REMOVED: Person=司马师 (ID:64), City=河内 (ID:9), Reason=Order Assignment
[Sun Jun 22 03:30:51 2025] ORDER_CREATED: Person=典满 (ID:69), Order=招商 (ID:2), City=河内 (ID:9)
[Sun Jun 22 03:30:51 2025] PERSON_REMOVED: Person=典满 (ID:69), City=河内 (ID:9), Reason=Order Assignment
[Sun Jun 22 03:30:51 2025] ORDER_CREATED: Person=郝昭 (ID:70), Order=招商 (ID:2), City=河内 (ID:9)
[Sun Jun 22 03:30:51 2025] PERSON_REMOVED: Person=郝昭 (ID:70), City=河内 (ID:9), Reason=Order Assignment
[Sun Jun 22 03:30:51 2025] ORDER_CREATED: Person=夏侯霸 (ID:9), Order=开垦 (ID:1), City=长安 (ID:10)
[Sun Jun 22 03:30:51 2025] PERSON_REMOVED: Person=夏侯霸 (ID:9), City=长安 (ID:10), Reason=Order Assignment
[Sun Jun 22 03:30:51 2025] ORDER_CREATED: Person=曹彰 (ID:10), Order=招商 (ID:2), City=长安 (ID:10)
[Sun Jun 22 03:30:51 2025] PERSON_REMOVED: Person=曹彰 (ID:10), City=长安 (ID:10), Reason=Order Assignment
[Sun Jun 22 03:30:51 2025] ORDER_CREATED: Person=曹真 (ID:11), Order=搜寻 (ID:3), City=长安 (ID:10)
[Sun Jun 22 03:30:51 2025] PERSON_REMOVED: Person=曹真 (ID:11), City=长安 (ID:10), Reason=Order Assignment
[Sun Jun 22 03:30:51 2025] ORDER_CREATED: Person=张燕 (ID:38), Order=治理 (ID:4), City=长安 (ID:10)
[Sun Jun 22 03:30:51 2025] PERSON_REMOVED: Person=张燕 (ID:38), City=长安 (ID:10), Reason=Order Assignment
[Sun Jun 22 03:30:51 2025] ORDER_CREATED: Person=陈琳 (ID:41), Order=招商 (ID:2), City=长安 (ID:10)
[Sun Jun 22 03:30:51 2025] PERSON_REMOVED: Person=陈琳 (ID:41), City=长安 (ID:10), Reason=Order Assignment
[Sun Jun 22 03:30:51 2025] ORDER_CREATED: Person=贾诩 (ID:53), Order=治理 (ID:4), City=长安 (ID:10)
[Sun Jun 22 03:30:51 2025] PERSON_REMOVED: Person=贾诩 (ID:53), City=长安 (ID:10), Reason=Order Assignment
[Sun Jun 22 03:30:51 2025] COMPUTER_TACTIC: City=长安 (ID:10), Tactic=Interior
[Sun Jun 22 03:30:51 2025] ORDER_CREATED: Person=郭淮 (ID:31), Order=开垦 (ID:1), City= (ID:11)
[Sun Jun 22 03:30:51 2025] PERSON_REMOVED: Person=郭淮 (ID:31), City= (ID:11), Reason=Order Assignment
[Sun Jun 22 03:30:51 2025] ORDER_CREATED: Person=高览 (ID:34), Order=开垦 (ID:1), City= (ID:11)
[Sun Jun 22 03:30:51 2025] PERSON_REMOVED: Person=高览 (ID:34), City= (ID:11), Reason=Order Assignment
[Sun Jun 22 03:30:51 2025] ORDER_CREATED: Person=文聘 (ID:57), Order=开垦 (ID:1), City= (ID:11)
[Sun Jun 22 03:30:51 2025] PERSON_REMOVED: Person=文聘 (ID:57), City= (ID:11), Reason=Order Assignment
[Sun Jun 22 03:30:51 2025] ORDER_CREATED: Person=陈登 (ID:42), Order=开垦 (ID:1), City=濮阳 (ID:12)
[Sun Jun 22 03:30:51 2025] PERSON_REMOVED: Person=陈登 (ID:42), City=濮阳 (ID:12), Reason=Order Assignment
[Sun Jun 22 03:30:51 2025] ORDER_CREATED: Person=董昭 (ID:56), Order=开垦 (ID:1), City=濮阳 (ID:12)
[Sun Jun 22 03:30:51 2025] PERSON_REMOVED: Person=董昭 (ID:56), City=濮阳 (ID:12), Reason=Order Assignment
[Sun Jun 22 03:30:51 2025] ORDER_CREATED: Person=程昱 (ID:23), Order=开垦 (ID:1), City=徐州 (ID:13)
[Sun Jun 22 03:30:51 2025] PERSON_REMOVED: Person=程昱 (ID:23), City=徐州 (ID:13), Reason=Order Assignment
[Sun Jun 22 03:30:51 2025] ORDER_CREATED: Person=张南 (ID:37), Order=开垦 (ID:1), City=徐州 (ID:13)
[Sun Jun 22 03:30:51 2025] PERSON_REMOVED: Person=张南 (ID:37), City=徐州 (ID:13), Reason=Order Assignment
[Sun Jun 22 03:30:51 2025] ORDER_CREATED: Person=王修 (ID:39), Order=开垦 (ID:1), City=徐州 (ID:13)
[Sun Jun 22 03:30:51 2025] PERSON_REMOVED: Person=王修 (ID:39), City=徐州 (ID:13), Reason=Order Assignment
[Sun Jun 22 03:30:51 2025] ORDER_CREATED: Person=曹豹 (ID:43), Order=开垦 (ID:1), City=徐州 (ID:13)
[Sun Jun 22 03:30:51 2025] PERSON_REMOVED: Person=曹豹 (ID:43), City=徐州 (ID:13), Reason=Order Assignment
[Sun Jun 22 03:30:51 2025] ORDER_CREATED: Person=杨任 (ID:60), Order=开垦 (ID:1), City=徐州 (ID:13)
[Sun Jun 22 03:30:51 2025] PERSON_REMOVED: Person=杨任 (ID:60), City=徐州 (ID:13), Reason=Order Assignment
[Sun Jun 22 03:30:51 2025] COMPUTER_TACTIC: City=汉中 (ID:14), Tactic=Interior
[Sun Jun 22 03:30:51 2025] ORDER_CREATED: Person=曹仁 (ID:18), Order=开垦 (ID:1), City=洛阳 (ID:15)
[Sun Jun 22 03:30:51 2025] PERSON_REMOVED: Person=曹仁 (ID:18), City=洛阳 (ID:15), Reason=Order Assignment
[Sun Jun 22 03:30:51 2025] ORDER_CREATED: Person=牛金 (ID:19), Order=开垦 (ID:1), City=洛阳 (ID:15)
[Sun Jun 22 03:30:51 2025] PERSON_REMOVED: Person=牛金 (ID:19), City=洛阳 (ID:15), Reason=Order Assignment
[Sun Jun 22 03:30:51 2025] ORDER_CREATED: Person=高干 (ID:35), Order=招商 (ID:2), City=洛阳 (ID:15)
[Sun Jun 22 03:30:51 2025] PERSON_REMOVED: Person=高干 (ID:35), City=洛阳 (ID:15), Reason=Order Assignment
[Sun Jun 22 03:30:51 2025] ORDER_CREATED: Person=王双 (ID:46), Order=招商 (ID:2), City=洛阳 (ID:15)
[Sun Jun 22 03:30:51 2025] PERSON_REMOVED: Person=王双 (ID:46), City=洛阳 (ID:15), Reason=Order Assignment
[Sun Jun 22 03:30:51 2025] ORDER_CREATED: Person=侯成 (ID:47), Order=招商 (ID:2), City=洛阳 (ID:15)
[Sun Jun 22 03:30:51 2025] PERSON_REMOVED: Person=侯成 (ID:47), City=洛阳 (ID:15), Reason=Order Assignment
[Sun Jun 22 03:30:51 2025] ORDER_CREATED: Person=王威 (ID:66), Order=招商 (ID:2), City=洛阳 (ID:15)
[Sun Jun 22 03:30:51 2025] PERSON_REMOVED: Person=王威 (ID:66), City=洛阳 (ID:15), Reason=Order Assignment
[Sun Jun 22 03:30:51 2025] ORDER_CREATED: Person=曹丕 (ID:0), Order=开垦 (ID:1), City=许昌 (ID:16)
[Sun Jun 22 03:30:51 2025] PERSON_REMOVED: Person=曹丕 (ID:0), City=许昌 (ID:16), Reason=Order Assignment
[Sun Jun 22 03:30:51 2025] ORDER_CREATED: Person=辛毗 (ID:40), Order=开垦 (ID:1), City=许昌 (ID:16)
[Sun Jun 22 03:30:51 2025] PERSON_REMOVED: Person=辛毗 (ID:40), City=许昌 (ID:16), Reason=Order Assignment
[Sun Jun 22 03:30:51 2025] ORDER_CREATED: Person=王平 (ID:71), Order=开垦 (ID:1), City=许昌 (ID:16)
[Sun Jun 22 03:30:51 2025] PERSON_REMOVED: Person=王平 (ID:71), City=许昌 (ID:16), Reason=Order Assignment
[Sun Jun 22 03:30:51 2025] COMPUTER_TACTIC: City=梓潼 (ID:19), Tactic=Armament
[Sun Jun 22 03:30:51 2025] ORDER_CREATED: Person=曹休 (ID:20), Order=开垦 (ID:1), City=宛城 (ID:20)
[Sun Jun 22 03:30:51 2025] PERSON_REMOVED: Person=曹休 (ID:20), City=宛城 (ID:20), Reason=Order Assignment
[Sun Jun 22 03:30:51 2025] ORDER_CREATED: Person=臧霸 (ID:44), Order=开垦 (ID:1), City=宛城 (ID:20)
[Sun Jun 22 03:30:51 2025] PERSON_REMOVED: Person=臧霸 (ID:44), City=宛城 (ID:20), Reason=Order Assignment
[Sun Jun 22 03:30:51 2025] ORDER_CREATED: Person=魏续 (ID:45), Order=开垦 (ID:1), City=宛城 (ID:20)
[Sun Jun 22 03:30:51 2025] PERSON_REMOVED: Person=魏续 (ID:45), City=宛城 (ID:20), Reason=Order Assignment
[Sun Jun 22 03:30:51 2025] ORDER_CREATED: Person=王粲 (ID:50), Order=开垦 (ID:1), City=宛城 (ID:20)
[Sun Jun 22 03:30:51 2025] PERSON_REMOVED: Person=王粲 (ID:50), City=宛城 (ID:20), Reason=Order Assignment
[Sun Jun 22 03:30:51 2025] ORDER_CREATED: Person=张绣 (ID:52), Order=开垦 (ID:1), City=宛城 (ID:20)
[Sun Jun 22 03:30:51 2025] PERSON_REMOVED: Person=张绣 (ID:52), City=宛城 (ID:20), Reason=Order Assignment
[Sun Jun 22 03:30:51 2025] ORDER_CREATED: Person=乐进 (ID:16), Order=开垦 (ID:1), City=寿春 (ID:21)
[Sun Jun 22 03:30:51 2025] PERSON_REMOVED: Person=乐进 (ID:16), City=寿春 (ID:21), Reason=Order Assignment
[Sun Jun 22 03:30:51 2025] ORDER_CREATED: Person=徐晃 (ID:30), Order=开垦 (ID:1), City=寿春 (ID:21)
[Sun Jun 22 03:30:51 2025] PERSON_REMOVED: Person=徐晃 (ID:30), City=寿春 (ID:21), Reason=Order Assignment
[Sun Jun 22 03:30:51 2025] ORDER_CREATED: Person=高顺 (ID:48), Order=开垦 (ID:1), City=寿春 (ID:21)
[Sun Jun 22 03:30:51 2025] PERSON_REMOVED: Person=高顺 (ID:48), City=寿春 (ID:21), Reason=Order Assignment
[Sun Jun 22 03:30:51 2025] ORDER_CREATED: Person=文钦 (ID:67), Order=开垦 (ID:1), City=寿春 (ID:21)
[Sun Jun 22 03:30:51 2025] PERSON_REMOVED: Person=文钦 (ID:67), City=寿春 (ID:21), Reason=Order Assignment
[Sun Jun 22 03:30:51 2025] COMPUTER_TACTIC: City=建业 (ID:22), Tactic=Armament
[Sun Jun 22 03:30:51 2025] COMPUTER_TACTIC: City= (ID:23), Tactic=Armament
[Sun Jun 22 03:30:51 2025] COMPUTER_TACTIC: City=成都 (ID:24), Tactic=Armament
[Sun Jun 22 03:30:51 2025] COMPUTER_TACTIC: City=棉竹 (ID:25), Tactic=Diplomatism
[Sun Jun 22 03:30:51 2025] COMPUTER_TACTIC: City=襄阳 (ID:26), Tactic=Armament
[Sun Jun 22 03:30:51 2025] COMPUTER_TACTIC: City=江夏 (ID:27), Tactic=Armament
[Sun Jun 22 03:30:51 2025] COMPUTER_TACTIC: City=庐江 (ID:28), Tactic=Armament
[Sun Jun 22 03:30:51 2025] COMPUTER_TACTIC: City=会稽 (ID:29), Tactic=Armament
[Sun Jun 22 03:30:51 2025] COMPUTER_TACTIC: City=云南 (ID:30), Tactic=Armament
[Sun Jun 22 03:30:51 2025] COMPUTER_TACTIC: City=巴郡 (ID:31), Tactic=Interior
[Sun Jun 22 03:30:51 2025] COMPUTER_TACTIC: City=武陵 (ID:32), Tactic=Armament
[Sun Jun 22 03:30:51 2025] COMPUTER_TACTIC: City=长沙 (ID:33), Tactic=Armament
[Sun Jun 22 03:30:51 2025] COMPUTER_TACTIC: City=柴桑 (ID:34), Tactic=Armament
[Sun Jun 22 03:30:51 2025] COMPUTER_TACTIC: City=零陵 (ID:35), Tactic=Armament
[Sun Jun 22 03:30:51 2025] COMPUTER_TACTIC: City=桂阳 (ID:36), Tactic=Armament
[Sun Jun 22 03:30:51 2025] ORDER_EXECUTED: Person=李典 (ID:14), Order=开垦 (ID:1), City=北平 (ID:1)
[Sun Jun 22 03:30:51 2025] PERSON_RETURNED: Person=李典 (ID:14), City=北平 (ID:1), Reason=Order Completion
[Sun Jun 22 03:30:51 2025] ORDER_DELETED: Person=李典 (ID:14), Order=开垦 (ID:1), City=北平 (ID:1)
[Sun Jun 22 03:30:51 2025] ORDER_EXECUTED: Person=钟繇 (ID:49), Order=开垦 (ID:1), City=北平 (ID:1)
[Sun Jun 22 03:30:51 2025] PERSON_RETURNED: Person=钟繇 (ID:49), City=北平 (ID:1), Reason=Order Completion
[Sun Jun 22 03:30:51 2025] ORDER_DELETED: Person=钟繇 (ID:49), Order=开垦 (ID:1), City=北平 (ID:1)
[Sun Jun 22 03:30:51 2025] ORDER_EXECUTED: Person=司马昭 (ID:65), Order=开垦 (ID:1), City=北平 (ID:1)
[Sun Jun 22 03:30:51 2025] PERSON_RETURNED: Person=司马昭 (ID:65), City=北平 (ID:1), Reason=Order Completion
[Sun Jun 22 03:30:51 2025] ORDER_DELETED: Person=司马昭 (ID:65), Order=开垦 (ID:1), City=北平 (ID:1)
[Sun Jun 22 03:30:51 2025] ORDER_EXECUTED: Person=崔琰 (ID:29), Order=开垦 (ID:1), City=晋阳 (ID:4)
[Sun Jun 22 03:30:51 2025] PERSON_RETURNED: Person=崔琰 (ID:29), City=晋阳 (ID:4), Reason=Order Completion
[Sun Jun 22 03:30:51 2025] ORDER_DELETED: Person=崔琰 (ID:29), Order=开垦 (ID:1), City=晋阳 (ID:4)
[Sun Jun 22 03:30:51 2025] ORDER_EXECUTED: Person=ConversionError (ID:33), Order=开垦 (ID:1), City=晋阳 (ID:4)
[Sun Jun 22 03:30:51 2025] PERSON_RETURNED: Person=ConversionError (ID:33), City=晋阳 (ID:4), Reason=Order Completion
[Sun Jun 22 03:30:51 2025] ORDER_DELETED: Person=ConversionError (ID:33), Order=开垦 (ID:1), City=晋阳 (ID:4)
[Sun Jun 22 03:30:51 2025] ORDER_EXECUTED: Person=阎圃 (ID:61), Order=开垦 (ID:1), City=晋阳 (ID:4)
[Sun Jun 22 03:30:51 2025] PERSON_RETURNED: Person=阎圃 (ID:61), City=晋阳 (ID:4), Reason=Order Completion
[Sun Jun 22 03:30:51 2025] ORDER_DELETED: Person=阎圃 (ID:61), Order=开垦 (ID:1), City=晋阳 (ID:4)
[Sun Jun 22 03:30:51 2025] ORDER_EXECUTED: Person=夏侯尚 (ID:7), Order=招商 (ID:2), City=平原 (ID:5)
[Sun Jun 22 03:30:51 2025] PERSON_RETURNED: Person=夏侯尚 (ID:7), City=平原 (ID:5), Reason=Order Completion
[Sun Jun 22 03:30:51 2025] ORDER_DELETED: Person=夏侯尚 (ID:7), Order=招商 (ID:2), City=平原 (ID:5)
[Sun Jun 22 03:30:51 2025] ORDER_EXECUTED: Person=杨松 (ID:59), Order=招商 (ID:2), City=平原 (ID:5)
[Sun Jun 22 03:30:51 2025] PERSON_RETURNED: Person=杨松 (ID:59), City=平原 (ID:5), Reason=Order Completion
[Sun Jun 22 03:30:51 2025] ORDER_DELETED: Person=杨松 (ID:59), Order=招商 (ID:2), City=平原 (ID:5)
[Sun Jun 22 03:30:51 2025] ORDER_EXECUTED: Person=孟达 (ID:62), Order=招商 (ID:2), City=平原 (ID:5)
[Sun Jun 22 03:30:51 2025] PERSON_RETURNED: Person=孟达 (ID:62), City=平原 (ID:5), Reason=Order Completion
[Sun Jun 22 03:30:51 2025] ORDER_DELETED: Person=孟达 (ID:62), Order=招商 (ID:2), City=平原 (ID:5)
[Sun Jun 22 03:30:51 2025] ORDER_EXECUTED: Person=徐庶 (ID:5), Order=开垦 (ID:1), City=南皮 (ID:6)
[Sun Jun 22 03:30:51 2025] PERSON_RETURNED: Person=徐庶 (ID:5), City=南皮 (ID:6), Reason=Order Completion
[Sun Jun 22 03:30:51 2025] ORDER_DELETED: Person=徐庶 (ID:5), Order=开垦 (ID:1), City=南皮 (ID:6)
[Sun Jun 22 03:30:51 2025] ORDER_EXECUTED: Person=于禁 (ID:21), Order=开垦 (ID:1), City=南皮 (ID:6)
[Sun Jun 22 03:30:51 2025] PERSON_RETURNED: Person=于禁 (ID:21), City=南皮 (ID:6), Reason=Order Completion
[Sun Jun 22 03:30:51 2025] ORDER_DELETED: Person=于禁 (ID:21), Order=开垦 (ID:1), City=南皮 (ID:6)
[Sun Jun 22 03:30:51 2025] ORDER_EXECUTED: Person=博士仁 (ID:36), Order=开垦 (ID:1), City=南皮 (ID:6)
[Sun Jun 22 03:30:51 2025] PERSON_RETURNED: Person=博士仁 (ID:36), City=南皮 (ID:6), Reason=Order Completion
[Sun Jun 22 03:30:51 2025] ORDER_DELETED: Person=博士仁 (ID:36), Order=开垦 (ID:1), City=南皮 (ID:6)
[Sun Jun 22 03:30:51 2025] ORDER_EXECUTED: Person=马延 (ID:51), Order=开垦 (ID:1), City=南皮 (ID:6)
[Sun Jun 22 03:30:51 2025] PERSON_RETURNED: Person=马延 (ID:51), City=南皮 (ID:6), Reason=Order Completion
[Sun Jun 22 03:30:51 2025] ORDER_DELETED: Person=马延 (ID:51), Order=开垦 (ID:1), City=南皮 (ID:6)
[Sun Jun 22 03:30:51 2025] ORDER_EXECUTED: Person=司马懿 (ID:63), Order=开垦 (ID:1), City=南皮 (ID:6)
[Sun Jun 22 03:30:51 2025] PERSON_RETURNED: Person=司马懿 (ID:63), City=南皮 (ID:6), Reason=Order Completion
[Sun Jun 22 03:30:51 2025] ORDER_DELETED: Person=司马懿 (ID:63), Order=开垦 (ID:1), City=南皮 (ID:6)
[Sun Jun 22 03:30:51 2025] ORDER_EXECUTED: Person=杨龄 (ID:6), Order=开垦 (ID:1), City=北海 (ID:7)
[Sun Jun 22 03:30:51 2025] PERSON_RETURNED: Person=杨龄 (ID:6), City=北海 (ID:7), Reason=Order Completion
[Sun Jun 22 03:30:51 2025] ORDER_DELETED: Person=杨龄 (ID:6), Order=开垦 (ID:1), City=北海 (ID:7)
[Sun Jun 22 03:30:51 2025] ORDER_EXECUTED: Person=曹植 (ID:12), Order=开垦 (ID:1), City=北海 (ID:7)
[Sun Jun 22 03:30:51 2025] PERSON_RETURNED: Person=曹植 (ID:12), City=北海 (ID:7), Reason=Order Completion
[Sun Jun 22 03:30:51 2025] ORDER_DELETED: Person=曹植 (ID:12), Order=开垦 (ID:1), City=北海 (ID:7)
[Sun Jun 22 03:30:51 2025] ORDER_EXECUTED: Person=陈群 (ID:25), Order=开垦 (ID:1), City=北海 (ID:7)
[Sun Jun 22 03:30:51 2025] PERSON_RETURNED: Person=陈群 (ID:25), City=北海 (ID:7), Reason=Order Completion
[Sun Jun 22 03:30:51 2025] ORDER_DELETED: Person=陈群 (ID:25), Order=开垦 (ID:1), City=北海 (ID:7)
[Sun Jun 22 03:30:51 2025] ORDER_EXECUTED: Person=ConversionError (ID:27), Order=开垦 (ID:1), City=北海 (ID:7)
[Sun Jun 22 03:30:51 2025] PERSON_RETURNED: Person=ConversionError (ID:27), City=北海 (ID:7), Reason=Order Completion
[Sun Jun 22 03:30:51 2025] ORDER_DELETED: Person=ConversionError (ID:27), Order=开垦 (ID:1), City=北海 (ID:7)
[Sun Jun 22 03:30:51 2025] ORDER_EXECUTED: Person=许褚 (ID:28), Order=开垦 (ID:1), City=北海 (ID:7)
[Sun Jun 22 03:30:51 2025] PERSON_RETURNED: Person=许褚 (ID:28), City=北海 (ID:7), Reason=Order Completion
[Sun Jun 22 03:30:51 2025] ORDER_DELETED: Person=许褚 (ID:28), Order=开垦 (ID:1), City=北海 (ID:7)
[Sun Jun 22 03:30:51 2025] ORDER_EXECUTED: Person=毋丘俭 (ID:68), Order=开垦 (ID:1), City=北海 (ID:7)
[Sun Jun 22 03:30:51 2025] PERSON_RETURNED: Person=毋丘俭 (ID:68), City=北海 (ID:7), Reason=Order Completion
[Sun Jun 22 03:30:51 2025] ORDER_DELETED: Person=毋丘俭 (ID:68), Order=开垦 (ID:1), City=北海 (ID:7)
[Sun Jun 22 03:30:51 2025] ORDER_EXECUTED: Person=满宠 (ID:26), Order=开垦 (ID:1), City=天水 (ID:8)
[Sun Jun 22 03:30:51 2025] PERSON_RETURNED: Person=满宠 (ID:26), City=天水 (ID:8), Reason=Order Completion
[Sun Jun 22 03:30:51 2025] ORDER_DELETED: Person=满宠 (ID:26), Order=开垦 (ID:1), City=天水 (ID:8)
[Sun Jun 22 03:30:51 2025] ORDER_EXECUTED: Person=张卫 (ID:58), Order=开垦 (ID:1), City=天水 (ID:8)
[Sun Jun 22 03:30:51 2025] PERSON_RETURNED: Person=张卫 (ID:58), City=天水 (ID:8), Reason=Order Completion
[Sun Jun 22 03:30:51 2025] ORDER_DELETED: Person=张卫 (ID:58), Order=开垦 (ID:1), City=天水 (ID:8)
[Sun Jun 22 03:30:51 2025] ORDER_EXECUTED: Person=夏侯德 (ID:8), Order=招商 (ID:2), City=河内 (ID:9)
[Sun Jun 22 03:30:51 2025] PERSON_RETURNED: Person=夏侯德 (ID:8), City=河内 (ID:9), Reason=Order Completion
[Sun Jun 22 03:30:51 2025] ORDER_DELETED: Person=夏侯德 (ID:8), Order=招商 (ID:2), City=河内 (ID:9)
[Sun Jun 22 03:30:51 2025] ORDER_EXECUTED: Person=曹洪 (ID:17), Order=招商 (ID:2), City=河内 (ID:9)
[Sun Jun 22 03:30:51 2025] PERSON_RETURNED: Person=曹洪 (ID:17), City=河内 (ID:9), Reason=Order Completion
[Sun Jun 22 03:30:51 2025] ORDER_DELETED: Person=曹洪 (ID:17), Order=招商 (ID:2), City=河内 (ID:9)
[Sun Jun 22 03:30:51 2025] ORDER_EXECUTED: Person=荀攸 (ID:22), Order=招商 (ID:2), City=河内 (ID:9)
[Sun Jun 22 03:30:51 2025] PERSON_RETURNED: Person=荀攸 (ID:22), City=河内 (ID:9), Reason=Order Completion
[Sun Jun 22 03:30:51 2025] ORDER_DELETED: Person=荀攸 (ID:22), Order=招商 (ID:2), City=河内 (ID:9)
[Sun Jun 22 03:30:51 2025] ORDER_EXECUTED: Person=刘晔 (ID:24), Order=招商 (ID:2), City=河内 (ID:9)
[Sun Jun 22 03:30:51 2025] PERSON_RETURNED: Person=刘晔 (ID:24), City=河内 (ID:9), Reason=Order Completion
[Sun Jun 22 03:30:51 2025] ORDER_DELETED: Person=刘晔 (ID:24), Order=招商 (ID:2), City=河内 (ID:9)
[Sun Jun 22 03:30:51 2025] ORDER_EXECUTED: Person=蒋干 (ID:32), Order=招商 (ID:2), City=河内 (ID:9)
[Sun Jun 22 03:30:51 2025] PERSON_RETURNED: Person=蒋干 (ID:32), City=河内 (ID:9), Reason=Order Completion
[Sun Jun 22 03:30:51 2025] ORDER_DELETED: Person=蒋干 (ID:32), Order=招商 (ID:2), City=河内 (ID:9)
[Sun Jun 22 03:30:51 2025] ORDER_EXECUTED: Person=蒯越 (ID:54), Order=招商 (ID:2), City=河内 (ID:9)
[Sun Jun 22 03:30:51 2025] PERSON_RETURNED: Person=蒯越 (ID:54), City=河内 (ID:9), Reason=Order Completion
[Sun Jun 22 03:30:51 2025] ORDER_DELETED: Person=蒯越 (ID:54), Order=招商 (ID:2), City=河内 (ID:9)
[Sun Jun 22 03:30:51 2025] ORDER_EXECUTED: Person=韩嵩 (ID:55), Order=招商 (ID:2), City=河内 (ID:9)
[Sun Jun 22 03:30:51 2025] PERSON_RETURNED: Person=韩嵩 (ID:55), City=河内 (ID:9), Reason=Order Completion
[Sun Jun 22 03:30:51 2025] ORDER_DELETED: Person=韩嵩 (ID:55), Order=招商 (ID:2), City=河内 (ID:9)
[Sun Jun 22 03:30:51 2025] ORDER_EXECUTED: Person=司马师 (ID:64), Order=招商 (ID:2), City=河内 (ID:9)
[Sun Jun 22 03:30:51 2025] PERSON_RETURNED: Person=司马师 (ID:64), City=河内 (ID:9), Reason=Order Completion
[Sun Jun 22 03:30:51 2025] ORDER_DELETED: Person=司马师 (ID:64), Order=招商 (ID:2), City=河内 (ID:9)
[Sun Jun 22 03:30:51 2025] ORDER_EXECUTED: Person=典满 (ID:69), Order=招商 (ID:2), City=河内 (ID:9)
[Sun Jun 22 03:30:51 2025] PERSON_RETURNED: Person=典满 (ID:69), City=河内 (ID:9), Reason=Order Completion
[Sun Jun 22 03:30:51 2025] ORDER_DELETED: Person=典满 (ID:69), Order=招商 (ID:2), City=河内 (ID:9)
[Sun Jun 22 03:30:51 2025] ORDER_EXECUTED: Person=郝昭 (ID:70), Order=招商 (ID:2), City=河内 (ID:9)
[Sun Jun 22 03:30:51 2025] PERSON_RETURNED: Person=郝昭 (ID:70), City=河内 (ID:9), Reason=Order Completion
[Sun Jun 22 03:30:51 2025] ORDER_DELETED: Person=郝昭 (ID:70), Order=招商 (ID:2), City=河内 (ID:9)
[Sun Jun 22 03:30:51 2025] ORDER_EXECUTED: Person=夏侯霸 (ID:9), Order=开垦 (ID:1), City=长安 (ID:10)
[Sun Jun 22 03:30:51 2025] PERSON_RETURNED: Person=夏侯霸 (ID:9), City=长安 (ID:10), Reason=Order Completion
[Sun Jun 22 03:30:51 2025] ORDER_DELETED: Person=夏侯霸 (ID:9), Order=开垦 (ID:1), City=长安 (ID:10)
[Sun Jun 22 03:30:51 2025] ORDER_EXECUTED: Person=曹彰 (ID:10), Order=招商 (ID:2), City=长安 (ID:10)
[Sun Jun 22 03:30:51 2025] PERSON_RETURNED: Person=曹彰 (ID:10), City=长安 (ID:10), Reason=Order Completion
[Sun Jun 22 03:30:51 2025] ORDER_DELETED: Person=曹彰 (ID:10), Order=招商 (ID:2), City=长安 (ID:10)
[Sun Jun 22 03:30:51 2025] ORDER_EXECUTED: Person=曹真 (ID:11), Order=搜寻 (ID:3), City=长安 (ID:10)
[Sun Jun 22 03:30:51 2025] PERSON_RETURNED: Person=曹真 (ID:11), City=长安 (ID:10), Reason=Order Completion
[Sun Jun 22 03:30:51 2025] ORDER_DELETED: Person=曹真 (ID:11), Order=搜寻 (ID:3), City=长安 (ID:10)
[Sun Jun 22 03:30:51 2025] ORDER_EXECUTED: Person=张燕 (ID:38), Order=治理 (ID:4), City=长安 (ID:10)
[Sun Jun 22 03:30:51 2025] PERSON_RETURNED: Person=张燕 (ID:38), City=长安 (ID:10), Reason=Order Completion
[Sun Jun 22 03:30:51 2025] ORDER_DELETED: Person=张燕 (ID:38), Order=治理 (ID:4), City=长安 (ID:10)
[Sun Jun 22 03:30:51 2025] ORDER_EXECUTED: Person=陈琳 (ID:41), Order=招商 (ID:2), City=长安 (ID:10)
[Sun Jun 22 03:30:51 2025] PERSON_RETURNED: Person=陈琳 (ID:41), City=长安 (ID:10), Reason=Order Completion
[Sun Jun 22 03:30:51 2025] ORDER_DELETED: Person=陈琳 (ID:41), Order=招商 (ID:2), City=长安 (ID:10)
[Sun Jun 22 03:30:51 2025] ORDER_EXECUTED: Person=贾诩 (ID:53), Order=治理 (ID:4), City=长安 (ID:10)
[Sun Jun 22 03:30:51 2025] PERSON_RETURNED: Person=贾诩 (ID:53), City=长安 (ID:10), Reason=Order Completion
[Sun Jun 22 03:30:51 2025] ORDER_DELETED: Person=贾诩 (ID:53), Order=治理 (ID:4), City=长安 (ID:10)
[Sun Jun 22 03:30:51 2025] ORDER_EXECUTED: Person=郭淮 (ID:31), Order=开垦 (ID:1), City= (ID:11)
[Sun Jun 22 03:30:51 2025] PERSON_RETURNED: Person=郭淮 (ID:31), City= (ID:11), Reason=Order Completion
[Sun Jun 22 03:30:51 2025] ORDER_DELETED: Person=郭淮 (ID:31), Order=开垦 (ID:1), City= (ID:11)
[Sun Jun 22 03:30:51 2025] ORDER_EXECUTED: Person=高览 (ID:34), Order=开垦 (ID:1), City= (ID:11)
[Sun Jun 22 03:30:51 2025] PERSON_RETURNED: Person=高览 (ID:34), City= (ID:11), Reason=Order Completion
[Sun Jun 22 03:30:51 2025] ORDER_DELETED: Person=高览 (ID:34), Order=开垦 (ID:1), City= (ID:11)
[Sun Jun 22 03:30:51 2025] ORDER_EXECUTED: Person=文聘 (ID:57), Order=开垦 (ID:1), City= (ID:11)
[Sun Jun 22 03:30:51 2025] PERSON_RETURNED: Person=文聘 (ID:57), City= (ID:11), Reason=Order Completion
[Sun Jun 22 03:30:51 2025] ORDER_DELETED: Person=文聘 (ID:57), Order=开垦 (ID:1), City= (ID:11)
[Sun Jun 22 03:30:51 2025] ORDER_EXECUTED: Person=陈登 (ID:42), Order=开垦 (ID:1), City=濮阳 (ID:12)
[Sun Jun 22 03:30:51 2025] PERSON_RETURNED: Person=陈登 (ID:42), City=濮阳 (ID:12), Reason=Order Completion
[Sun Jun 22 03:30:51 2025] ORDER_DELETED: Person=陈登 (ID:42), Order=开垦 (ID:1), City=濮阳 (ID:12)
[Sun Jun 22 03:30:51 2025] ORDER_EXECUTED: Person=董昭 (ID:56), Order=开垦 (ID:1), City=濮阳 (ID:12)
[Sun Jun 22 03:30:51 2025] PERSON_RETURNED: Person=董昭 (ID:56), City=濮阳 (ID:12), Reason=Order Completion
[Sun Jun 22 03:30:51 2025] ORDER_DELETED: Person=董昭 (ID:56), Order=开垦 (ID:1), City=濮阳 (ID:12)
[Sun Jun 22 03:30:51 2025] ORDER_EXECUTED: Person=程昱 (ID:23), Order=开垦 (ID:1), City=徐州 (ID:13)
[Sun Jun 22 03:30:51 2025] PERSON_RETURNED: Person=程昱 (ID:23), City=徐州 (ID:13), Reason=Order Completion
[Sun Jun 22 03:30:51 2025] ORDER_DELETED: Person=程昱 (ID:23), Order=开垦 (ID:1), City=徐州 (ID:13)
[Sun Jun 22 03:30:51 2025] ORDER_EXECUTED: Person=张南 (ID:37), Order=开垦 (ID:1), City=徐州 (ID:13)
[Sun Jun 22 03:30:51 2025] PERSON_RETURNED: Person=张南 (ID:37), City=徐州 (ID:13), Reason=Order Completion
[Sun Jun 22 03:30:51 2025] ORDER_DELETED: Person=张南 (ID:37), Order=开垦 (ID:1), City=徐州 (ID:13)
[Sun Jun 22 03:30:51 2025] ORDER_EXECUTED: Person=王修 (ID:39), Order=开垦 (ID:1), City=徐州 (ID:13)
[Sun Jun 22 03:30:51 2025] PERSON_RETURNED: Person=王修 (ID:39), City=徐州 (ID:13), Reason=Order Completion
[Sun Jun 22 03:30:51 2025] ORDER_DELETED: Person=王修 (ID:39), Order=开垦 (ID:1), City=徐州 (ID:13)
[Sun Jun 22 03:30:51 2025] ORDER_EXECUTED: Person=曹豹 (ID:43), Order=开垦 (ID:1), City=徐州 (ID:13)
[Sun Jun 22 03:30:51 2025] PERSON_RETURNED: Person=曹豹 (ID:43), City=徐州 (ID:13), Reason=Order Completion
[Sun Jun 22 03:30:51 2025] ORDER_DELETED: Person=曹豹 (ID:43), Order=开垦 (ID:1), City=徐州 (ID:13)
[Sun Jun 22 03:30:51 2025] ORDER_EXECUTED: Person=杨任 (ID:60), Order=开垦 (ID:1), City=徐州 (ID:13)
[Sun Jun 22 03:30:51 2025] PERSON_RETURNED: Person=杨任 (ID:60), City=徐州 (ID:13), Reason=Order Completion
[Sun Jun 22 03:30:51 2025] ORDER_DELETED: Person=杨任 (ID:60), Order=开垦 (ID:1), City=徐州 (ID:13)
[Sun Jun 22 03:30:51 2025] ORDER_EXECUTED: Person=曹仁 (ID:18), Order=开垦 (ID:1), City=洛阳 (ID:15)
[Sun Jun 22 03:30:51 2025] PERSON_RETURNED: Person=曹仁 (ID:18), City=洛阳 (ID:15), Reason=Order Completion
[Sun Jun 22 03:30:51 2025] ORDER_DELETED: Person=曹仁 (ID:18), Order=开垦 (ID:1), City=洛阳 (ID:15)
[Sun Jun 22 03:30:51 2025] ORDER_EXECUTED: Person=牛金 (ID:19), Order=开垦 (ID:1), City=洛阳 (ID:15)
[Sun Jun 22 03:30:51 2025] PERSON_RETURNED: Person=牛金 (ID:19), City=洛阳 (ID:15), Reason=Order Completion
[Sun Jun 22 03:30:51 2025] ORDER_DELETED: Person=牛金 (ID:19), Order=开垦 (ID:1), City=洛阳 (ID:15)
[Sun Jun 22 03:30:51 2025] ORDER_EXECUTED: Person=高干 (ID:35), Order=招商 (ID:2), City=洛阳 (ID:15)
[Sun Jun 22 03:30:51 2025] PERSON_RETURNED: Person=高干 (ID:35), City=洛阳 (ID:15), Reason=Order Completion
[Sun Jun 22 03:30:51 2025] ORDER_DELETED: Person=高干 (ID:35), Order=招商 (ID:2), City=洛阳 (ID:15)
[Sun Jun 22 03:30:51 2025] ORDER_EXECUTED: Person=王双 (ID:46), Order=招商 (ID:2), City=洛阳 (ID:15)
[Sun Jun 22 03:30:51 2025] PERSON_RETURNED: Person=王双 (ID:46), City=洛阳 (ID:15), Reason=Order Completion
[Sun Jun 22 03:30:51 2025] ORDER_DELETED: Person=王双 (ID:46), Order=招商 (ID:2), City=洛阳 (ID:15)
[Sun Jun 22 03:30:51 2025] ORDER_EXECUTED: Person=侯成 (ID:47), Order=招商 (ID:2), City=洛阳 (ID:15)
[Sun Jun 22 03:30:51 2025] PERSON_RETURNED: Person=侯成 (ID:47), City=洛阳 (ID:15), Reason=Order Completion
[Sun Jun 22 03:30:51 2025] ORDER_DELETED: Person=侯成 (ID:47), Order=招商 (ID:2), City=洛阳 (ID:15)
[Sun Jun 22 03:30:51 2025] ORDER_EXECUTED: Person=王威 (ID:66), Order=招商 (ID:2), City=洛阳 (ID:15)
[Sun Jun 22 03:30:51 2025] PERSON_RETURNED: Person=王威 (ID:66), City=洛阳 (ID:15), Reason=Order Completion
[Sun Jun 22 03:30:51 2025] ORDER_DELETED: Person=王威 (ID:66), Order=招商 (ID:2), City=洛阳 (ID:15)
[Sun Jun 22 03:30:51 2025] ORDER_EXECUTED: Person=曹丕 (ID:0), Order=开垦 (ID:1), City=许昌 (ID:16)
[Sun Jun 22 03:30:51 2025] PERSON_RETURNED: Person=曹丕 (ID:0), City=许昌 (ID:16), Reason=Order Completion
[Sun Jun 22 03:30:51 2025] ORDER_DELETED: Person=曹丕 (ID:0), Order=开垦 (ID:1), City=许昌 (ID:16)
[Sun Jun 22 03:30:51 2025] ORDER_EXECUTED: Person=辛毗 (ID:40), Order=开垦 (ID:1), City=许昌 (ID:16)
[Sun Jun 22 03:30:51 2025] PERSON_RETURNED: Person=辛毗 (ID:40), City=许昌 (ID:16), Reason=Order Completion
[Sun Jun 22 03:30:51 2025] ORDER_DELETED: Person=辛毗 (ID:40), Order=开垦 (ID:1), City=许昌 (ID:16)
[Sun Jun 22 03:30:51 2025] ORDER_EXECUTED: Person=王平 (ID:71), Order=开垦 (ID:1), City=许昌 (ID:16)
[Sun Jun 22 03:30:51 2025] PERSON_RETURNED: Person=王平 (ID:71), City=许昌 (ID:16), Reason=Order Completion
[Sun Jun 22 03:30:51 2025] ORDER_DELETED: Person=王平 (ID:71), Order=开垦 (ID:1), City=许昌 (ID:16)
[Sun Jun 22 03:30:51 2025] ORDER_EXECUTED: Person=曹休 (ID:20), Order=开垦 (ID:1), City=宛城 (ID:20)
[Sun Jun 22 03:30:51 2025] PERSON_RETURNED: Person=曹休 (ID:20), City=宛城 (ID:20), Reason=Order Completion
[Sun Jun 22 03:30:51 2025] ORDER_DELETED: Person=曹休 (ID:20), Order=开垦 (ID:1), City=宛城 (ID:20)
[Sun Jun 22 03:30:51 2025] ORDER_EXECUTED: Person=臧霸 (ID:44), Order=开垦 (ID:1), City=宛城 (ID:20)
[Sun Jun 22 03:30:51 2025] PERSON_RETURNED: Person=臧霸 (ID:44), City=宛城 (ID:20), Reason=Order Completion
[Sun Jun 22 03:30:51 2025] ORDER_DELETED: Person=臧霸 (ID:44), Order=开垦 (ID:1), City=宛城 (ID:20)
[Sun Jun 22 03:30:51 2025] ORDER_EXECUTED: Person=魏续 (ID:45), Order=开垦 (ID:1), City=宛城 (ID:20)
[Sun Jun 22 03:30:51 2025] PERSON_RETURNED: Person=魏续 (ID:45), City=宛城 (ID:20), Reason=Order Completion
[Sun Jun 22 03:30:51 2025] ORDER_DELETED: Person=魏续 (ID:45), Order=开垦 (ID:1), City=宛城 (ID:20)
[Sun Jun 22 03:30:51 2025] ORDER_EXECUTED: Person=王粲 (ID:50), Order=开垦 (ID:1), City=宛城 (ID:20)
[Sun Jun 22 03:30:51 2025] PERSON_RETURNED: Person=王粲 (ID:50), City=宛城 (ID:20), Reason=Order Completion
[Sun Jun 22 03:30:51 2025] ORDER_DELETED: Person=王粲 (ID:50), Order=开垦 (ID:1), City=宛城 (ID:20)
[Sun Jun 22 03:30:51 2025] ORDER_EXECUTED: Person=张绣 (ID:52), Order=开垦 (ID:1), City=宛城 (ID:20)
[Sun Jun 22 03:30:51 2025] PERSON_RETURNED: Person=张绣 (ID:52), City=宛城 (ID:20), Reason=Order Completion
[Sun Jun 22 03:30:51 2025] ORDER_DELETED: Person=张绣 (ID:52), Order=开垦 (ID:1), City=宛城 (ID:20)
[Sun Jun 22 03:30:51 2025] ORDER_EXECUTED: Person=乐进 (ID:16), Order=开垦 (ID:1), City=寿春 (ID:21)
[Sun Jun 22 03:30:51 2025] PERSON_RETURNED: Person=乐进 (ID:16), City=寿春 (ID:21), Reason=Order Completion
[Sun Jun 22 03:30:51 2025] ORDER_DELETED: Person=乐进 (ID:16), Order=开垦 (ID:1), City=寿春 (ID:21)
[Sun Jun 22 03:30:51 2025] ORDER_EXECUTED: Person=徐晃 (ID:30), Order=开垦 (ID:1), City=寿春 (ID:21)
[Sun Jun 22 03:30:51 2025] PERSON_RETURNED: Person=徐晃 (ID:30), City=寿春 (ID:21), Reason=Order Completion
[Sun Jun 22 03:30:51 2025] ORDER_DELETED: Person=徐晃 (ID:30), Order=开垦 (ID:1), City=寿春 (ID:21)
[Sun Jun 22 03:30:51 2025] ORDER_EXECUTED: Person=高顺 (ID:48), Order=开垦 (ID:1), City=寿春 (ID:21)
[Sun Jun 22 03:30:51 2025] PERSON_RETURNED: Person=高顺 (ID:48), City=寿春 (ID:21), Reason=Order Completion
[Sun Jun 22 03:30:51 2025] ORDER_DELETED: Person=高顺 (ID:48), Order=开垦 (ID:1), City=寿春 (ID:21)
[Sun Jun 22 03:30:51 2025] ORDER_EXECUTED: Person=文钦 (ID:67), Order=开垦 (ID:1), City=寿春 (ID:21)
[Sun Jun 22 03:30:51 2025] PERSON_RETURNED: Person=文钦 (ID:67), City=寿春 (ID:21), Reason=Order Completion
[Sun Jun 22 03:30:51 2025] ORDER_DELETED: Person=文钦 (ID:67), Order=开垦 (ID:1), City=寿春 (ID:21)
[Sun Jun 22 03:30:53 2025] GAME_TURN: Year=248, Month=3
[Sun Jun 22 03:30:54 2025] ORDER_CREATED: Person=李典 (ID:14), Order=开垦 (ID:1), City=北平 (ID:1)
[Sun Jun 22 03:30:54 2025] PERSON_REMOVED: Person=李典 (ID:14), City=北平 (ID:1), Reason=Order Assignment
[Sun Jun 22 03:30:54 2025] ORDER_CREATED: Person=钟繇 (ID:49), Order=开垦 (ID:1), City=北平 (ID:1)
[Sun Jun 22 03:30:54 2025] PERSON_REMOVED: Person=钟繇 (ID:49), City=北平 (ID:1), Reason=Order Assignment
[Sun Jun 22 03:30:54 2025] ORDER_CREATED: Person=司马昭 (ID:65), Order=开垦 (ID:1), City=北平 (ID:1)
[Sun Jun 22 03:30:54 2025] PERSON_REMOVED: Person=司马昭 (ID:65), City=北平 (ID:1), Reason=Order Assignment
[Sun Jun 22 03:30:54 2025] COMPUTER_TACTIC: City=襄平 (ID:2), Tactic=Interior
[Sun Jun 22 03:30:54 2025] ORDER_CREATED: Person=崔琰 (ID:29), Order=开垦 (ID:1), City=晋阳 (ID:4)
[Sun Jun 22 03:30:54 2025] PERSON_REMOVED: Person=崔琰 (ID:29), City=晋阳 (ID:4), Reason=Order Assignment
[Sun Jun 22 03:30:54 2025] ORDER_CREATED: Person=ConversionError (ID:33), Order=开垦 (ID:1), City=晋阳 (ID:4)
[Sun Jun 22 03:30:54 2025] PERSON_REMOVED: Person=ConversionError (ID:33), City=晋阳 (ID:4), Reason=Order Assignment
[Sun Jun 22 03:30:54 2025] ORDER_CREATED: Person=阎圃 (ID:61), Order=开垦 (ID:1), City=晋阳 (ID:4)
[Sun Jun 22 03:30:54 2025] PERSON_REMOVED: Person=阎圃 (ID:61), City=晋阳 (ID:4), Reason=Order Assignment
[Sun Jun 22 03:30:54 2025] ORDER_CREATED: Person=夏侯尚 (ID:7), Order=招商 (ID:2), City=平原 (ID:5)
[Sun Jun 22 03:30:54 2025] PERSON_REMOVED: Person=夏侯尚 (ID:7), City=平原 (ID:5), Reason=Order Assignment
[Sun Jun 22 03:30:54 2025] ORDER_CREATED: Person=杨松 (ID:59), Order=招商 (ID:2), City=平原 (ID:5)
[Sun Jun 22 03:30:54 2025] PERSON_REMOVED: Person=杨松 (ID:59), City=平原 (ID:5), Reason=Order Assignment
[Sun Jun 22 03:30:54 2025] ORDER_CREATED: Person=孟达 (ID:62), Order=招商 (ID:2), City=平原 (ID:5)
[Sun Jun 22 03:30:54 2025] PERSON_REMOVED: Person=孟达 (ID:62), City=平原 (ID:5), Reason=Order Assignment
[Sun Jun 22 03:30:54 2025] ORDER_CREATED: Person=徐庶 (ID:5), Order=招揽 (ID:16), City=南皮 (ID:6), Target=Person ID 119 (ID:119)
[Sun Jun 22 03:30:54 2025] PERSON_REMOVED: Person=徐庶 (ID:5), City=南皮 (ID:6), Reason=Order Assignment
[Sun Jun 22 03:30:54 2025] ORDER_CREATED: Person=于禁 (ID:21), Order=招揽 (ID:16), City=南皮 (ID:6), Target=Person ID 146 (ID:146)
[Sun Jun 22 03:30:54 2025] PERSON_REMOVED: Person=于禁 (ID:21), City=南皮 (ID:6), Reason=Order Assignment
[Sun Jun 22 03:30:54 2025] ORDER_CREATED: Person=博士仁 (ID:36), Order=招揽 (ID:16), City=南皮 (ID:6), Target=Person ID 146 (ID:146)
[Sun Jun 22 03:30:54 2025] PERSON_REMOVED: Person=博士仁 (ID:36), City=南皮 (ID:6), Reason=Order Assignment
[Sun Jun 22 03:30:54 2025] ORDER_CREATED: Person=马延 (ID:51), Order=招揽 (ID:16), City=南皮 (ID:6), Target=Person ID 44 (ID:44)
[Sun Jun 22 03:30:54 2025] PERSON_REMOVED: Person=马延 (ID:51), City=南皮 (ID:6), Reason=Order Assignment
[Sun Jun 22 03:30:54 2025] ORDER_CREATED: Person=司马懿 (ID:63), Order=招揽 (ID:16), City=南皮 (ID:6), Target=Person ID 119 (ID:119)
[Sun Jun 22 03:30:54 2025] PERSON_REMOVED: Person=司马懿 (ID:63), City=南皮 (ID:6), Reason=Order Assignment
[Sun Jun 22 03:30:54 2025] COMPUTER_TACTIC: City=南皮 (ID:6), Tactic=AI_Diplomatism
[Sun Jun 22 03:30:54 2025] ORDER_CREATED: Person=满宠 (ID:26), Order=开垦 (ID:1), City=天水 (ID:8)
[Sun Jun 22 03:30:54 2025] PERSON_REMOVED: Person=满宠 (ID:26), City=天水 (ID:8), Reason=Order Assignment
[Sun Jun 22 03:30:54 2025] ORDER_CREATED: Person=张卫 (ID:58), Order=开垦 (ID:1), City=天水 (ID:8)
[Sun Jun 22 03:30:54 2025] PERSON_REMOVED: Person=张卫 (ID:58), City=天水 (ID:8), Reason=Order Assignment
[Sun Jun 22 03:30:54 2025] ORDER_CREATED: Person=夏侯德 (ID:8), Order=招商 (ID:2), City=河内 (ID:9)
[Sun Jun 22 03:30:54 2025] PERSON_REMOVED: Person=夏侯德 (ID:8), City=河内 (ID:9), Reason=Order Assignment
[Sun Jun 22 03:30:54 2025] ORDER_CREATED: Person=曹洪 (ID:17), Order=招商 (ID:2), City=河内 (ID:9)
[Sun Jun 22 03:30:54 2025] PERSON_REMOVED: Person=曹洪 (ID:17), City=河内 (ID:9), Reason=Order Assignment
[Sun Jun 22 03:30:54 2025] ORDER_CREATED: Person=荀攸 (ID:22), Order=招商 (ID:2), City=河内 (ID:9)
[Sun Jun 22 03:30:54 2025] PERSON_REMOVED: Person=荀攸 (ID:22), City=河内 (ID:9), Reason=Order Assignment
[Sun Jun 22 03:30:54 2025] ORDER_CREATED: Person=刘晔 (ID:24), Order=出巡 (ID:5), City=河内 (ID:9)
[Sun Jun 22 03:30:54 2025] PERSON_REMOVED: Person=刘晔 (ID:24), City=河内 (ID:9), Reason=Order Assignment
[Sun Jun 22 03:30:54 2025] ORDER_CREATED: Person=蒋干 (ID:32), Order=出巡 (ID:5), City=河内 (ID:9)
[Sun Jun 22 03:30:54 2025] PERSON_REMOVED: Person=蒋干 (ID:32), City=河内 (ID:9), Reason=Order Assignment
[Sun Jun 22 03:30:54 2025] ORDER_CREATED: Person=蒯越 (ID:54), Order=出巡 (ID:5), City=河内 (ID:9)
[Sun Jun 22 03:30:54 2025] PERSON_REMOVED: Person=蒯越 (ID:54), City=河内 (ID:9), Reason=Order Assignment
[Sun Jun 22 03:30:54 2025] ORDER_CREATED: Person=韩嵩 (ID:55), Order=出巡 (ID:5), City=河内 (ID:9)
[Sun Jun 22 03:30:54 2025] PERSON_REMOVED: Person=韩嵩 (ID:55), City=河内 (ID:9), Reason=Order Assignment
[Sun Jun 22 03:30:54 2025] ORDER_CREATED: Person=司马师 (ID:64), Order=出巡 (ID:5), City=河内 (ID:9)
[Sun Jun 22 03:30:54 2025] PERSON_REMOVED: Person=司马师 (ID:64), City=河内 (ID:9), Reason=Order Assignment
[Sun Jun 22 03:30:54 2025] ORDER_CREATED: Person=典满 (ID:69), Order=出巡 (ID:5), City=河内 (ID:9)
[Sun Jun 22 03:30:54 2025] PERSON_REMOVED: Person=典满 (ID:69), City=河内 (ID:9), Reason=Order Assignment
[Sun Jun 22 03:30:54 2025] ORDER_CREATED: Person=郝昭 (ID:70), Order=出巡 (ID:5), City=河内 (ID:9)
[Sun Jun 22 03:30:54 2025] PERSON_REMOVED: Person=郝昭 (ID:70), City=河内 (ID:9), Reason=Order Assignment
[Sun Jun 22 03:30:54 2025] ORDER_CREATED: Person=郭淮 (ID:31), Order=开垦 (ID:1), City= (ID:11)
[Sun Jun 22 03:30:54 2025] PERSON_REMOVED: Person=郭淮 (ID:31), City= (ID:11), Reason=Order Assignment
[Sun Jun 22 03:30:54 2025] ORDER_CREATED: Person=高览 (ID:34), Order=开垦 (ID:1), City= (ID:11)
[Sun Jun 22 03:30:54 2025] PERSON_REMOVED: Person=高览 (ID:34), City= (ID:11), Reason=Order Assignment
[Sun Jun 22 03:30:54 2025] ORDER_CREATED: Person=文聘 (ID:57), Order=开垦 (ID:1), City= (ID:11)
[Sun Jun 22 03:30:54 2025] PERSON_REMOVED: Person=文聘 (ID:57), City= (ID:11), Reason=Order Assignment
[Sun Jun 22 03:30:54 2025] ORDER_CREATED: Person=陈登 (ID:42), Order=开垦 (ID:1), City=濮阳 (ID:12)
[Sun Jun 22 03:30:54 2025] PERSON_REMOVED: Person=陈登 (ID:42), City=濮阳 (ID:12), Reason=Order Assignment
[Sun Jun 22 03:30:54 2025] ORDER_CREATED: Person=董昭 (ID:56), Order=开垦 (ID:1), City=濮阳 (ID:12)
[Sun Jun 22 03:30:54 2025] PERSON_REMOVED: Person=董昭 (ID:56), City=濮阳 (ID:12), Reason=Order Assignment
[Sun Jun 22 03:30:54 2025] ORDER_CREATED: Person=程昱 (ID:23), Order=开垦 (ID:1), City=徐州 (ID:13)
[Sun Jun 22 03:30:54 2025] PERSON_REMOVED: Person=程昱 (ID:23), City=徐州 (ID:13), Reason=Order Assignment
[Sun Jun 22 03:30:54 2025] ORDER_CREATED: Person=张南 (ID:37), Order=开垦 (ID:1), City=徐州 (ID:13)
[Sun Jun 22 03:30:54 2025] PERSON_REMOVED: Person=张南 (ID:37), City=徐州 (ID:13), Reason=Order Assignment
[Sun Jun 22 03:30:54 2025] ORDER_CREATED: Person=王修 (ID:39), Order=开垦 (ID:1), City=徐州 (ID:13)
[Sun Jun 22 03:30:54 2025] PERSON_REMOVED: Person=王修 (ID:39), City=徐州 (ID:13), Reason=Order Assignment
[Sun Jun 22 03:30:54 2025] ORDER_CREATED: Person=曹豹 (ID:43), Order=开垦 (ID:1), City=徐州 (ID:13)
[Sun Jun 22 03:30:54 2025] PERSON_REMOVED: Person=曹豹 (ID:43), City=徐州 (ID:13), Reason=Order Assignment
[Sun Jun 22 03:30:54 2025] ORDER_CREATED: Person=杨任 (ID:60), Order=开垦 (ID:1), City=徐州 (ID:13)
[Sun Jun 22 03:30:54 2025] PERSON_REMOVED: Person=杨任 (ID:60), City=徐州 (ID:13), Reason=Order Assignment
[Sun Jun 22 03:30:54 2025] COMPUTER_TACTIC: City=汉中 (ID:14), Tactic=Interior
[Sun Jun 22 03:30:54 2025] ORDER_CREATED: Person=曹仁 (ID:18), Order=招商 (ID:2), City=洛阳 (ID:15)
[Sun Jun 22 03:30:54 2025] PERSON_REMOVED: Person=曹仁 (ID:18), City=洛阳 (ID:15), Reason=Order Assignment
[Sun Jun 22 03:30:54 2025] ORDER_CREATED: Person=牛金 (ID:19), Order=出巡 (ID:5), City=洛阳 (ID:15)
[Sun Jun 22 03:30:54 2025] PERSON_REMOVED: Person=牛金 (ID:19), City=洛阳 (ID:15), Reason=Order Assignment
[Sun Jun 22 03:30:54 2025] ORDER_CREATED: Person=高干 (ID:35), Order=出巡 (ID:5), City=洛阳 (ID:15)
[Sun Jun 22 03:30:54 2025] PERSON_REMOVED: Person=高干 (ID:35), City=洛阳 (ID:15), Reason=Order Assignment
[Sun Jun 22 03:30:54 2025] ORDER_CREATED: Person=王双 (ID:46), Order=出巡 (ID:5), City=洛阳 (ID:15)
[Sun Jun 22 03:30:54 2025] PERSON_REMOVED: Person=王双 (ID:46), City=洛阳 (ID:15), Reason=Order Assignment
[Sun Jun 22 03:30:54 2025] ORDER_CREATED: Person=侯成 (ID:47), Order=出巡 (ID:5), City=洛阳 (ID:15)
[Sun Jun 22 03:30:54 2025] PERSON_REMOVED: Person=侯成 (ID:47), City=洛阳 (ID:15), Reason=Order Assignment
[Sun Jun 22 03:30:54 2025] ORDER_CREATED: Person=王威 (ID:66), Order=出巡 (ID:5), City=洛阳 (ID:15)
[Sun Jun 22 03:30:54 2025] PERSON_REMOVED: Person=王威 (ID:66), City=洛阳 (ID:15), Reason=Order Assignment
[Sun Jun 22 03:30:54 2025] COMPUTER_TACTIC: City=梓潼 (ID:19), Tactic=Diplomatism
[Sun Jun 22 03:30:54 2025] ORDER_CREATED: Person=曹休 (ID:20), Order=开垦 (ID:1), City=宛城 (ID:20)
[Sun Jun 22 03:30:54 2025] PERSON_REMOVED: Person=曹休 (ID:20), City=宛城 (ID:20), Reason=Order Assignment
[Sun Jun 22 03:30:54 2025] ORDER_CREATED: Person=臧霸 (ID:44), Order=开垦 (ID:1), City=宛城 (ID:20)
[Sun Jun 22 03:30:54 2025] PERSON_REMOVED: Person=臧霸 (ID:44), City=宛城 (ID:20), Reason=Order Assignment
[Sun Jun 22 03:30:54 2025] ORDER_CREATED: Person=魏续 (ID:45), Order=开垦 (ID:1), City=宛城 (ID:20)
[Sun Jun 22 03:30:54 2025] PERSON_REMOVED: Person=魏续 (ID:45), City=宛城 (ID:20), Reason=Order Assignment
[Sun Jun 22 03:30:54 2025] ORDER_CREATED: Person=王粲 (ID:50), Order=开垦 (ID:1), City=宛城 (ID:20)
[Sun Jun 22 03:30:54 2025] PERSON_REMOVED: Person=王粲 (ID:50), City=宛城 (ID:20), Reason=Order Assignment
[Sun Jun 22 03:30:54 2025] ORDER_CREATED: Person=张绣 (ID:52), Order=开垦 (ID:1), City=宛城 (ID:20)
[Sun Jun 22 03:30:54 2025] PERSON_REMOVED: Person=张绣 (ID:52), City=宛城 (ID:20), Reason=Order Assignment
[Sun Jun 22 03:30:54 2025] ORDER_CREATED: Person=乐进 (ID:16), Order=开垦 (ID:1), City=寿春 (ID:21)
[Sun Jun 22 03:30:54 2025] PERSON_REMOVED: Person=乐进 (ID:16), City=寿春 (ID:21), Reason=Order Assignment
[Sun Jun 22 03:30:54 2025] ORDER_CREATED: Person=徐晃 (ID:30), Order=开垦 (ID:1), City=寿春 (ID:21)
[Sun Jun 22 03:30:54 2025] PERSON_REMOVED: Person=徐晃 (ID:30), City=寿春 (ID:21), Reason=Order Assignment
[Sun Jun 22 03:30:54 2025] ORDER_CREATED: Person=高顺 (ID:48), Order=开垦 (ID:1), City=寿春 (ID:21)
[Sun Jun 22 03:30:54 2025] PERSON_REMOVED: Person=高顺 (ID:48), City=寿春 (ID:21), Reason=Order Assignment
[Sun Jun 22 03:30:54 2025] ORDER_CREATED: Person=文钦 (ID:67), Order=开垦 (ID:1), City=寿春 (ID:21)
[Sun Jun 22 03:30:54 2025] PERSON_REMOVED: Person=文钦 (ID:67), City=寿春 (ID:21), Reason=Order Assignment
[Sun Jun 22 03:30:54 2025] COMPUTER_TACTIC: City=建业 (ID:22), Tactic=Interior
[Sun Jun 22 03:30:54 2025] COMPUTER_TACTIC: City= (ID:23), Tactic=Armament
[Sun Jun 22 03:30:54 2025] COMPUTER_TACTIC: City=成都 (ID:24), Tactic=Interior
[Sun Jun 22 03:30:54 2025] COMPUTER_TACTIC: City=棉竹 (ID:25), Tactic=Diplomatism
[Sun Jun 22 03:30:54 2025] COMPUTER_TACTIC: City=襄阳 (ID:26), Tactic=Interior
[Sun Jun 22 03:30:54 2025] COMPUTER_TACTIC: City=江夏 (ID:27), Tactic=Armament
[Sun Jun 22 03:30:54 2025] COMPUTER_TACTIC: City=庐江 (ID:28), Tactic=Armament
[Sun Jun 22 03:30:54 2025] COMPUTER_TACTIC: City=会稽 (ID:29), Tactic=Armament
[Sun Jun 22 03:30:54 2025] COMPUTER_TACTIC: City=云南 (ID:30), Tactic=Interior
[Sun Jun 22 03:30:54 2025] COMPUTER_TACTIC: City=巴郡 (ID:31), Tactic=Diplomatism
[Sun Jun 22 03:30:54 2025] COMPUTER_TACTIC: City=武陵 (ID:32), Tactic=Armament
[Sun Jun 22 03:30:54 2025] COMPUTER_TACTIC: City=长沙 (ID:33), Tactic=Armament
[Sun Jun 22 03:30:54 2025] COMPUTER_TACTIC: City=柴桑 (ID:34), Tactic=Armament
[Sun Jun 22 03:30:54 2025] COMPUTER_TACTIC: City=零陵 (ID:35), Tactic=Armament
[Sun Jun 22 03:30:54 2025] COMPUTER_TACTIC: City=桂阳 (ID:36), Tactic=Armament
[Sun Jun 22 03:30:54 2025] ORDER_EXECUTED: Person=李典 (ID:14), Order=开垦 (ID:1), City=北平 (ID:1)
[Sun Jun 22 03:30:54 2025] PERSON_RETURNED: Person=李典 (ID:14), City=北平 (ID:1), Reason=Order Completion
[Sun Jun 22 03:30:54 2025] ORDER_DELETED: Person=李典 (ID:14), Order=开垦 (ID:1), City=北平 (ID:1)
[Sun Jun 22 03:30:54 2025] ORDER_EXECUTED: Person=钟繇 (ID:49), Order=开垦 (ID:1), City=北平 (ID:1)
[Sun Jun 22 03:30:54 2025] PERSON_RETURNED: Person=钟繇 (ID:49), City=北平 (ID:1), Reason=Order Completion
[Sun Jun 22 03:30:54 2025] ORDER_DELETED: Person=钟繇 (ID:49), Order=开垦 (ID:1), City=北平 (ID:1)
[Sun Jun 22 03:30:54 2025] ORDER_EXECUTED: Person=司马昭 (ID:65), Order=开垦 (ID:1), City=北平 (ID:1)
[Sun Jun 22 03:30:54 2025] PERSON_RETURNED: Person=司马昭 (ID:65), City=北平 (ID:1), Reason=Order Completion
[Sun Jun 22 03:30:54 2025] ORDER_DELETED: Person=司马昭 (ID:65), Order=开垦 (ID:1), City=北平 (ID:1)
[Sun Jun 22 03:30:54 2025] ORDER_EXECUTED: Person=崔琰 (ID:29), Order=开垦 (ID:1), City=晋阳 (ID:4)
[Sun Jun 22 03:30:54 2025] PERSON_RETURNED: Person=崔琰 (ID:29), City=晋阳 (ID:4), Reason=Order Completion
[Sun Jun 22 03:30:54 2025] ORDER_DELETED: Person=崔琰 (ID:29), Order=开垦 (ID:1), City=晋阳 (ID:4)
[Sun Jun 22 03:30:54 2025] ORDER_EXECUTED: Person=ConversionError (ID:33), Order=开垦 (ID:1), City=晋阳 (ID:4)
[Sun Jun 22 03:30:54 2025] PERSON_RETURNED: Person=ConversionError (ID:33), City=晋阳 (ID:4), Reason=Order Completion
[Sun Jun 22 03:30:54 2025] ORDER_DELETED: Person=ConversionError (ID:33), Order=开垦 (ID:1), City=晋阳 (ID:4)
[Sun Jun 22 03:30:54 2025] ORDER_EXECUTED: Person=阎圃 (ID:61), Order=开垦 (ID:1), City=晋阳 (ID:4)
[Sun Jun 22 03:30:54 2025] PERSON_RETURNED: Person=阎圃 (ID:61), City=晋阳 (ID:4), Reason=Order Completion
[Sun Jun 22 03:30:54 2025] ORDER_DELETED: Person=阎圃 (ID:61), Order=开垦 (ID:1), City=晋阳 (ID:4)
[Sun Jun 22 03:30:54 2025] ORDER_EXECUTED: Person=夏侯尚 (ID:7), Order=招商 (ID:2), City=平原 (ID:5)
[Sun Jun 22 03:30:54 2025] PERSON_RETURNED: Person=夏侯尚 (ID:7), City=平原 (ID:5), Reason=Order Completion
[Sun Jun 22 03:30:54 2025] ORDER_DELETED: Person=夏侯尚 (ID:7), Order=招商 (ID:2), City=平原 (ID:5)
[Sun Jun 22 03:30:54 2025] ORDER_EXECUTED: Person=杨松 (ID:59), Order=招商 (ID:2), City=平原 (ID:5)
[Sun Jun 22 03:30:54 2025] PERSON_RETURNED: Person=杨松 (ID:59), City=平原 (ID:5), Reason=Order Completion
[Sun Jun 22 03:30:54 2025] ORDER_DELETED: Person=杨松 (ID:59), Order=招商 (ID:2), City=平原 (ID:5)
[Sun Jun 22 03:30:54 2025] ORDER_EXECUTED: Person=孟达 (ID:62), Order=招商 (ID:2), City=平原 (ID:5)
[Sun Jun 22 03:30:54 2025] PERSON_RETURNED: Person=孟达 (ID:62), City=平原 (ID:5), Reason=Order Completion
[Sun Jun 22 03:30:54 2025] ORDER_DELETED: Person=孟达 (ID:62), Order=招商 (ID:2), City=平原 (ID:5)
[Sun Jun 22 03:30:54 2025] ORDER_EXECUTED: Person=徐庶 (ID:5), Order=招揽 (ID:16), City=南皮 (ID:6), Target=Person ID 119 (ID:119)
[Sun Jun 22 03:30:54 2025] PERSON_RETURNED: Person=徐庶 (ID:5), City=南皮 (ID:6), Reason=Order Completion
[Sun Jun 22 03:30:54 2025] ORDER_DELETED: Person=徐庶 (ID:5), Order=招揽 (ID:16), City=南皮 (ID:6), Target=Person ID 119 (ID:119)
[Sun Jun 22 03:30:54 2025] ORDER_EXECUTED: Person=于禁 (ID:21), Order=招揽 (ID:16), City=南皮 (ID:6), Target=Person ID 146 (ID:146)
[Sun Jun 22 03:30:54 2025] PERSON_RETURNED: Person=于禁 (ID:21), City=南皮 (ID:6), Reason=Order Completion
[Sun Jun 22 03:30:54 2025] ORDER_DELETED: Person=于禁 (ID:21), Order=招揽 (ID:16), City=南皮 (ID:6), Target=Person ID 146 (ID:146)
[Sun Jun 22 03:30:54 2025] ORDER_EXECUTED: Person=博士仁 (ID:36), Order=招揽 (ID:16), City=南皮 (ID:6), Target=Person ID 146 (ID:146)
[Sun Jun 22 03:30:54 2025] PERSON_RETURNED: Person=博士仁 (ID:36), City=南皮 (ID:6), Reason=Order Completion
[Sun Jun 22 03:30:54 2025] ORDER_DELETED: Person=博士仁 (ID:36), Order=招揽 (ID:16), City=南皮 (ID:6), Target=Person ID 146 (ID:146)
[Sun Jun 22 03:30:54 2025] ORDER_EXECUTED: Person=马延 (ID:51), Order=招揽 (ID:16), City=南皮 (ID:6), Target=Person ID 44 (ID:44)
[Sun Jun 22 03:30:54 2025] PERSON_RETURNED: Person=马延 (ID:51), City=南皮 (ID:6), Reason=Order Completion
[Sun Jun 22 03:30:54 2025] ORDER_DELETED: Person=马延 (ID:51), Order=招揽 (ID:16), City=南皮 (ID:6), Target=Person ID 44 (ID:44)
[Sun Jun 22 03:30:54 2025] ORDER_EXECUTED: Person=司马懿 (ID:63), Order=招揽 (ID:16), City=南皮 (ID:6), Target=Person ID 119 (ID:119)
[Sun Jun 22 03:30:54 2025] PERSON_RETURNED: Person=司马懿 (ID:63), City=南皮 (ID:6), Reason=Order Completion
[Sun Jun 22 03:30:54 2025] ORDER_DELETED: Person=司马懿 (ID:63), Order=招揽 (ID:16), City=南皮 (ID:6), Target=Person ID 119 (ID:119)
[Sun Jun 22 03:30:54 2025] ORDER_EXECUTED: Person=满宠 (ID:26), Order=开垦 (ID:1), City=天水 (ID:8)
[Sun Jun 22 03:30:54 2025] PERSON_RETURNED: Person=满宠 (ID:26), City=天水 (ID:8), Reason=Order Completion
[Sun Jun 22 03:30:54 2025] ORDER_DELETED: Person=满宠 (ID:26), Order=开垦 (ID:1), City=天水 (ID:8)
[Sun Jun 22 03:30:54 2025] ORDER_EXECUTED: Person=张卫 (ID:58), Order=开垦 (ID:1), City=天水 (ID:8)
[Sun Jun 22 03:30:54 2025] PERSON_RETURNED: Person=张卫 (ID:58), City=天水 (ID:8), Reason=Order Completion
[Sun Jun 22 03:30:54 2025] ORDER_DELETED: Person=张卫 (ID:58), Order=开垦 (ID:1), City=天水 (ID:8)
[Sun Jun 22 03:30:54 2025] ORDER_EXECUTED: Person=夏侯德 (ID:8), Order=招商 (ID:2), City=河内 (ID:9)
[Sun Jun 22 03:30:54 2025] PERSON_RETURNED: Person=夏侯德 (ID:8), City=河内 (ID:9), Reason=Order Completion
[Sun Jun 22 03:30:54 2025] ORDER_DELETED: Person=夏侯德 (ID:8), Order=招商 (ID:2), City=河内 (ID:9)
[Sun Jun 22 03:30:54 2025] ORDER_EXECUTED: Person=曹洪 (ID:17), Order=招商 (ID:2), City=河内 (ID:9)
[Sun Jun 22 03:30:54 2025] PERSON_RETURNED: Person=曹洪 (ID:17), City=河内 (ID:9), Reason=Order Completion
[Sun Jun 22 03:30:54 2025] ORDER_DELETED: Person=曹洪 (ID:17), Order=招商 (ID:2), City=河内 (ID:9)
[Sun Jun 22 03:30:54 2025] ORDER_EXECUTED: Person=荀攸 (ID:22), Order=招商 (ID:2), City=河内 (ID:9)
[Sun Jun 22 03:30:54 2025] PERSON_RETURNED: Person=荀攸 (ID:22), City=河内 (ID:9), Reason=Order Completion
[Sun Jun 22 03:30:54 2025] ORDER_DELETED: Person=荀攸 (ID:22), Order=招商 (ID:2), City=河内 (ID:9)
[Sun Jun 22 03:30:54 2025] ORDER_EXECUTED: Person=刘晔 (ID:24), Order=出巡 (ID:5), City=河内 (ID:9)
[Sun Jun 22 03:30:54 2025] PERSON_RETURNED: Person=刘晔 (ID:24), City=河内 (ID:9), Reason=Order Completion
[Sun Jun 22 03:30:54 2025] ORDER_DELETED: Person=刘晔 (ID:24), Order=出巡 (ID:5), City=河内 (ID:9)
[Sun Jun 22 03:30:54 2025] ORDER_EXECUTED: Person=蒋干 (ID:32), Order=出巡 (ID:5), City=河内 (ID:9)
[Sun Jun 22 03:30:54 2025] PERSON_RETURNED: Person=蒋干 (ID:32), City=河内 (ID:9), Reason=Order Completion
[Sun Jun 22 03:30:54 2025] ORDER_DELETED: Person=蒋干 (ID:32), Order=出巡 (ID:5), City=河内 (ID:9)
[Sun Jun 22 03:30:54 2025] ORDER_EXECUTED: Person=蒯越 (ID:54), Order=出巡 (ID:5), City=河内 (ID:9)
[Sun Jun 22 03:30:54 2025] PERSON_RETURNED: Person=蒯越 (ID:54), City=河内 (ID:9), Reason=Order Completion
[Sun Jun 22 03:30:54 2025] ORDER_DELETED: Person=蒯越 (ID:54), Order=出巡 (ID:5), City=河内 (ID:9)
[Sun Jun 22 03:30:54 2025] ORDER_EXECUTED: Person=韩嵩 (ID:55), Order=出巡 (ID:5), City=河内 (ID:9)
[Sun Jun 22 03:30:54 2025] PERSON_RETURNED: Person=韩嵩 (ID:55), City=河内 (ID:9), Reason=Order Completion
[Sun Jun 22 03:30:54 2025] ORDER_DELETED: Person=韩嵩 (ID:55), Order=出巡 (ID:5), City=河内 (ID:9)
[Sun Jun 22 03:30:54 2025] ORDER_EXECUTED: Person=司马师 (ID:64), Order=出巡 (ID:5), City=河内 (ID:9)
[Sun Jun 22 03:30:54 2025] PERSON_RETURNED: Person=司马师 (ID:64), City=河内 (ID:9), Reason=Order Completion
[Sun Jun 22 03:30:54 2025] ORDER_DELETED: Person=司马师 (ID:64), Order=出巡 (ID:5), City=河内 (ID:9)
[Sun Jun 22 03:30:54 2025] ORDER_EXECUTED: Person=典满 (ID:69), Order=出巡 (ID:5), City=河内 (ID:9)
[Sun Jun 22 03:30:54 2025] PERSON_RETURNED: Person=典满 (ID:69), City=河内 (ID:9), Reason=Order Completion
[Sun Jun 22 03:30:54 2025] ORDER_DELETED: Person=典满 (ID:69), Order=出巡 (ID:5), City=河内 (ID:9)
[Sun Jun 22 03:30:54 2025] ORDER_EXECUTED: Person=郝昭 (ID:70), Order=出巡 (ID:5), City=河内 (ID:9)
[Sun Jun 22 03:30:54 2025] PERSON_RETURNED: Person=郝昭 (ID:70), City=河内 (ID:9), Reason=Order Completion
[Sun Jun 22 03:30:54 2025] ORDER_DELETED: Person=郝昭 (ID:70), Order=出巡 (ID:5), City=河内 (ID:9)
[Sun Jun 22 03:30:54 2025] ORDER_EXECUTED: Person=郭淮 (ID:31), Order=开垦 (ID:1), City= (ID:11)
[Sun Jun 22 03:30:54 2025] PERSON_RETURNED: Person=郭淮 (ID:31), City= (ID:11), Reason=Order Completion
[Sun Jun 22 03:30:54 2025] ORDER_DELETED: Person=郭淮 (ID:31), Order=开垦 (ID:1), City= (ID:11)
[Sun Jun 22 03:30:54 2025] ORDER_EXECUTED: Person=高览 (ID:34), Order=开垦 (ID:1), City= (ID:11)
[Sun Jun 22 03:30:54 2025] PERSON_RETURNED: Person=高览 (ID:34), City= (ID:11), Reason=Order Completion
[Sun Jun 22 03:30:54 2025] ORDER_DELETED: Person=高览 (ID:34), Order=开垦 (ID:1), City= (ID:11)
[Sun Jun 22 03:30:54 2025] ORDER_EXECUTED: Person=文聘 (ID:57), Order=开垦 (ID:1), City= (ID:11)
[Sun Jun 22 03:30:54 2025] PERSON_RETURNED: Person=文聘 (ID:57), City= (ID:11), Reason=Order Completion
[Sun Jun 22 03:30:54 2025] ORDER_DELETED: Person=文聘 (ID:57), Order=开垦 (ID:1), City= (ID:11)
[Sun Jun 22 03:30:54 2025] ORDER_EXECUTED: Person=陈登 (ID:42), Order=开垦 (ID:1), City=濮阳 (ID:12)
[Sun Jun 22 03:30:54 2025] PERSON_RETURNED: Person=陈登 (ID:42), City=濮阳 (ID:12), Reason=Order Completion
[Sun Jun 22 03:30:54 2025] ORDER_DELETED: Person=陈登 (ID:42), Order=开垦 (ID:1), City=濮阳 (ID:12)
[Sun Jun 22 03:30:54 2025] ORDER_EXECUTED: Person=董昭 (ID:56), Order=开垦 (ID:1), City=濮阳 (ID:12)
[Sun Jun 22 03:30:54 2025] PERSON_RETURNED: Person=董昭 (ID:56), City=濮阳 (ID:12), Reason=Order Completion
[Sun Jun 22 03:30:54 2025] ORDER_DELETED: Person=董昭 (ID:56), Order=开垦 (ID:1), City=濮阳 (ID:12)
[Sun Jun 22 03:30:54 2025] ORDER_EXECUTED: Person=程昱 (ID:23), Order=开垦 (ID:1), City=徐州 (ID:13)
[Sun Jun 22 03:30:54 2025] PERSON_RETURNED: Person=程昱 (ID:23), City=徐州 (ID:13), Reason=Order Completion
[Sun Jun 22 03:30:54 2025] ORDER_DELETED: Person=程昱 (ID:23), Order=开垦 (ID:1), City=徐州 (ID:13)
[Sun Jun 22 03:30:54 2025] ORDER_EXECUTED: Person=张南 (ID:37), Order=开垦 (ID:1), City=徐州 (ID:13)
[Sun Jun 22 03:30:54 2025] PERSON_RETURNED: Person=张南 (ID:37), City=徐州 (ID:13), Reason=Order Completion
[Sun Jun 22 03:30:54 2025] ORDER_DELETED: Person=张南 (ID:37), Order=开垦 (ID:1), City=徐州 (ID:13)
[Sun Jun 22 03:30:54 2025] ORDER_EXECUTED: Person=王修 (ID:39), Order=开垦 (ID:1), City=徐州 (ID:13)
[Sun Jun 22 03:30:54 2025] PERSON_RETURNED: Person=王修 (ID:39), City=徐州 (ID:13), Reason=Order Completion
[Sun Jun 22 03:30:54 2025] ORDER_DELETED: Person=王修 (ID:39), Order=开垦 (ID:1), City=徐州 (ID:13)
[Sun Jun 22 03:30:54 2025] ORDER_EXECUTED: Person=曹豹 (ID:43), Order=开垦 (ID:1), City=徐州 (ID:13)
[Sun Jun 22 03:30:54 2025] PERSON_RETURNED: Person=曹豹 (ID:43), City=徐州 (ID:13), Reason=Order Completion
[Sun Jun 22 03:30:54 2025] ORDER_DELETED: Person=曹豹 (ID:43), Order=开垦 (ID:1), City=徐州 (ID:13)
[Sun Jun 22 03:30:54 2025] ORDER_EXECUTED: Person=杨任 (ID:60), Order=开垦 (ID:1), City=徐州 (ID:13)
[Sun Jun 22 03:30:54 2025] PERSON_RETURNED: Person=杨任 (ID:60), City=徐州 (ID:13), Reason=Order Completion
[Sun Jun 22 03:30:54 2025] ORDER_DELETED: Person=杨任 (ID:60), Order=开垦 (ID:1), City=徐州 (ID:13)
[Sun Jun 22 03:30:54 2025] ORDER_EXECUTED: Person=曹仁 (ID:18), Order=招商 (ID:2), City=洛阳 (ID:15)
[Sun Jun 22 03:30:54 2025] PERSON_RETURNED: Person=曹仁 (ID:18), City=洛阳 (ID:15), Reason=Order Completion
[Sun Jun 22 03:30:54 2025] ORDER_DELETED: Person=曹仁 (ID:18), Order=招商 (ID:2), City=洛阳 (ID:15)
[Sun Jun 22 03:30:54 2025] ORDER_EXECUTED: Person=牛金 (ID:19), Order=出巡 (ID:5), City=洛阳 (ID:15)
[Sun Jun 22 03:30:54 2025] PERSON_RETURNED: Person=牛金 (ID:19), City=洛阳 (ID:15), Reason=Order Completion
[Sun Jun 22 03:30:54 2025] ORDER_DELETED: Person=牛金 (ID:19), Order=出巡 (ID:5), City=洛阳 (ID:15)
[Sun Jun 22 03:30:54 2025] ORDER_EXECUTED: Person=高干 (ID:35), Order=出巡 (ID:5), City=洛阳 (ID:15)
[Sun Jun 22 03:30:54 2025] PERSON_RETURNED: Person=高干 (ID:35), City=洛阳 (ID:15), Reason=Order Completion
[Sun Jun 22 03:30:54 2025] ORDER_DELETED: Person=高干 (ID:35), Order=出巡 (ID:5), City=洛阳 (ID:15)
[Sun Jun 22 03:30:54 2025] ORDER_EXECUTED: Person=王双 (ID:46), Order=出巡 (ID:5), City=洛阳 (ID:15)
[Sun Jun 22 03:30:54 2025] PERSON_RETURNED: Person=王双 (ID:46), City=洛阳 (ID:15), Reason=Order Completion
[Sun Jun 22 03:30:54 2025] ORDER_DELETED: Person=王双 (ID:46), Order=出巡 (ID:5), City=洛阳 (ID:15)
[Sun Jun 22 03:30:54 2025] ORDER_EXECUTED: Person=侯成 (ID:47), Order=出巡 (ID:5), City=洛阳 (ID:15)
[Sun Jun 22 03:30:54 2025] PERSON_RETURNED: Person=侯成 (ID:47), City=洛阳 (ID:15), Reason=Order Completion
[Sun Jun 22 03:30:54 2025] ORDER_DELETED: Person=侯成 (ID:47), Order=出巡 (ID:5), City=洛阳 (ID:15)
[Sun Jun 22 03:30:54 2025] ORDER_EXECUTED: Person=王威 (ID:66), Order=出巡 (ID:5), City=洛阳 (ID:15)
[Sun Jun 22 03:30:54 2025] PERSON_RETURNED: Person=王威 (ID:66), City=洛阳 (ID:15), Reason=Order Completion
[Sun Jun 22 03:30:54 2025] ORDER_DELETED: Person=王威 (ID:66), Order=出巡 (ID:5), City=洛阳 (ID:15)
[Sun Jun 22 03:30:54 2025] ORDER_EXECUTED: Person=曹休 (ID:20), Order=开垦 (ID:1), City=宛城 (ID:20)
[Sun Jun 22 03:30:54 2025] PERSON_RETURNED: Person=曹休 (ID:20), City=宛城 (ID:20), Reason=Order Completion
[Sun Jun 22 03:30:54 2025] ORDER_DELETED: Person=曹休 (ID:20), Order=开垦 (ID:1), City=宛城 (ID:20)
[Sun Jun 22 03:30:54 2025] ORDER_EXECUTED: Person=臧霸 (ID:44), Order=开垦 (ID:1), City=宛城 (ID:20)
[Sun Jun 22 03:30:54 2025] PERSON_RETURNED: Person=臧霸 (ID:44), City=宛城 (ID:20), Reason=Order Completion
[Sun Jun 22 03:30:54 2025] ORDER_DELETED: Person=臧霸 (ID:44), Order=开垦 (ID:1), City=宛城 (ID:20)
[Sun Jun 22 03:30:54 2025] ORDER_EXECUTED: Person=魏续 (ID:45), Order=开垦 (ID:1), City=宛城 (ID:20)
[Sun Jun 22 03:30:54 2025] PERSON_RETURNED: Person=魏续 (ID:45), City=宛城 (ID:20), Reason=Order Completion
[Sun Jun 22 03:30:54 2025] ORDER_DELETED: Person=魏续 (ID:45), Order=开垦 (ID:1), City=宛城 (ID:20)
[Sun Jun 22 03:30:54 2025] ORDER_EXECUTED: Person=王粲 (ID:50), Order=开垦 (ID:1), City=宛城 (ID:20)
[Sun Jun 22 03:30:54 2025] PERSON_RETURNED: Person=王粲 (ID:50), City=宛城 (ID:20), Reason=Order Completion
[Sun Jun 22 03:30:54 2025] ORDER_DELETED: Person=王粲 (ID:50), Order=开垦 (ID:1), City=宛城 (ID:20)
[Sun Jun 22 03:30:54 2025] ORDER_EXECUTED: Person=张绣 (ID:52), Order=开垦 (ID:1), City=宛城 (ID:20)
[Sun Jun 22 03:30:54 2025] PERSON_RETURNED: Person=张绣 (ID:52), City=宛城 (ID:20), Reason=Order Completion
[Sun Jun 22 03:30:54 2025] ORDER_DELETED: Person=张绣 (ID:52), Order=开垦 (ID:1), City=宛城 (ID:20)
[Sun Jun 22 03:30:54 2025] ORDER_EXECUTED: Person=乐进 (ID:16), Order=开垦 (ID:1), City=寿春 (ID:21)
[Sun Jun 22 03:30:54 2025] PERSON_RETURNED: Person=乐进 (ID:16), City=寿春 (ID:21), Reason=Order Completion
[Sun Jun 22 03:30:54 2025] ORDER_DELETED: Person=乐进 (ID:16), Order=开垦 (ID:1), City=寿春 (ID:21)
[Sun Jun 22 03:30:54 2025] ORDER_EXECUTED: Person=徐晃 (ID:30), Order=开垦 (ID:1), City=寿春 (ID:21)
[Sun Jun 22 03:30:54 2025] PERSON_RETURNED: Person=徐晃 (ID:30), City=寿春 (ID:21), Reason=Order Completion
[Sun Jun 22 03:30:54 2025] ORDER_DELETED: Person=徐晃 (ID:30), Order=开垦 (ID:1), City=寿春 (ID:21)
[Sun Jun 22 03:30:54 2025] ORDER_EXECUTED: Person=高顺 (ID:48), Order=开垦 (ID:1), City=寿春 (ID:21)
[Sun Jun 22 03:30:54 2025] PERSON_RETURNED: Person=高顺 (ID:48), City=寿春 (ID:21), Reason=Order Completion
[Sun Jun 22 03:30:54 2025] ORDER_DELETED: Person=高顺 (ID:48), Order=开垦 (ID:1), City=寿春 (ID:21)
[Sun Jun 22 03:30:54 2025] ORDER_EXECUTED: Person=文钦 (ID:67), Order=开垦 (ID:1), City=寿春 (ID:21)
[Sun Jun 22 03:30:54 2025] PERSON_RETURNED: Person=文钦 (ID:67), City=寿春 (ID:21), Reason=Order Completion
[Sun Jun 22 03:30:54 2025] ORDER_DELETED: Person=文钦 (ID:67), Order=开垦 (ID:1), City=寿春 (ID:21)
[Sun Jun 22 03:30:55 2025] GAME_TURN: Year=248, Month=4
[Sun Jun 22 03:30:56 2025] ORDER_CREATED: Person=李典 (ID:14), Order=开垦 (ID:1), City=北平 (ID:1)
[Sun Jun 22 03:30:56 2025] PERSON_REMOVED: Person=李典 (ID:14), City=北平 (ID:1), Reason=Order Assignment
[Sun Jun 22 03:30:56 2025] ORDER_CREATED: Person=钟繇 (ID:49), Order=开垦 (ID:1), City=北平 (ID:1)
[Sun Jun 22 03:30:56 2025] PERSON_REMOVED: Person=钟繇 (ID:49), City=北平 (ID:1), Reason=Order Assignment
[Sun Jun 22 03:30:56 2025] ORDER_CREATED: Person=司马昭 (ID:65), Order=开垦 (ID:1), City=北平 (ID:1)
[Sun Jun 22 03:30:56 2025] PERSON_REMOVED: Person=司马昭 (ID:65), City=北平 (ID:1), Reason=Order Assignment
[Sun Jun 22 03:30:56 2025] COMPUTER_TACTIC: City=襄平 (ID:2), Tactic=Interior
[Sun Jun 22 03:30:56 2025] ORDER_CREATED: Person=崔琰 (ID:29), Order=开垦 (ID:1), City=晋阳 (ID:4)
[Sun Jun 22 03:30:56 2025] PERSON_REMOVED: Person=崔琰 (ID:29), City=晋阳 (ID:4), Reason=Order Assignment
[Sun Jun 22 03:30:56 2025] ORDER_CREATED: Person=ConversionError (ID:33), Order=招商 (ID:2), City=晋阳 (ID:4)
[Sun Jun 22 03:30:56 2025] PERSON_REMOVED: Person=ConversionError (ID:33), City=晋阳 (ID:4), Reason=Order Assignment
[Sun Jun 22 03:30:56 2025] ORDER_CREATED: Person=阎圃 (ID:61), Order=招商 (ID:2), City=晋阳 (ID:4)
[Sun Jun 22 03:30:56 2025] PERSON_REMOVED: Person=阎圃 (ID:61), City=晋阳 (ID:4), Reason=Order Assignment
[Sun Jun 22 03:30:56 2025] ORDER_CREATED: Person=夏侯尚 (ID:7), Order=出巡 (ID:5), City=平原 (ID:5)
[Sun Jun 22 03:30:56 2025] PERSON_REMOVED: Person=夏侯尚 (ID:7), City=平原 (ID:5), Reason=Order Assignment
[Sun Jun 22 03:30:56 2025] ORDER_CREATED: Person=杨松 (ID:59), Order=出巡 (ID:5), City=平原 (ID:5)
[Sun Jun 22 03:30:56 2025] PERSON_REMOVED: Person=杨松 (ID:59), City=平原 (ID:5), Reason=Order Assignment
[Sun Jun 22 03:30:56 2025] ORDER_CREATED: Person=孟达 (ID:62), Order=出巡 (ID:5), City=平原 (ID:5)
[Sun Jun 22 03:30:56 2025] PERSON_REMOVED: Person=孟达 (ID:62), City=平原 (ID:5), Reason=Order Assignment
[Sun Jun 22 03:30:56 2025] ORDER_CREATED: Person=徐庶 (ID:5), Order=招揽 (ID:16), City=南皮 (ID:6), Target=Person ID 76 (ID:76)
[Sun Jun 22 03:30:56 2025] PERSON_REMOVED: Person=徐庶 (ID:5), City=南皮 (ID:6), Reason=Order Assignment
[Sun Jun 22 03:30:56 2025] ORDER_CREATED: Person=于禁 (ID:21), Order=招揽 (ID:16), City=南皮 (ID:6), Target=Person ID 113 (ID:113)
[Sun Jun 22 03:30:56 2025] PERSON_REMOVED: Person=于禁 (ID:21), City=南皮 (ID:6), Reason=Order Assignment
[Sun Jun 22 03:30:56 2025] ORDER_CREATED: Person=博士仁 (ID:36), Order=招揽 (ID:16), City=南皮 (ID:6)
[Sun Jun 22 03:30:56 2025] PERSON_REMOVED: Person=博士仁 (ID:36), City=南皮 (ID:6), Reason=Order Assignment
[Sun Jun 22 03:30:56 2025] ORDER_CREATED: Person=马延 (ID:51), Order=招揽 (ID:16), City=南皮 (ID:6), Target=梓潼 (ID:19)
[Sun Jun 22 03:30:56 2025] PERSON_REMOVED: Person=马延 (ID:51), City=南皮 (ID:6), Reason=Order Assignment
[Sun Jun 22 03:30:56 2025] ORDER_CREATED: Person=司马懿 (ID:63), Order=招揽 (ID:16), City=南皮 (ID:6), Target=Person ID 91 (ID:91)
[Sun Jun 22 03:30:56 2025] PERSON_REMOVED: Person=司马懿 (ID:63), City=南皮 (ID:6), Reason=Order Assignment
[Sun Jun 22 03:30:56 2025] COMPUTER_TACTIC: City=南皮 (ID:6), Tactic=AI_Diplomatism
[Sun Jun 22 03:30:56 2025] ORDER_CREATED: Person=杨龄 (ID:6), Order=开垦 (ID:1), City=北海 (ID:7)
[Sun Jun 22 03:30:56 2025] PERSON_REMOVED: Person=杨龄 (ID:6), City=北海 (ID:7), Reason=Order Assignment
[Sun Jun 22 03:30:56 2025] ORDER_CREATED: Person=曹植 (ID:12), Order=开垦 (ID:1), City=北海 (ID:7)
[Sun Jun 22 03:30:56 2025] PERSON_REMOVED: Person=曹植 (ID:12), City=北海 (ID:7), Reason=Order Assignment
[Sun Jun 22 03:30:56 2025] ORDER_CREATED: Person=陈群 (ID:25), Order=开垦 (ID:1), City=北海 (ID:7)
[Sun Jun 22 03:30:56 2025] PERSON_REMOVED: Person=陈群 (ID:25), City=北海 (ID:7), Reason=Order Assignment
[Sun Jun 22 03:30:56 2025] ORDER_CREATED: Person=ConversionError (ID:27), Order=开垦 (ID:1), City=北海 (ID:7)
[Sun Jun 22 03:30:56 2025] PERSON_REMOVED: Person=ConversionError (ID:27), City=北海 (ID:7), Reason=Order Assignment
[Sun Jun 22 03:30:56 2025] ORDER_CREATED: Person=许褚 (ID:28), Order=招商 (ID:2), City=北海 (ID:7)
[Sun Jun 22 03:30:56 2025] PERSON_REMOVED: Person=许褚 (ID:28), City=北海 (ID:7), Reason=Order Assignment
[Sun Jun 22 03:30:56 2025] ORDER_CREATED: Person=毋丘俭 (ID:68), Order=招商 (ID:2), City=北海 (ID:7)
[Sun Jun 22 03:30:56 2025] PERSON_REMOVED: Person=毋丘俭 (ID:68), City=北海 (ID:7), Reason=Order Assignment
[Sun Jun 22 03:30:56 2025] ORDER_CREATED: Person=满宠 (ID:26), Order=开垦 (ID:1), City=天水 (ID:8)
[Sun Jun 22 03:30:56 2025] PERSON_REMOVED: Person=满宠 (ID:26), City=天水 (ID:8), Reason=Order Assignment
[Sun Jun 22 03:30:56 2025] ORDER_CREATED: Person=张卫 (ID:58), Order=开垦 (ID:1), City=天水 (ID:8)
[Sun Jun 22 03:30:56 2025] PERSON_REMOVED: Person=张卫 (ID:58), City=天水 (ID:8), Reason=Order Assignment
[Sun Jun 22 03:30:56 2025] ORDER_CREATED: Person=夏侯德 (ID:8), Order=出巡 (ID:5), City=河内 (ID:9)
[Sun Jun 22 03:30:56 2025] PERSON_REMOVED: Person=夏侯德 (ID:8), City=河内 (ID:9), Reason=Order Assignment
[Sun Jun 22 03:30:56 2025] ORDER_CREATED: Person=曹洪 (ID:17), Order=出巡 (ID:5), City=河内 (ID:9)
[Sun Jun 22 03:30:56 2025] PERSON_REMOVED: Person=曹洪 (ID:17), City=河内 (ID:9), Reason=Order Assignment
[Sun Jun 22 03:30:56 2025] ORDER_CREATED: Person=荀攸 (ID:22), Order=出巡 (ID:5), City=河内 (ID:9)
[Sun Jun 22 03:30:56 2025] PERSON_REMOVED: Person=荀攸 (ID:22), City=河内 (ID:9), Reason=Order Assignment
[Sun Jun 22 03:30:56 2025] ORDER_CREATED: Person=刘晔 (ID:24), Order=出巡 (ID:5), City=河内 (ID:9)
[Sun Jun 22 03:30:56 2025] PERSON_REMOVED: Person=刘晔 (ID:24), City=河内 (ID:9), Reason=Order Assignment
[Sun Jun 22 03:30:56 2025] ORDER_CREATED: Person=蒋干 (ID:32), Order=出巡 (ID:5), City=河内 (ID:9)
[Sun Jun 22 03:30:56 2025] PERSON_REMOVED: Person=蒋干 (ID:32), City=河内 (ID:9), Reason=Order Assignment
[Sun Jun 22 03:30:56 2025] ORDER_CREATED: Person=蒯越 (ID:54), Order=出巡 (ID:5), City=河内 (ID:9)
[Sun Jun 22 03:30:56 2025] PERSON_REMOVED: Person=蒯越 (ID:54), City=河内 (ID:9), Reason=Order Assignment
[Sun Jun 22 03:30:56 2025] ORDER_CREATED: Person=韩嵩 (ID:55), Order=出巡 (ID:5), City=河内 (ID:9)
[Sun Jun 22 03:30:56 2025] PERSON_REMOVED: Person=韩嵩 (ID:55), City=河内 (ID:9), Reason=Order Assignment
[Sun Jun 22 03:30:56 2025] ORDER_CREATED: Person=司马师 (ID:64), Order=出巡 (ID:5), City=河内 (ID:9)
[Sun Jun 22 03:30:56 2025] PERSON_REMOVED: Person=司马师 (ID:64), City=河内 (ID:9), Reason=Order Assignment
[Sun Jun 22 03:30:56 2025] ORDER_CREATED: Person=典满 (ID:69), Order=出巡 (ID:5), City=河内 (ID:9)
[Sun Jun 22 03:30:56 2025] PERSON_REMOVED: Person=典满 (ID:69), City=河内 (ID:9), Reason=Order Assignment
[Sun Jun 22 03:30:56 2025] ORDER_CREATED: Person=郝昭 (ID:70), Order=出巡 (ID:5), City=河内 (ID:9)
[Sun Jun 22 03:30:56 2025] PERSON_REMOVED: Person=郝昭 (ID:70), City=河内 (ID:9), Reason=Order Assignment
[Sun Jun 22 03:30:56 2025] ORDER_CREATED: Person=郭淮 (ID:31), Order=开垦 (ID:1), City= (ID:11)
[Sun Jun 22 03:30:56 2025] PERSON_REMOVED: Person=郭淮 (ID:31), City= (ID:11), Reason=Order Assignment
[Sun Jun 22 03:30:56 2025] ORDER_CREATED: Person=高览 (ID:34), Order=开垦 (ID:1), City= (ID:11)
[Sun Jun 22 03:30:56 2025] PERSON_REMOVED: Person=高览 (ID:34), City= (ID:11), Reason=Order Assignment
[Sun Jun 22 03:30:56 2025] ORDER_CREATED: Person=文聘 (ID:57), Order=开垦 (ID:1), City= (ID:11)
[Sun Jun 22 03:30:56 2025] PERSON_REMOVED: Person=文聘 (ID:57), City= (ID:11), Reason=Order Assignment
[Sun Jun 22 03:30:56 2025] ORDER_CREATED: Person=陈登 (ID:42), Order=开垦 (ID:1), City=濮阳 (ID:12)
[Sun Jun 22 03:30:56 2025] PERSON_REMOVED: Person=陈登 (ID:42), City=濮阳 (ID:12), Reason=Order Assignment
[Sun Jun 22 03:30:56 2025] ORDER_CREATED: Person=董昭 (ID:56), Order=开垦 (ID:1), City=濮阳 (ID:12)
[Sun Jun 22 03:30:56 2025] PERSON_REMOVED: Person=董昭 (ID:56), City=濮阳 (ID:12), Reason=Order Assignment
[Sun Jun 22 03:30:56 2025] ORDER_CREATED: Person=程昱 (ID:23), Order=开垦 (ID:1), City=徐州 (ID:13)
[Sun Jun 22 03:30:56 2025] PERSON_REMOVED: Person=程昱 (ID:23), City=徐州 (ID:13), Reason=Order Assignment
[Sun Jun 22 03:30:56 2025] ORDER_CREATED: Person=张南 (ID:37), Order=开垦 (ID:1), City=徐州 (ID:13)
[Sun Jun 22 03:30:56 2025] PERSON_REMOVED: Person=张南 (ID:37), City=徐州 (ID:13), Reason=Order Assignment
[Sun Jun 22 03:30:56 2025] ORDER_CREATED: Person=王修 (ID:39), Order=开垦 (ID:1), City=徐州 (ID:13)
[Sun Jun 22 03:30:56 2025] PERSON_REMOVED: Person=王修 (ID:39), City=徐州 (ID:13), Reason=Order Assignment
[Sun Jun 22 03:30:56 2025] ORDER_CREATED: Person=曹豹 (ID:43), Order=开垦 (ID:1), City=徐州 (ID:13)
[Sun Jun 22 03:30:56 2025] PERSON_REMOVED: Person=曹豹 (ID:43), City=徐州 (ID:13), Reason=Order Assignment
[Sun Jun 22 03:30:56 2025] ORDER_CREATED: Person=杨任 (ID:60), Order=招商 (ID:2), City=徐州 (ID:13)
[Sun Jun 22 03:30:56 2025] PERSON_REMOVED: Person=杨任 (ID:60), City=徐州 (ID:13), Reason=Order Assignment
[Sun Jun 22 03:30:56 2025] COMPUTER_TACTIC: City=汉中 (ID:14), Tactic=Diplomatism
[Sun Jun 22 03:30:56 2025] ORDER_CREATED: Person=曹仁 (ID:18), Order=出巡 (ID:5), City=洛阳 (ID:15)
[Sun Jun 22 03:30:56 2025] PERSON_REMOVED: Person=曹仁 (ID:18), City=洛阳 (ID:15), Reason=Order Assignment
[Sun Jun 22 03:30:56 2025] ORDER_CREATED: Person=牛金 (ID:19), Order=出巡 (ID:5), City=洛阳 (ID:15)
[Sun Jun 22 03:30:56 2025] PERSON_REMOVED: Person=牛金 (ID:19), City=洛阳 (ID:15), Reason=Order Assignment
[Sun Jun 22 03:30:56 2025] ORDER_CREATED: Person=高干 (ID:35), Order=出巡 (ID:5), City=洛阳 (ID:15)
[Sun Jun 22 03:30:56 2025] PERSON_REMOVED: Person=高干 (ID:35), City=洛阳 (ID:15), Reason=Order Assignment
[Sun Jun 22 03:30:56 2025] ORDER_CREATED: Person=王双 (ID:46), Order=出巡 (ID:5), City=洛阳 (ID:15)
[Sun Jun 22 03:30:56 2025] PERSON_REMOVED: Person=王双 (ID:46), City=洛阳 (ID:15), Reason=Order Assignment
[Sun Jun 22 03:30:56 2025] ORDER_CREATED: Person=侯成 (ID:47), Order=出巡 (ID:5), City=洛阳 (ID:15)
[Sun Jun 22 03:30:56 2025] PERSON_REMOVED: Person=侯成 (ID:47), City=洛阳 (ID:15), Reason=Order Assignment
[Sun Jun 22 03:30:56 2025] ORDER_CREATED: Person=王威 (ID:66), Order=出巡 (ID:5), City=洛阳 (ID:15)
[Sun Jun 22 03:30:56 2025] PERSON_REMOVED: Person=王威 (ID:66), City=洛阳 (ID:15), Reason=Order Assignment
[Sun Jun 22 03:30:56 2025] ORDER_CREATED: Person=曹丕 (ID:0), Order=开垦 (ID:1), City=许昌 (ID:16)
[Sun Jun 22 03:30:56 2025] PERSON_REMOVED: Person=曹丕 (ID:0), City=许昌 (ID:16), Reason=Order Assignment
[Sun Jun 22 03:30:56 2025] ORDER_CREATED: Person=辛毗 (ID:40), Order=治理 (ID:4), City=许昌 (ID:16)
[Sun Jun 22 03:30:56 2025] PERSON_REMOVED: Person=辛毗 (ID:40), City=许昌 (ID:16), Reason=Order Assignment
[Sun Jun 22 03:30:56 2025] ORDER_CREATED: Person=王平 (ID:71), Order=出巡 (ID:5), City=许昌 (ID:16)
[Sun Jun 22 03:30:56 2025] PERSON_REMOVED: Person=王平 (ID:71), City=许昌 (ID:16), Reason=Order Assignment
[Sun Jun 22 03:30:56 2025] COMPUTER_TACTIC: City=许昌 (ID:16), Tactic=Interior
[Sun Jun 22 03:30:56 2025] COMPUTER_TACTIC: City=梓潼 (ID:19), Tactic=Armament
[Sun Jun 22 03:30:56 2025] ORDER_CREATED: Person=曹休 (ID:20), Order=开垦 (ID:1), City=宛城 (ID:20)
[Sun Jun 22 03:30:56 2025] PERSON_REMOVED: Person=曹休 (ID:20), City=宛城 (ID:20), Reason=Order Assignment
[Sun Jun 22 03:30:56 2025] ORDER_CREATED: Person=臧霸 (ID:44), Order=招商 (ID:2), City=宛城 (ID:20)
[Sun Jun 22 03:30:56 2025] PERSON_REMOVED: Person=臧霸 (ID:44), City=宛城 (ID:20), Reason=Order Assignment
[Sun Jun 22 03:30:56 2025] ORDER_CREATED: Person=魏续 (ID:45), Order=招商 (ID:2), City=宛城 (ID:20)
[Sun Jun 22 03:30:56 2025] PERSON_REMOVED: Person=魏续 (ID:45), City=宛城 (ID:20), Reason=Order Assignment
[Sun Jun 22 03:30:56 2025] ORDER_CREATED: Person=王粲 (ID:50), Order=招商 (ID:2), City=宛城 (ID:20)
[Sun Jun 22 03:30:56 2025] PERSON_REMOVED: Person=王粲 (ID:50), City=宛城 (ID:20), Reason=Order Assignment
[Sun Jun 22 03:30:56 2025] ORDER_CREATED: Person=张绣 (ID:52), Order=招商 (ID:2), City=宛城 (ID:20)
[Sun Jun 22 03:30:56 2025] PERSON_REMOVED: Person=张绣 (ID:52), City=宛城 (ID:20), Reason=Order Assignment
[Sun Jun 22 03:30:56 2025] ORDER_CREATED: Person=乐进 (ID:16), Order=开垦 (ID:1), City=寿春 (ID:21)
[Sun Jun 22 03:30:56 2025] PERSON_REMOVED: Person=乐进 (ID:16), City=寿春 (ID:21), Reason=Order Assignment
[Sun Jun 22 03:30:56 2025] ORDER_CREATED: Person=徐晃 (ID:30), Order=开垦 (ID:1), City=寿春 (ID:21)
[Sun Jun 22 03:30:56 2025] PERSON_REMOVED: Person=徐晃 (ID:30), City=寿春 (ID:21), Reason=Order Assignment
[Sun Jun 22 03:30:56 2025] ORDER_CREATED: Person=高顺 (ID:48), Order=开垦 (ID:1), City=寿春 (ID:21)
[Sun Jun 22 03:30:56 2025] PERSON_REMOVED: Person=高顺 (ID:48), City=寿春 (ID:21), Reason=Order Assignment
[Sun Jun 22 03:30:56 2025] ORDER_CREATED: Person=文钦 (ID:67), Order=开垦 (ID:1), City=寿春 (ID:21)
[Sun Jun 22 03:30:56 2025] PERSON_REMOVED: Person=文钦 (ID:67), City=寿春 (ID:21), Reason=Order Assignment
[Sun Jun 22 03:30:56 2025] COMPUTER_TACTIC: City=建业 (ID:22), Tactic=Armament
[Sun Jun 22 03:30:56 2025] COMPUTER_TACTIC: City= (ID:23), Tactic=Armament
[Sun Jun 22 03:30:56 2025] COMPUTER_TACTIC: City=成都 (ID:24), Tactic=Interior
[Sun Jun 22 03:30:56 2025] COMPUTER_TACTIC: City=棉竹 (ID:25), Tactic=Interior
[Sun Jun 22 03:30:56 2025] COMPUTER_TACTIC: City=襄阳 (ID:26), Tactic=Armament
[Sun Jun 22 03:30:56 2025] COMPUTER_TACTIC: City=江夏 (ID:27), Tactic=Armament
[Sun Jun 22 03:30:56 2025] COMPUTER_TACTIC: City=庐江 (ID:28), Tactic=Armament
[Sun Jun 22 03:30:56 2025] COMPUTER_TACTIC: City=会稽 (ID:29), Tactic=Armament
[Sun Jun 22 03:30:56 2025] COMPUTER_TACTIC: City=云南 (ID:30), Tactic=Armament
[Sun Jun 22 03:30:56 2025] COMPUTER_TACTIC: City=武陵 (ID:32), Tactic=Diplomatism
[Sun Jun 22 03:30:56 2025] COMPUTER_TACTIC: City=长沙 (ID:33), Tactic=Armament
[Sun Jun 22 03:30:56 2025] COMPUTER_TACTIC: City=柴桑 (ID:34), Tactic=Interior
[Sun Jun 22 03:30:56 2025] COMPUTER_TACTIC: City=零陵 (ID:35), Tactic=Armament
[Sun Jun 22 03:30:56 2025] COMPUTER_TACTIC: City=桂阳 (ID:36), Tactic=Armament
[Sun Jun 22 03:30:56 2025] ORDER_EXECUTED: Person=李典 (ID:14), Order=开垦 (ID:1), City=北平 (ID:1)
[Sun Jun 22 03:30:56 2025] PERSON_RETURNED: Person=李典 (ID:14), City=北平 (ID:1), Reason=Order Completion
[Sun Jun 22 03:30:56 2025] ORDER_DELETED: Person=李典 (ID:14), Order=开垦 (ID:1), City=北平 (ID:1)
[Sun Jun 22 03:30:56 2025] ORDER_EXECUTED: Person=钟繇 (ID:49), Order=开垦 (ID:1), City=北平 (ID:1)
[Sun Jun 22 03:30:56 2025] PERSON_RETURNED: Person=钟繇 (ID:49), City=北平 (ID:1), Reason=Order Completion
[Sun Jun 22 03:30:56 2025] ORDER_DELETED: Person=钟繇 (ID:49), Order=开垦 (ID:1), City=北平 (ID:1)
[Sun Jun 22 03:30:56 2025] ORDER_EXECUTED: Person=司马昭 (ID:65), Order=开垦 (ID:1), City=北平 (ID:1)
[Sun Jun 22 03:30:56 2025] PERSON_RETURNED: Person=司马昭 (ID:65), City=北平 (ID:1), Reason=Order Completion
[Sun Jun 22 03:30:56 2025] ORDER_DELETED: Person=司马昭 (ID:65), Order=开垦 (ID:1), City=北平 (ID:1)
[Sun Jun 22 03:30:56 2025] ORDER_EXECUTED: Person=崔琰 (ID:29), Order=开垦 (ID:1), City=晋阳 (ID:4)
[Sun Jun 22 03:30:56 2025] PERSON_RETURNED: Person=崔琰 (ID:29), City=晋阳 (ID:4), Reason=Order Completion
[Sun Jun 22 03:30:56 2025] ORDER_DELETED: Person=崔琰 (ID:29), Order=开垦 (ID:1), City=晋阳 (ID:4)
[Sun Jun 22 03:30:56 2025] ORDER_EXECUTED: Person=ConversionError (ID:33), Order=招商 (ID:2), City=晋阳 (ID:4)
[Sun Jun 22 03:30:56 2025] PERSON_RETURNED: Person=ConversionError (ID:33), City=晋阳 (ID:4), Reason=Order Completion
[Sun Jun 22 03:30:56 2025] ORDER_DELETED: Person=ConversionError (ID:33), Order=招商 (ID:2), City=晋阳 (ID:4)
[Sun Jun 22 03:30:56 2025] ORDER_EXECUTED: Person=阎圃 (ID:61), Order=招商 (ID:2), City=晋阳 (ID:4)
[Sun Jun 22 03:30:56 2025] PERSON_RETURNED: Person=阎圃 (ID:61), City=晋阳 (ID:4), Reason=Order Completion
[Sun Jun 22 03:30:56 2025] ORDER_DELETED: Person=阎圃 (ID:61), Order=招商 (ID:2), City=晋阳 (ID:4)
[Sun Jun 22 03:30:56 2025] ORDER_EXECUTED: Person=夏侯尚 (ID:7), Order=出巡 (ID:5), City=平原 (ID:5)
[Sun Jun 22 03:30:56 2025] PERSON_RETURNED: Person=夏侯尚 (ID:7), City=平原 (ID:5), Reason=Order Completion
[Sun Jun 22 03:30:56 2025] ORDER_DELETED: Person=夏侯尚 (ID:7), Order=出巡 (ID:5), City=平原 (ID:5)
[Sun Jun 22 03:30:56 2025] ORDER_EXECUTED: Person=杨松 (ID:59), Order=出巡 (ID:5), City=平原 (ID:5)
[Sun Jun 22 03:30:56 2025] PERSON_RETURNED: Person=杨松 (ID:59), City=平原 (ID:5), Reason=Order Completion
[Sun Jun 22 03:30:56 2025] ORDER_DELETED: Person=杨松 (ID:59), Order=出巡 (ID:5), City=平原 (ID:5)
[Sun Jun 22 03:30:56 2025] ORDER_EXECUTED: Person=孟达 (ID:62), Order=出巡 (ID:5), City=平原 (ID:5)
[Sun Jun 22 03:30:56 2025] PERSON_RETURNED: Person=孟达 (ID:62), City=平原 (ID:5), Reason=Order Completion
[Sun Jun 22 03:30:56 2025] ORDER_DELETED: Person=孟达 (ID:62), Order=出巡 (ID:5), City=平原 (ID:5)
[Sun Jun 22 03:30:56 2025] ORDER_EXECUTED: Person=徐庶 (ID:5), Order=招揽 (ID:16), City=南皮 (ID:6), Target=Person ID 76 (ID:76)
[Sun Jun 22 03:30:56 2025] PERSON_RETURNED: Person=徐庶 (ID:5), City=南皮 (ID:6), Reason=Order Completion
[Sun Jun 22 03:30:56 2025] ORDER_DELETED: Person=徐庶 (ID:5), Order=招揽 (ID:16), City=南皮 (ID:6), Target=Person ID 76 (ID:76)
[Sun Jun 22 03:30:56 2025] ORDER_EXECUTED: Person=于禁 (ID:21), Order=招揽 (ID:16), City=南皮 (ID:6), Target=Person ID 113 (ID:113)
[Sun Jun 22 03:30:56 2025] PERSON_RETURNED: Person=于禁 (ID:21), City=南皮 (ID:6), Reason=Order Completion
[Sun Jun 22 03:30:56 2025] ORDER_DELETED: Person=于禁 (ID:21), Order=招揽 (ID:16), City=南皮 (ID:6), Target=Person ID 113 (ID:113)
[Sun Jun 22 03:30:56 2025] ORDER_EXECUTED: Person=博士仁 (ID:36), Order=招揽 (ID:16), City=南皮 (ID:6)
[Sun Jun 22 03:30:56 2025] PERSON_RETURNED: Person=博士仁 (ID:36), City=南皮 (ID:6), Reason=Order Completion
[Sun Jun 22 03:30:56 2025] ORDER_DELETED: Person=博士仁 (ID:36), Order=招揽 (ID:16), City=南皮 (ID:6)
[Sun Jun 22 03:30:56 2025] ORDER_EXECUTED: Person=马延 (ID:51), Order=招揽 (ID:16), City=南皮 (ID:6), Target=梓潼 (ID:19)
[Sun Jun 22 03:30:56 2025] PERSON_RETURNED: Person=马延 (ID:51), City=南皮 (ID:6), Reason=Order Completion
[Sun Jun 22 03:30:56 2025] ORDER_DELETED: Person=马延 (ID:51), Order=招揽 (ID:16), City=南皮 (ID:6), Target=梓潼 (ID:19)
[Sun Jun 22 03:30:56 2025] ORDER_EXECUTED: Person=司马懿 (ID:63), Order=招揽 (ID:16), City=南皮 (ID:6), Target=Person ID 91 (ID:91)
[Sun Jun 22 03:30:56 2025] PERSON_RETURNED: Person=司马懿 (ID:63), City=南皮 (ID:6), Reason=Order Completion
[Sun Jun 22 03:30:56 2025] ORDER_DELETED: Person=司马懿 (ID:63), Order=招揽 (ID:16), City=南皮 (ID:6), Target=Person ID 91 (ID:91)
[Sun Jun 22 03:30:56 2025] ORDER_EXECUTED: Person=杨龄 (ID:6), Order=开垦 (ID:1), City=北海 (ID:7)
[Sun Jun 22 03:30:56 2025] PERSON_RETURNED: Person=杨龄 (ID:6), City=北海 (ID:7), Reason=Order Completion
[Sun Jun 22 03:30:56 2025] ORDER_DELETED: Person=杨龄 (ID:6), Order=开垦 (ID:1), City=北海 (ID:7)
[Sun Jun 22 03:30:56 2025] ORDER_EXECUTED: Person=曹植 (ID:12), Order=开垦 (ID:1), City=北海 (ID:7)
[Sun Jun 22 03:30:56 2025] PERSON_RETURNED: Person=曹植 (ID:12), City=北海 (ID:7), Reason=Order Completion
[Sun Jun 22 03:30:56 2025] ORDER_DELETED: Person=曹植 (ID:12), Order=开垦 (ID:1), City=北海 (ID:7)
[Sun Jun 22 03:30:56 2025] ORDER_EXECUTED: Person=陈群 (ID:25), Order=开垦 (ID:1), City=北海 (ID:7)
[Sun Jun 22 03:30:56 2025] PERSON_RETURNED: Person=陈群 (ID:25), City=北海 (ID:7), Reason=Order Completion
[Sun Jun 22 03:30:56 2025] ORDER_DELETED: Person=陈群 (ID:25), Order=开垦 (ID:1), City=北海 (ID:7)
[Sun Jun 22 03:30:56 2025] ORDER_EXECUTED: Person=ConversionError (ID:27), Order=开垦 (ID:1), City=北海 (ID:7)
[Sun Jun 22 03:30:56 2025] PERSON_RETURNED: Person=ConversionError (ID:27), City=北海 (ID:7), Reason=Order Completion
[Sun Jun 22 03:30:56 2025] ORDER_DELETED: Person=ConversionError (ID:27), Order=开垦 (ID:1), City=北海 (ID:7)
[Sun Jun 22 03:30:56 2025] ORDER_EXECUTED: Person=许褚 (ID:28), Order=招商 (ID:2), City=北海 (ID:7)
[Sun Jun 22 03:30:56 2025] PERSON_RETURNED: Person=许褚 (ID:28), City=北海 (ID:7), Reason=Order Completion
[Sun Jun 22 03:30:56 2025] ORDER_DELETED: Person=许褚 (ID:28), Order=招商 (ID:2), City=北海 (ID:7)
[Sun Jun 22 03:30:56 2025] ORDER_EXECUTED: Person=毋丘俭 (ID:68), Order=招商 (ID:2), City=北海 (ID:7)
[Sun Jun 22 03:30:56 2025] PERSON_RETURNED: Person=毋丘俭 (ID:68), City=北海 (ID:7), Reason=Order Completion
[Sun Jun 22 03:30:56 2025] ORDER_DELETED: Person=毋丘俭 (ID:68), Order=招商 (ID:2), City=北海 (ID:7)
[Sun Jun 22 03:30:56 2025] ORDER_EXECUTED: Person=满宠 (ID:26), Order=开垦 (ID:1), City=天水 (ID:8)
[Sun Jun 22 03:30:56 2025] PERSON_RETURNED: Person=满宠 (ID:26), City=天水 (ID:8), Reason=Order Completion
[Sun Jun 22 03:30:56 2025] ORDER_DELETED: Person=满宠 (ID:26), Order=开垦 (ID:1), City=天水 (ID:8)
[Sun Jun 22 03:30:56 2025] ORDER_EXECUTED: Person=张卫 (ID:58), Order=开垦 (ID:1), City=天水 (ID:8)
[Sun Jun 22 03:30:56 2025] PERSON_RETURNED: Person=张卫 (ID:58), City=天水 (ID:8), Reason=Order Completion
[Sun Jun 22 03:30:56 2025] ORDER_DELETED: Person=张卫 (ID:58), Order=开垦 (ID:1), City=天水 (ID:8)
[Sun Jun 22 03:30:56 2025] ORDER_EXECUTED: Person=夏侯德 (ID:8), Order=出巡 (ID:5), City=河内 (ID:9)
[Sun Jun 22 03:30:56 2025] PERSON_RETURNED: Person=夏侯德 (ID:8), City=河内 (ID:9), Reason=Order Completion
[Sun Jun 22 03:30:56 2025] ORDER_DELETED: Person=夏侯德 (ID:8), Order=出巡 (ID:5), City=河内 (ID:9)
[Sun Jun 22 03:30:56 2025] ORDER_EXECUTED: Person=曹洪 (ID:17), Order=出巡 (ID:5), City=河内 (ID:9)
[Sun Jun 22 03:30:56 2025] PERSON_RETURNED: Person=曹洪 (ID:17), City=河内 (ID:9), Reason=Order Completion
[Sun Jun 22 03:30:56 2025] ORDER_DELETED: Person=曹洪 (ID:17), Order=出巡 (ID:5), City=河内 (ID:9)
[Sun Jun 22 03:30:56 2025] ORDER_EXECUTED: Person=荀攸 (ID:22), Order=出巡 (ID:5), City=河内 (ID:9)
[Sun Jun 22 03:30:56 2025] PERSON_RETURNED: Person=荀攸 (ID:22), City=河内 (ID:9), Reason=Order Completion
[Sun Jun 22 03:30:56 2025] ORDER_DELETED: Person=荀攸 (ID:22), Order=出巡 (ID:5), City=河内 (ID:9)
[Sun Jun 22 03:30:56 2025] ORDER_EXECUTED: Person=刘晔 (ID:24), Order=出巡 (ID:5), City=河内 (ID:9)
[Sun Jun 22 03:30:56 2025] PERSON_RETURNED: Person=刘晔 (ID:24), City=河内 (ID:9), Reason=Order Completion
[Sun Jun 22 03:30:56 2025] ORDER_DELETED: Person=刘晔 (ID:24), Order=出巡 (ID:5), City=河内 (ID:9)
[Sun Jun 22 03:30:56 2025] ORDER_EXECUTED: Person=蒋干 (ID:32), Order=出巡 (ID:5), City=河内 (ID:9)
[Sun Jun 22 03:30:56 2025] PERSON_RETURNED: Person=蒋干 (ID:32), City=河内 (ID:9), Reason=Order Completion
[Sun Jun 22 03:30:56 2025] ORDER_DELETED: Person=蒋干 (ID:32), Order=出巡 (ID:5), City=河内 (ID:9)
[Sun Jun 22 03:30:56 2025] ORDER_EXECUTED: Person=蒯越 (ID:54), Order=出巡 (ID:5), City=河内 (ID:9)
[Sun Jun 22 03:30:56 2025] PERSON_RETURNED: Person=蒯越 (ID:54), City=河内 (ID:9), Reason=Order Completion
[Sun Jun 22 03:30:56 2025] ORDER_DELETED: Person=蒯越 (ID:54), Order=出巡 (ID:5), City=河内 (ID:9)
[Sun Jun 22 03:30:56 2025] ORDER_EXECUTED: Person=韩嵩 (ID:55), Order=出巡 (ID:5), City=河内 (ID:9)
[Sun Jun 22 03:30:56 2025] PERSON_RETURNED: Person=韩嵩 (ID:55), City=河内 (ID:9), Reason=Order Completion
[Sun Jun 22 03:30:56 2025] ORDER_DELETED: Person=韩嵩 (ID:55), Order=出巡 (ID:5), City=河内 (ID:9)
[Sun Jun 22 03:30:56 2025] ORDER_EXECUTED: Person=司马师 (ID:64), Order=出巡 (ID:5), City=河内 (ID:9)
[Sun Jun 22 03:30:56 2025] PERSON_RETURNED: Person=司马师 (ID:64), City=河内 (ID:9), Reason=Order Completion
[Sun Jun 22 03:30:56 2025] ORDER_DELETED: Person=司马师 (ID:64), Order=出巡 (ID:5), City=河内 (ID:9)
[Sun Jun 22 03:30:56 2025] ORDER_EXECUTED: Person=典满 (ID:69), Order=出巡 (ID:5), City=河内 (ID:9)
[Sun Jun 22 03:30:56 2025] PERSON_RETURNED: Person=典满 (ID:69), City=河内 (ID:9), Reason=Order Completion
[Sun Jun 22 03:30:56 2025] ORDER_DELETED: Person=典满 (ID:69), Order=出巡 (ID:5), City=河内 (ID:9)
[Sun Jun 22 03:30:56 2025] ORDER_EXECUTED: Person=郝昭 (ID:70), Order=出巡 (ID:5), City=河内 (ID:9)
[Sun Jun 22 03:30:56 2025] PERSON_RETURNED: Person=郝昭 (ID:70), City=河内 (ID:9), Reason=Order Completion
[Sun Jun 22 03:30:56 2025] ORDER_DELETED: Person=郝昭 (ID:70), Order=出巡 (ID:5), City=河内 (ID:9)
[Sun Jun 22 03:30:56 2025] ORDER_EXECUTED: Person=郭淮 (ID:31), Order=开垦 (ID:1), City= (ID:11)
[Sun Jun 22 03:30:56 2025] PERSON_RETURNED: Person=郭淮 (ID:31), City= (ID:11), Reason=Order Completion
[Sun Jun 22 03:30:56 2025] ORDER_DELETED: Person=郭淮 (ID:31), Order=开垦 (ID:1), City= (ID:11)
[Sun Jun 22 03:30:56 2025] ORDER_EXECUTED: Person=高览 (ID:34), Order=开垦 (ID:1), City= (ID:11)
[Sun Jun 22 03:30:56 2025] PERSON_RETURNED: Person=高览 (ID:34), City= (ID:11), Reason=Order Completion
[Sun Jun 22 03:30:56 2025] ORDER_DELETED: Person=高览 (ID:34), Order=开垦 (ID:1), City= (ID:11)
[Sun Jun 22 03:30:56 2025] ORDER_EXECUTED: Person=文聘 (ID:57), Order=开垦 (ID:1), City= (ID:11)
[Sun Jun 22 03:30:56 2025] PERSON_RETURNED: Person=文聘 (ID:57), City= (ID:11), Reason=Order Completion
[Sun Jun 22 03:30:56 2025] ORDER_DELETED: Person=文聘 (ID:57), Order=开垦 (ID:1), City= (ID:11)
[Sun Jun 22 03:30:56 2025] ORDER_EXECUTED: Person=陈登 (ID:42), Order=开垦 (ID:1), City=濮阳 (ID:12)
[Sun Jun 22 03:30:56 2025] PERSON_RETURNED: Person=陈登 (ID:42), City=濮阳 (ID:12), Reason=Order Completion
[Sun Jun 22 03:30:56 2025] ORDER_DELETED: Person=陈登 (ID:42), Order=开垦 (ID:1), City=濮阳 (ID:12)
[Sun Jun 22 03:30:56 2025] ORDER_EXECUTED: Person=董昭 (ID:56), Order=开垦 (ID:1), City=濮阳 (ID:12)
[Sun Jun 22 03:30:56 2025] PERSON_RETURNED: Person=董昭 (ID:56), City=濮阳 (ID:12), Reason=Order Completion
[Sun Jun 22 03:30:56 2025] ORDER_DELETED: Person=董昭 (ID:56), Order=开垦 (ID:1), City=濮阳 (ID:12)
[Sun Jun 22 03:30:56 2025] ORDER_EXECUTED: Person=程昱 (ID:23), Order=开垦 (ID:1), City=徐州 (ID:13)
[Sun Jun 22 03:30:56 2025] PERSON_RETURNED: Person=程昱 (ID:23), City=徐州 (ID:13), Reason=Order Completion
[Sun Jun 22 03:30:56 2025] ORDER_DELETED: Person=程昱 (ID:23), Order=开垦 (ID:1), City=徐州 (ID:13)
[Sun Jun 22 03:30:56 2025] ORDER_EXECUTED: Person=张南 (ID:37), Order=开垦 (ID:1), City=徐州 (ID:13)
[Sun Jun 22 03:30:56 2025] PERSON_RETURNED: Person=张南 (ID:37), City=徐州 (ID:13), Reason=Order Completion
[Sun Jun 22 03:30:56 2025] ORDER_DELETED: Person=张南 (ID:37), Order=开垦 (ID:1), City=徐州 (ID:13)
[Sun Jun 22 03:30:56 2025] ORDER_EXECUTED: Person=王修 (ID:39), Order=开垦 (ID:1), City=徐州 (ID:13)
[Sun Jun 22 03:30:56 2025] PERSON_RETURNED: Person=王修 (ID:39), City=徐州 (ID:13), Reason=Order Completion
[Sun Jun 22 03:30:56 2025] ORDER_DELETED: Person=王修 (ID:39), Order=开垦 (ID:1), City=徐州 (ID:13)
[Sun Jun 22 03:30:56 2025] ORDER_EXECUTED: Person=曹豹 (ID:43), Order=开垦 (ID:1), City=徐州 (ID:13)
[Sun Jun 22 03:30:56 2025] PERSON_RETURNED: Person=曹豹 (ID:43), City=徐州 (ID:13), Reason=Order Completion
[Sun Jun 22 03:30:56 2025] ORDER_DELETED: Person=曹豹 (ID:43), Order=开垦 (ID:1), City=徐州 (ID:13)
[Sun Jun 22 03:30:56 2025] ORDER_EXECUTED: Person=杨任 (ID:60), Order=招商 (ID:2), City=徐州 (ID:13)
[Sun Jun 22 03:30:56 2025] PERSON_RETURNED: Person=杨任 (ID:60), City=徐州 (ID:13), Reason=Order Completion
[Sun Jun 22 03:30:56 2025] ORDER_DELETED: Person=杨任 (ID:60), Order=招商 (ID:2), City=徐州 (ID:13)
[Sun Jun 22 03:30:56 2025] ORDER_EXECUTED: Person=曹仁 (ID:18), Order=出巡 (ID:5), City=洛阳 (ID:15)
[Sun Jun 22 03:30:56 2025] PERSON_RETURNED: Person=曹仁 (ID:18), City=洛阳 (ID:15), Reason=Order Completion
[Sun Jun 22 03:30:56 2025] ORDER_DELETED: Person=曹仁 (ID:18), Order=出巡 (ID:5), City=洛阳 (ID:15)
[Sun Jun 22 03:30:56 2025] ORDER_EXECUTED: Person=牛金 (ID:19), Order=出巡 (ID:5), City=洛阳 (ID:15)
[Sun Jun 22 03:30:56 2025] PERSON_RETURNED: Person=牛金 (ID:19), City=洛阳 (ID:15), Reason=Order Completion
[Sun Jun 22 03:30:56 2025] ORDER_DELETED: Person=牛金 (ID:19), Order=出巡 (ID:5), City=洛阳 (ID:15)
[Sun Jun 22 03:30:56 2025] ORDER_EXECUTED: Person=高干 (ID:35), Order=出巡 (ID:5), City=洛阳 (ID:15)
[Sun Jun 22 03:30:56 2025] PERSON_RETURNED: Person=高干 (ID:35), City=洛阳 (ID:15), Reason=Order Completion
[Sun Jun 22 03:30:56 2025] ORDER_DELETED: Person=高干 (ID:35), Order=出巡 (ID:5), City=洛阳 (ID:15)
[Sun Jun 22 03:30:56 2025] ORDER_EXECUTED: Person=王双 (ID:46), Order=出巡 (ID:5), City=洛阳 (ID:15)
[Sun Jun 22 03:30:56 2025] PERSON_RETURNED: Person=王双 (ID:46), City=洛阳 (ID:15), Reason=Order Completion
[Sun Jun 22 03:30:56 2025] ORDER_DELETED: Person=王双 (ID:46), Order=出巡 (ID:5), City=洛阳 (ID:15)
[Sun Jun 22 03:30:56 2025] ORDER_EXECUTED: Person=侯成 (ID:47), Order=出巡 (ID:5), City=洛阳 (ID:15)
[Sun Jun 22 03:30:56 2025] PERSON_RETURNED: Person=侯成 (ID:47), City=洛阳 (ID:15), Reason=Order Completion
[Sun Jun 22 03:30:56 2025] ORDER_DELETED: Person=侯成 (ID:47), Order=出巡 (ID:5), City=洛阳 (ID:15)
[Sun Jun 22 03:30:56 2025] ORDER_EXECUTED: Person=王威 (ID:66), Order=出巡 (ID:5), City=洛阳 (ID:15)
[Sun Jun 22 03:30:56 2025] PERSON_RETURNED: Person=王威 (ID:66), City=洛阳 (ID:15), Reason=Order Completion
[Sun Jun 22 03:30:56 2025] ORDER_DELETED: Person=王威 (ID:66), Order=出巡 (ID:5), City=洛阳 (ID:15)
[Sun Jun 22 03:30:56 2025] ORDER_EXECUTED: Person=曹丕 (ID:0), Order=开垦 (ID:1), City=许昌 (ID:16)
[Sun Jun 22 03:30:56 2025] PERSON_RETURNED: Person=曹丕 (ID:0), City=许昌 (ID:16), Reason=Order Completion
[Sun Jun 22 03:30:56 2025] ORDER_DELETED: Person=曹丕 (ID:0), Order=开垦 (ID:1), City=许昌 (ID:16)
[Sun Jun 22 03:30:56 2025] ORDER_EXECUTED: Person=辛毗 (ID:40), Order=治理 (ID:4), City=许昌 (ID:16)
[Sun Jun 22 03:30:56 2025] PERSON_RETURNED: Person=辛毗 (ID:40), City=许昌 (ID:16), Reason=Order Completion
[Sun Jun 22 03:30:56 2025] ORDER_DELETED: Person=辛毗 (ID:40), Order=治理 (ID:4), City=许昌 (ID:16)
[Sun Jun 22 03:30:56 2025] ORDER_EXECUTED: Person=王平 (ID:71), Order=出巡 (ID:5), City=许昌 (ID:16)
[Sun Jun 22 03:30:56 2025] PERSON_RETURNED: Person=王平 (ID:71), City=许昌 (ID:16), Reason=Order Completion
[Sun Jun 22 03:30:56 2025] ORDER_DELETED: Person=王平 (ID:71), Order=出巡 (ID:5), City=许昌 (ID:16)
[Sun Jun 22 03:30:56 2025] ORDER_EXECUTED: Person=曹休 (ID:20), Order=开垦 (ID:1), City=宛城 (ID:20)
[Sun Jun 22 03:30:56 2025] PERSON_RETURNED: Person=曹休 (ID:20), City=宛城 (ID:20), Reason=Order Completion
[Sun Jun 22 03:30:56 2025] ORDER_DELETED: Person=曹休 (ID:20), Order=开垦 (ID:1), City=宛城 (ID:20)
[Sun Jun 22 03:30:56 2025] ORDER_EXECUTED: Person=臧霸 (ID:44), Order=招商 (ID:2), City=宛城 (ID:20)
[Sun Jun 22 03:30:56 2025] PERSON_RETURNED: Person=臧霸 (ID:44), City=宛城 (ID:20), Reason=Order Completion
[Sun Jun 22 03:30:56 2025] ORDER_DELETED: Person=臧霸 (ID:44), Order=招商 (ID:2), City=宛城 (ID:20)
[Sun Jun 22 03:30:56 2025] ORDER_EXECUTED: Person=魏续 (ID:45), Order=招商 (ID:2), City=宛城 (ID:20)
[Sun Jun 22 03:30:56 2025] PERSON_RETURNED: Person=魏续 (ID:45), City=宛城 (ID:20), Reason=Order Completion
[Sun Jun 22 03:30:56 2025] ORDER_DELETED: Person=魏续 (ID:45), Order=招商 (ID:2), City=宛城 (ID:20)
[Sun Jun 22 03:30:56 2025] ORDER_EXECUTED: Person=王粲 (ID:50), Order=招商 (ID:2), City=宛城 (ID:20)
[Sun Jun 22 03:30:56 2025] PERSON_RETURNED: Person=王粲 (ID:50), City=宛城 (ID:20), Reason=Order Completion
[Sun Jun 22 03:30:56 2025] ORDER_DELETED: Person=王粲 (ID:50), Order=招商 (ID:2), City=宛城 (ID:20)
[Sun Jun 22 03:30:56 2025] ORDER_EXECUTED: Person=张绣 (ID:52), Order=招商 (ID:2), City=宛城 (ID:20)
[Sun Jun 22 03:30:56 2025] PERSON_RETURNED: Person=张绣 (ID:52), City=宛城 (ID:20), Reason=Order Completion
[Sun Jun 22 03:30:56 2025] ORDER_DELETED: Person=张绣 (ID:52), Order=招商 (ID:2), City=宛城 (ID:20)
[Sun Jun 22 03:30:56 2025] ORDER_EXECUTED: Person=乐进 (ID:16), Order=开垦 (ID:1), City=寿春 (ID:21)
[Sun Jun 22 03:30:56 2025] PERSON_RETURNED: Person=乐进 (ID:16), City=寿春 (ID:21), Reason=Order Completion
[Sun Jun 22 03:30:56 2025] ORDER_DELETED: Person=乐进 (ID:16), Order=开垦 (ID:1), City=寿春 (ID:21)
[Sun Jun 22 03:30:56 2025] ORDER_EXECUTED: Person=徐晃 (ID:30), Order=开垦 (ID:1), City=寿春 (ID:21)
[Sun Jun 22 03:30:56 2025] PERSON_RETURNED: Person=徐晃 (ID:30), City=寿春 (ID:21), Reason=Order Completion
[Sun Jun 22 03:30:56 2025] ORDER_DELETED: Person=徐晃 (ID:30), Order=开垦 (ID:1), City=寿春 (ID:21)
[Sun Jun 22 03:30:56 2025] ORDER_EXECUTED: Person=高顺 (ID:48), Order=开垦 (ID:1), City=寿春 (ID:21)
[Sun Jun 22 03:30:56 2025] PERSON_RETURNED: Person=高顺 (ID:48), City=寿春 (ID:21), Reason=Order Completion
[Sun Jun 22 03:30:56 2025] ORDER_DELETED: Person=高顺 (ID:48), Order=开垦 (ID:1), City=寿春 (ID:21)
[Sun Jun 22 03:30:56 2025] ORDER_EXECUTED: Person=文钦 (ID:67), Order=开垦 (ID:1), City=寿春 (ID:21)
[Sun Jun 22 03:30:56 2025] PERSON_RETURNED: Person=文钦 (ID:67), City=寿春 (ID:21), Reason=Order Completion
[Sun Jun 22 03:30:56 2025] ORDER_DELETED: Person=文钦 (ID:67), Order=开垦 (ID:1), City=寿春 (ID:21)
[Sun Jun 22 03:30:59 2025] GAME_TURN: Year=248, Month=5
[Sun Jun 22 03:31:04 2025] ORDER_TYPE_TEST_START: OrderType comparison test
[Sun Jun 22 03:31:04 2025] ORDER_TYPE_SIZE_COMPARISON: sizeof(OrderType)=12 sizeof(OrderTypeNew)=12
[Sun Jun 22 03:31:04 2025] ORDER_TYPE_TEST_RESULT: SUCCESS: All 100 orders match perfectly
[Sun Jun 22 03:31:04 2025] ORDER_TYPE_TEST_END: OrderType comparison test completed
[Sun Jun 22 03:31:05 2025] ORDER_CREATED: Person=李典 (ID:14), Order=开垦 (ID:1), City=北平 (ID:1)
[Sun Jun 22 03:31:05 2025] PERSON_REMOVED: Person=李典 (ID:14), City=北平 (ID:1), Reason=Order Assignment
[Sun Jun 22 03:31:05 2025] ORDER_CREATED: Person=钟繇 (ID:49), Order=开垦 (ID:1), City=北平 (ID:1)
[Sun Jun 22 03:31:05 2025] PERSON_REMOVED: Person=钟繇 (ID:49), City=北平 (ID:1), Reason=Order Assignment
[Sun Jun 22 03:31:05 2025] ORDER_CREATED: Person=司马昭 (ID:65), Order=开垦 (ID:1), City=北平 (ID:1)
[Sun Jun 22 03:31:05 2025] PERSON_REMOVED: Person=司马昭 (ID:65), City=北平 (ID:1), Reason=Order Assignment
[Sun Jun 22 03:31:05 2025] COMPUTER_TACTIC: City=襄平 (ID:2), Tactic=Diplomatism
[Sun Jun 22 03:31:05 2025] ORDER_CREATED: Person=崔琰 (ID:29), Order=招商 (ID:2), City=晋阳 (ID:4)
[Sun Jun 22 03:31:05 2025] PERSON_REMOVED: Person=崔琰 (ID:29), City=晋阳 (ID:4), Reason=Order Assignment
[Sun Jun 22 03:31:05 2025] ORDER_CREATED: Person=ConversionError (ID:33), Order=招商 (ID:2), City=晋阳 (ID:4)
[Sun Jun 22 03:31:05 2025] PERSON_REMOVED: Person=ConversionError (ID:33), City=晋阳 (ID:4), Reason=Order Assignment
[Sun Jun 22 03:31:05 2025] ORDER_CREATED: Person=阎圃 (ID:61), Order=招商 (ID:2), City=晋阳 (ID:4)
[Sun Jun 22 03:31:05 2025] PERSON_REMOVED: Person=阎圃 (ID:61), City=晋阳 (ID:4), Reason=Order Assignment
[Sun Jun 22 03:31:05 2025] ORDER_CREATED: Person=夏侯尚 (ID:7), Order=出巡 (ID:5), City=平原 (ID:5)
[Sun Jun 22 03:31:05 2025] PERSON_REMOVED: Person=夏侯尚 (ID:7), City=平原 (ID:5), Reason=Order Assignment
[Sun Jun 22 03:31:05 2025] ORDER_CREATED: Person=杨松 (ID:59), Order=出巡 (ID:5), City=平原 (ID:5)
[Sun Jun 22 03:31:05 2025] PERSON_REMOVED: Person=杨松 (ID:59), City=平原 (ID:5), Reason=Order Assignment
[Sun Jun 22 03:31:05 2025] ORDER_CREATED: Person=孟达 (ID:62), Order=出巡 (ID:5), City=平原 (ID:5)
[Sun Jun 22 03:31:05 2025] PERSON_REMOVED: Person=孟达 (ID:62), City=平原 (ID:5), Reason=Order Assignment
[Sun Jun 22 03:31:05 2025] ORDER_CREATED: Person=徐庶 (ID:5), Order=开垦 (ID:1), City=南皮 (ID:6)
[Sun Jun 22 03:31:05 2025] PERSON_REMOVED: Person=徐庶 (ID:5), City=南皮 (ID:6), Reason=Order Assignment
[Sun Jun 22 03:31:05 2025] ORDER_CREATED: Person=于禁 (ID:21), Order=开垦 (ID:1), City=南皮 (ID:6)
[Sun Jun 22 03:31:05 2025] PERSON_REMOVED: Person=于禁 (ID:21), City=南皮 (ID:6), Reason=Order Assignment
[Sun Jun 22 03:31:05 2025] ORDER_CREATED: Person=博士仁 (ID:36), Order=开垦 (ID:1), City=南皮 (ID:6)
[Sun Jun 22 03:31:05 2025] PERSON_REMOVED: Person=博士仁 (ID:36), City=南皮 (ID:6), Reason=Order Assignment
[Sun Jun 22 03:31:05 2025] ORDER_CREATED: Person=马延 (ID:51), Order=开垦 (ID:1), City=南皮 (ID:6)
[Sun Jun 22 03:31:05 2025] PERSON_REMOVED: Person=马延 (ID:51), City=南皮 (ID:6), Reason=Order Assignment
[Sun Jun 22 03:31:05 2025] ORDER_CREATED: Person=司马懿 (ID:63), Order=开垦 (ID:1), City=南皮 (ID:6)
[Sun Jun 22 03:31:05 2025] PERSON_REMOVED: Person=司马懿 (ID:63), City=南皮 (ID:6), Reason=Order Assignment
[Sun Jun 22 03:31:05 2025] ORDER_CREATED: Person=杨龄 (ID:6), Order=招商 (ID:2), City=北海 (ID:7)
[Sun Jun 22 03:31:05 2025] PERSON_REMOVED: Person=杨龄 (ID:6), City=北海 (ID:7), Reason=Order Assignment
[Sun Jun 22 03:31:05 2025] ORDER_CREATED: Person=曹植 (ID:12), Order=招商 (ID:2), City=北海 (ID:7)
[Sun Jun 22 03:31:05 2025] PERSON_REMOVED: Person=曹植 (ID:12), City=北海 (ID:7), Reason=Order Assignment
[Sun Jun 22 03:31:05 2025] ORDER_CREATED: Person=陈群 (ID:25), Order=招商 (ID:2), City=北海 (ID:7)
[Sun Jun 22 03:31:05 2025] PERSON_REMOVED: Person=陈群 (ID:25), City=北海 (ID:7), Reason=Order Assignment
[Sun Jun 22 03:31:05 2025] ORDER_CREATED: Person=ConversionError (ID:27), Order=招商 (ID:2), City=北海 (ID:7)
[Sun Jun 22 03:31:05 2025] PERSON_REMOVED: Person=ConversionError (ID:27), City=北海 (ID:7), Reason=Order Assignment
[Sun Jun 22 03:31:05 2025] ORDER_CREATED: Person=许褚 (ID:28), Order=招商 (ID:2), City=北海 (ID:7)
[Sun Jun 22 03:31:05 2025] PERSON_REMOVED: Person=许褚 (ID:28), City=北海 (ID:7), Reason=Order Assignment
[Sun Jun 22 03:31:05 2025] ORDER_CREATED: Person=毋丘俭 (ID:68), Order=招商 (ID:2), City=北海 (ID:7)
[Sun Jun 22 03:31:05 2025] PERSON_REMOVED: Person=毋丘俭 (ID:68), City=北海 (ID:7), Reason=Order Assignment
[Sun Jun 22 03:31:05 2025] ORDER_CREATED: Person=满宠 (ID:26), Order=开垦 (ID:1), City=天水 (ID:8)
[Sun Jun 22 03:31:05 2025] PERSON_REMOVED: Person=满宠 (ID:26), City=天水 (ID:8), Reason=Order Assignment
[Sun Jun 22 03:31:05 2025] ORDER_CREATED: Person=张卫 (ID:58), Order=开垦 (ID:1), City=天水 (ID:8)
[Sun Jun 22 03:31:05 2025] PERSON_REMOVED: Person=张卫 (ID:58), City=天水 (ID:8), Reason=Order Assignment
[Sun Jun 22 03:31:05 2025] ORDER_CREATED: Person=夏侯德 (ID:8), Order=出巡 (ID:5), City=河内 (ID:9)
[Sun Jun 22 03:31:05 2025] PERSON_REMOVED: Person=夏侯德 (ID:8), City=河内 (ID:9), Reason=Order Assignment
[Sun Jun 22 03:31:05 2025] ORDER_CREATED: Person=曹洪 (ID:17), Order=出巡 (ID:5), City=河内 (ID:9)
[Sun Jun 22 03:31:05 2025] PERSON_REMOVED: Person=曹洪 (ID:17), City=河内 (ID:9), Reason=Order Assignment
[Sun Jun 22 03:31:05 2025] ORDER_CREATED: Person=荀攸 (ID:22), Order=出巡 (ID:5), City=河内 (ID:9)
[Sun Jun 22 03:31:05 2025] PERSON_REMOVED: Person=荀攸 (ID:22), City=河内 (ID:9), Reason=Order Assignment
[Sun Jun 22 03:31:05 2025] ORDER_CREATED: Person=刘晔 (ID:24), Order=出巡 (ID:5), City=河内 (ID:9)
[Sun Jun 22 03:31:05 2025] PERSON_REMOVED: Person=刘晔 (ID:24), City=河内 (ID:9), Reason=Order Assignment
[Sun Jun 22 03:31:05 2025] ORDER_CREATED: Person=蒋干 (ID:32), Order=出巡 (ID:5), City=河内 (ID:9)
[Sun Jun 22 03:31:05 2025] PERSON_REMOVED: Person=蒋干 (ID:32), City=河内 (ID:9), Reason=Order Assignment
[Sun Jun 22 03:31:05 2025] ORDER_CREATED: Person=蒯越 (ID:54), Order=出巡 (ID:5), City=河内 (ID:9)
[Sun Jun 22 03:31:05 2025] PERSON_REMOVED: Person=蒯越 (ID:54), City=河内 (ID:9), Reason=Order Assignment
[Sun Jun 22 03:31:05 2025] ORDER_CREATED: Person=韩嵩 (ID:55), Order=出巡 (ID:5), City=河内 (ID:9)
[Sun Jun 22 03:31:05 2025] PERSON_REMOVED: Person=韩嵩 (ID:55), City=河内 (ID:9), Reason=Order Assignment
[Sun Jun 22 03:31:05 2025] ORDER_CREATED: Person=司马师 (ID:64), Order=出巡 (ID:5), City=河内 (ID:9)
[Sun Jun 22 03:31:05 2025] PERSON_REMOVED: Person=司马师 (ID:64), City=河内 (ID:9), Reason=Order Assignment
[Sun Jun 22 03:31:05 2025] ORDER_CREATED: Person=典满 (ID:69), Order=出巡 (ID:5), City=河内 (ID:9)
[Sun Jun 22 03:31:05 2025] PERSON_REMOVED: Person=典满 (ID:69), City=河内 (ID:9), Reason=Order Assignment
[Sun Jun 22 03:31:05 2025] ORDER_CREATED: Person=郝昭 (ID:70), Order=出巡 (ID:5), City=河内 (ID:9)
[Sun Jun 22 03:31:05 2025] PERSON_REMOVED: Person=郝昭 (ID:70), City=河内 (ID:9), Reason=Order Assignment
[Sun Jun 22 03:31:05 2025] ORDER_CREATED: Person=夏侯霸 (ID:9), Order=招揽 (ID:16), City=长安 (ID:10), Target=Person ID 78 (ID:78)
[Sun Jun 22 03:31:05 2025] PERSON_REMOVED: Person=夏侯霸 (ID:9), City=长安 (ID:10), Reason=Order Assignment
[Sun Jun 22 03:31:05 2025] ORDER_CREATED: Person=曹彰 (ID:10), Order=招揽 (ID:16), City=长安 (ID:10), Target=Person ID 127 (ID:127)
[Sun Jun 22 03:31:05 2025] PERSON_REMOVED: Person=曹彰 (ID:10), City=长安 (ID:10), Reason=Order Assignment
[Sun Jun 22 03:31:05 2025] ORDER_CREATED: Person=曹真 (ID:11), Order=招揽 (ID:16), City=长安 (ID:10), Target=Person ID 134 (ID:134)
[Sun Jun 22 03:31:05 2025] PERSON_REMOVED: Person=曹真 (ID:11), City=长安 (ID:10), Reason=Order Assignment
[Sun Jun 22 03:31:05 2025] ORDER_CREATED: Person=张燕 (ID:38), Order=招揽 (ID:16), City=长安 (ID:10), Target=Person ID 78 (ID:78)
[Sun Jun 22 03:31:05 2025] PERSON_REMOVED: Person=张燕 (ID:38), City=长安 (ID:10), Reason=Order Assignment
[Sun Jun 22 03:31:05 2025] ORDER_CREATED: Person=陈琳 (ID:41), Order=招揽 (ID:16), City=长安 (ID:10), Target=Person ID 66 (ID:66)
[Sun Jun 22 03:31:05 2025] PERSON_REMOVED: Person=陈琳 (ID:41), City=长安 (ID:10), Reason=Order Assignment
[Sun Jun 22 03:31:05 2025] ORDER_CREATED: Person=贾诩 (ID:53), Order=招揽 (ID:16), City=长安 (ID:10), Target=Person ID 149 (ID:149)
[Sun Jun 22 03:31:05 2025] PERSON_REMOVED: Person=贾诩 (ID:53), City=长安 (ID:10), Reason=Order Assignment
[Sun Jun 22 03:31:05 2025] COMPUTER_TACTIC: City=长安 (ID:10), Tactic=AI_Diplomatism
[Sun Jun 22 03:31:05 2025] ORDER_CREATED: Person=郭淮 (ID:31), Order=开垦 (ID:1), City= (ID:11)
[Sun Jun 22 03:31:05 2025] PERSON_REMOVED: Person=郭淮 (ID:31), City= (ID:11), Reason=Order Assignment
[Sun Jun 22 03:31:05 2025] ORDER_CREATED: Person=高览 (ID:34), Order=开垦 (ID:1), City= (ID:11)
[Sun Jun 22 03:31:05 2025] PERSON_REMOVED: Person=高览 (ID:34), City= (ID:11), Reason=Order Assignment
[Sun Jun 22 03:31:05 2025] ORDER_CREATED: Person=文聘 (ID:57), Order=开垦 (ID:1), City= (ID:11)
[Sun Jun 22 03:31:05 2025] PERSON_REMOVED: Person=文聘 (ID:57), City= (ID:11), Reason=Order Assignment
[Sun Jun 22 03:31:05 2025] ORDER_CREATED: Person=陈登 (ID:42), Order=开垦 (ID:1), City=濮阳 (ID:12)
[Sun Jun 22 03:31:05 2025] PERSON_REMOVED: Person=陈登 (ID:42), City=濮阳 (ID:12), Reason=Order Assignment
[Sun Jun 22 03:31:05 2025] ORDER_CREATED: Person=董昭 (ID:56), Order=开垦 (ID:1), City=濮阳 (ID:12)
[Sun Jun 22 03:31:05 2025] PERSON_REMOVED: Person=董昭 (ID:56), City=濮阳 (ID:12), Reason=Order Assignment
[Sun Jun 22 03:31:05 2025] ORDER_CREATED: Person=程昱 (ID:23), Order=招商 (ID:2), City=徐州 (ID:13)
[Sun Jun 22 03:31:05 2025] PERSON_REMOVED: Person=程昱 (ID:23), City=徐州 (ID:13), Reason=Order Assignment
[Sun Jun 22 03:31:05 2025] ORDER_CREATED: Person=张南 (ID:37), Order=招商 (ID:2), City=徐州 (ID:13)
[Sun Jun 22 03:31:05 2025] PERSON_REMOVED: Person=张南 (ID:37), City=徐州 (ID:13), Reason=Order Assignment
[Sun Jun 22 03:31:05 2025] ORDER_CREATED: Person=王修 (ID:39), Order=招商 (ID:2), City=徐州 (ID:13)
[Sun Jun 22 03:31:05 2025] PERSON_REMOVED: Person=王修 (ID:39), City=徐州 (ID:13), Reason=Order Assignment
[Sun Jun 22 03:31:05 2025] ORDER_CREATED: Person=曹豹 (ID:43), Order=招商 (ID:2), City=徐州 (ID:13)
[Sun Jun 22 03:31:05 2025] PERSON_REMOVED: Person=曹豹 (ID:43), City=徐州 (ID:13), Reason=Order Assignment
[Sun Jun 22 03:31:05 2025] ORDER_CREATED: Person=杨任 (ID:60), Order=招商 (ID:2), City=徐州 (ID:13)
[Sun Jun 22 03:31:05 2025] PERSON_REMOVED: Person=杨任 (ID:60), City=徐州 (ID:13), Reason=Order Assignment
[Sun Jun 22 03:31:05 2025] COMPUTER_TACTIC: City=汉中 (ID:14), Tactic=Diplomatism
[Sun Jun 22 03:31:05 2025] ORDER_CREATED: Person=曹仁 (ID:18), Order=出巡 (ID:5), City=洛阳 (ID:15)
[Sun Jun 22 03:31:05 2025] PERSON_REMOVED: Person=曹仁 (ID:18), City=洛阳 (ID:15), Reason=Order Assignment
[Sun Jun 22 03:31:05 2025] ORDER_CREATED: Person=牛金 (ID:19), Order=出巡 (ID:5), City=洛阳 (ID:15)
[Sun Jun 22 03:31:05 2025] PERSON_REMOVED: Person=牛金 (ID:19), City=洛阳 (ID:15), Reason=Order Assignment
[Sun Jun 22 03:31:05 2025] ORDER_CREATED: Person=高干 (ID:35), Order=出巡 (ID:5), City=洛阳 (ID:15)
[Sun Jun 22 03:31:05 2025] PERSON_REMOVED: Person=高干 (ID:35), City=洛阳 (ID:15), Reason=Order Assignment
[Sun Jun 22 03:31:05 2025] ORDER_CREATED: Person=王双 (ID:46), Order=出巡 (ID:5), City=洛阳 (ID:15)
[Sun Jun 22 03:31:05 2025] PERSON_REMOVED: Person=王双 (ID:46), City=洛阳 (ID:15), Reason=Order Assignment
[Sun Jun 22 03:31:05 2025] ORDER_CREATED: Person=侯成 (ID:47), Order=出巡 (ID:5), City=洛阳 (ID:15)
[Sun Jun 22 03:31:05 2025] PERSON_REMOVED: Person=侯成 (ID:47), City=洛阳 (ID:15), Reason=Order Assignment
[Sun Jun 22 03:31:05 2025] ORDER_CREATED: Person=王威 (ID:66), Order=出巡 (ID:5), City=洛阳 (ID:15)
[Sun Jun 22 03:31:05 2025] PERSON_REMOVED: Person=王威 (ID:66), City=洛阳 (ID:15), Reason=Order Assignment
[Sun Jun 22 03:31:05 2025] ORDER_CREATED: Person=曹休 (ID:20), Order=招商 (ID:2), City=宛城 (ID:20)
[Sun Jun 22 03:31:05 2025] PERSON_REMOVED: Person=曹休 (ID:20), City=宛城 (ID:20), Reason=Order Assignment
[Sun Jun 22 03:31:05 2025] ORDER_CREATED: Person=臧霸 (ID:44), Order=招商 (ID:2), City=宛城 (ID:20)
[Sun Jun 22 03:31:05 2025] PERSON_REMOVED: Person=臧霸 (ID:44), City=宛城 (ID:20), Reason=Order Assignment
[Sun Jun 22 03:31:05 2025] ORDER_CREATED: Person=魏续 (ID:45), Order=招商 (ID:2), City=宛城 (ID:20)
[Sun Jun 22 03:31:05 2025] PERSON_REMOVED: Person=魏续 (ID:45), City=宛城 (ID:20), Reason=Order Assignment
[Sun Jun 22 03:31:05 2025] ORDER_CREATED: Person=王粲 (ID:50), Order=招商 (ID:2), City=宛城 (ID:20)
[Sun Jun 22 03:31:05 2025] PERSON_REMOVED: Person=王粲 (ID:50), City=宛城 (ID:20), Reason=Order Assignment
[Sun Jun 22 03:31:05 2025] ORDER_CREATED: Person=张绣 (ID:52), Order=招商 (ID:2), City=宛城 (ID:20)
[Sun Jun 22 03:31:05 2025] PERSON_REMOVED: Person=张绣 (ID:52), City=宛城 (ID:20), Reason=Order Assignment
[Sun Jun 22 03:31:05 2025] ORDER_CREATED: Person=乐进 (ID:16), Order=招商 (ID:2), City=寿春 (ID:21)
[Sun Jun 22 03:31:05 2025] PERSON_REMOVED: Person=乐进 (ID:16), City=寿春 (ID:21), Reason=Order Assignment
[Sun Jun 22 03:31:05 2025] ORDER_CREATED: Person=徐晃 (ID:30), Order=招商 (ID:2), City=寿春 (ID:21)
[Sun Jun 22 03:31:05 2025] PERSON_REMOVED: Person=徐晃 (ID:30), City=寿春 (ID:21), Reason=Order Assignment
[Sun Jun 22 03:31:05 2025] ORDER_CREATED: Person=高顺 (ID:48), Order=招商 (ID:2), City=寿春 (ID:21)
[Sun Jun 22 03:31:05 2025] PERSON_REMOVED: Person=高顺 (ID:48), City=寿春 (ID:21), Reason=Order Assignment
[Sun Jun 22 03:31:05 2025] ORDER_CREATED: Person=文钦 (ID:67), Order=招商 (ID:2), City=寿春 (ID:21)
[Sun Jun 22 03:31:05 2025] PERSON_REMOVED: Person=文钦 (ID:67), City=寿春 (ID:21), Reason=Order Assignment
[Sun Jun 22 03:31:05 2025] COMPUTER_TACTIC: City=建业 (ID:22), Tactic=Armament
[Sun Jun 22 03:31:05 2025] COMPUTER_TACTIC: City= (ID:23), Tactic=Armament
[Sun Jun 22 03:31:05 2025] COMPUTER_TACTIC: City=成都 (ID:24), Tactic=Diplomatism
[Sun Jun 22 03:31:05 2025] COMPUTER_TACTIC: City=襄阳 (ID:26), Tactic=Armament
[Sun Jun 22 03:31:05 2025] COMPUTER_TACTIC: City=江夏 (ID:27), Tactic=Armament
[Sun Jun 22 03:31:05 2025] COMPUTER_TACTIC: City=庐江 (ID:28), Tactic=Armament
[Sun Jun 22 03:31:05 2025] COMPUTER_TACTIC: City=会稽 (ID:29), Tactic=Armament
[Sun Jun 22 03:31:05 2025] COMPUTER_TACTIC: City=云南 (ID:30), Tactic=Diplomatism
[Sun Jun 22 03:31:05 2025] COMPUTER_TACTIC: City=长沙 (ID:33), Tactic=Armament
[Sun Jun 22 03:31:05 2025] COMPUTER_TACTIC: City=柴桑 (ID:34), Tactic=Diplomatism
[Sun Jun 22 03:31:05 2025] COMPUTER_TACTIC: City=零陵 (ID:35), Tactic=Armament
[Sun Jun 22 03:31:05 2025] COMPUTER_TACTIC: City=桂阳 (ID:36), Tactic=Armament
[Sun Jun 22 03:31:05 2025] ORDER_EXECUTED: Person=李典 (ID:14), Order=开垦 (ID:1), City=北平 (ID:1)
[Sun Jun 22 03:31:05 2025] PERSON_RETURNED: Person=李典 (ID:14), City=北平 (ID:1), Reason=Order Completion
[Sun Jun 22 03:31:05 2025] ORDER_DELETED: Person=李典 (ID:14), Order=开垦 (ID:1), City=北平 (ID:1)
[Sun Jun 22 03:31:05 2025] ORDER_EXECUTED: Person=钟繇 (ID:49), Order=开垦 (ID:1), City=北平 (ID:1)
[Sun Jun 22 03:31:05 2025] PERSON_RETURNED: Person=钟繇 (ID:49), City=北平 (ID:1), Reason=Order Completion
[Sun Jun 22 03:31:05 2025] ORDER_DELETED: Person=钟繇 (ID:49), Order=开垦 (ID:1), City=北平 (ID:1)
[Sun Jun 22 03:31:05 2025] ORDER_EXECUTED: Person=司马昭 (ID:65), Order=开垦 (ID:1), City=北平 (ID:1)
[Sun Jun 22 03:31:05 2025] PERSON_RETURNED: Person=司马昭 (ID:65), City=北平 (ID:1), Reason=Order Completion
[Sun Jun 22 03:31:05 2025] ORDER_DELETED: Person=司马昭 (ID:65), Order=开垦 (ID:1), City=北平 (ID:1)
[Sun Jun 22 03:31:05 2025] ORDER_EXECUTED: Person=崔琰 (ID:29), Order=招商 (ID:2), City=晋阳 (ID:4)
[Sun Jun 22 03:31:05 2025] PERSON_RETURNED: Person=崔琰 (ID:29), City=晋阳 (ID:4), Reason=Order Completion
[Sun Jun 22 03:31:05 2025] ORDER_DELETED: Person=崔琰 (ID:29), Order=招商 (ID:2), City=晋阳 (ID:4)
[Sun Jun 22 03:31:05 2025] ORDER_EXECUTED: Person=ConversionError (ID:33), Order=招商 (ID:2), City=晋阳 (ID:4)
[Sun Jun 22 03:31:05 2025] PERSON_RETURNED: Person=ConversionError (ID:33), City=晋阳 (ID:4), Reason=Order Completion
[Sun Jun 22 03:31:05 2025] ORDER_DELETED: Person=ConversionError (ID:33), Order=招商 (ID:2), City=晋阳 (ID:4)
[Sun Jun 22 03:31:05 2025] ORDER_EXECUTED: Person=阎圃 (ID:61), Order=招商 (ID:2), City=晋阳 (ID:4)
[Sun Jun 22 03:31:05 2025] PERSON_RETURNED: Person=阎圃 (ID:61), City=晋阳 (ID:4), Reason=Order Completion
[Sun Jun 22 03:31:05 2025] ORDER_DELETED: Person=阎圃 (ID:61), Order=招商 (ID:2), City=晋阳 (ID:4)
[Sun Jun 22 03:31:05 2025] ORDER_EXECUTED: Person=夏侯尚 (ID:7), Order=出巡 (ID:5), City=平原 (ID:5)
[Sun Jun 22 03:31:05 2025] PERSON_RETURNED: Person=夏侯尚 (ID:7), City=平原 (ID:5), Reason=Order Completion
[Sun Jun 22 03:31:05 2025] ORDER_DELETED: Person=夏侯尚 (ID:7), Order=出巡 (ID:5), City=平原 (ID:5)
[Sun Jun 22 03:31:05 2025] ORDER_EXECUTED: Person=杨松 (ID:59), Order=出巡 (ID:5), City=平原 (ID:5)
[Sun Jun 22 03:31:05 2025] PERSON_RETURNED: Person=杨松 (ID:59), City=平原 (ID:5), Reason=Order Completion
[Sun Jun 22 03:31:05 2025] ORDER_DELETED: Person=杨松 (ID:59), Order=出巡 (ID:5), City=平原 (ID:5)
[Sun Jun 22 03:31:05 2025] ORDER_EXECUTED: Person=孟达 (ID:62), Order=出巡 (ID:5), City=平原 (ID:5)
[Sun Jun 22 03:31:05 2025] PERSON_RETURNED: Person=孟达 (ID:62), City=平原 (ID:5), Reason=Order Completion
[Sun Jun 22 03:31:05 2025] ORDER_DELETED: Person=孟达 (ID:62), Order=出巡 (ID:5), City=平原 (ID:5)
[Sun Jun 22 03:31:05 2025] ORDER_EXECUTED: Person=徐庶 (ID:5), Order=开垦 (ID:1), City=南皮 (ID:6)
[Sun Jun 22 03:31:05 2025] PERSON_RETURNED: Person=徐庶 (ID:5), City=南皮 (ID:6), Reason=Order Completion
[Sun Jun 22 03:31:05 2025] ORDER_DELETED: Person=徐庶 (ID:5), Order=开垦 (ID:1), City=南皮 (ID:6)
[Sun Jun 22 03:31:05 2025] ORDER_EXECUTED: Person=于禁 (ID:21), Order=开垦 (ID:1), City=南皮 (ID:6)
[Sun Jun 22 03:31:05 2025] PERSON_RETURNED: Person=于禁 (ID:21), City=南皮 (ID:6), Reason=Order Completion
[Sun Jun 22 03:31:05 2025] ORDER_DELETED: Person=于禁 (ID:21), Order=开垦 (ID:1), City=南皮 (ID:6)
[Sun Jun 22 03:31:05 2025] ORDER_EXECUTED: Person=博士仁 (ID:36), Order=开垦 (ID:1), City=南皮 (ID:6)
[Sun Jun 22 03:31:05 2025] PERSON_RETURNED: Person=博士仁 (ID:36), City=南皮 (ID:6), Reason=Order Completion
[Sun Jun 22 03:31:05 2025] ORDER_DELETED: Person=博士仁 (ID:36), Order=开垦 (ID:1), City=南皮 (ID:6)
[Sun Jun 22 03:31:05 2025] ORDER_EXECUTED: Person=马延 (ID:51), Order=开垦 (ID:1), City=南皮 (ID:6)
[Sun Jun 22 03:31:05 2025] PERSON_RETURNED: Person=马延 (ID:51), City=南皮 (ID:6), Reason=Order Completion
[Sun Jun 22 03:31:05 2025] ORDER_DELETED: Person=马延 (ID:51), Order=开垦 (ID:1), City=南皮 (ID:6)
[Sun Jun 22 03:31:05 2025] ORDER_EXECUTED: Person=司马懿 (ID:63), Order=开垦 (ID:1), City=南皮 (ID:6)
[Sun Jun 22 03:31:05 2025] PERSON_RETURNED: Person=司马懿 (ID:63), City=南皮 (ID:6), Reason=Order Completion
[Sun Jun 22 03:31:05 2025] ORDER_DELETED: Person=司马懿 (ID:63), Order=开垦 (ID:1), City=南皮 (ID:6)
[Sun Jun 22 03:31:05 2025] ORDER_EXECUTED: Person=杨龄 (ID:6), Order=招商 (ID:2), City=北海 (ID:7)
[Sun Jun 22 03:31:05 2025] PERSON_RETURNED: Person=杨龄 (ID:6), City=北海 (ID:7), Reason=Order Completion
[Sun Jun 22 03:31:05 2025] ORDER_DELETED: Person=杨龄 (ID:6), Order=招商 (ID:2), City=北海 (ID:7)
[Sun Jun 22 03:31:05 2025] ORDER_EXECUTED: Person=曹植 (ID:12), Order=招商 (ID:2), City=北海 (ID:7)
[Sun Jun 22 03:31:05 2025] PERSON_RETURNED: Person=曹植 (ID:12), City=北海 (ID:7), Reason=Order Completion
[Sun Jun 22 03:31:05 2025] ORDER_DELETED: Person=曹植 (ID:12), Order=招商 (ID:2), City=北海 (ID:7)
[Sun Jun 22 03:31:05 2025] ORDER_EXECUTED: Person=陈群 (ID:25), Order=招商 (ID:2), City=北海 (ID:7)
[Sun Jun 22 03:31:05 2025] PERSON_RETURNED: Person=陈群 (ID:25), City=北海 (ID:7), Reason=Order Completion
[Sun Jun 22 03:31:05 2025] ORDER_DELETED: Person=陈群 (ID:25), Order=招商 (ID:2), City=北海 (ID:7)
[Sun Jun 22 03:31:05 2025] ORDER_EXECUTED: Person=ConversionError (ID:27), Order=招商 (ID:2), City=北海 (ID:7)
[Sun Jun 22 03:31:05 2025] PERSON_RETURNED: Person=ConversionError (ID:27), City=北海 (ID:7), Reason=Order Completion
[Sun Jun 22 03:31:05 2025] ORDER_DELETED: Person=ConversionError (ID:27), Order=招商 (ID:2), City=北海 (ID:7)
[Sun Jun 22 03:31:05 2025] ORDER_EXECUTED: Person=许褚 (ID:28), Order=招商 (ID:2), City=北海 (ID:7)
[Sun Jun 22 03:31:05 2025] PERSON_RETURNED: Person=许褚 (ID:28), City=北海 (ID:7), Reason=Order Completion
[Sun Jun 22 03:31:05 2025] ORDER_DELETED: Person=许褚 (ID:28), Order=招商 (ID:2), City=北海 (ID:7)
[Sun Jun 22 03:31:05 2025] ORDER_EXECUTED: Person=毋丘俭 (ID:68), Order=招商 (ID:2), City=北海 (ID:7)
[Sun Jun 22 03:31:05 2025] PERSON_RETURNED: Person=毋丘俭 (ID:68), City=北海 (ID:7), Reason=Order Completion
[Sun Jun 22 03:31:05 2025] ORDER_DELETED: Person=毋丘俭 (ID:68), Order=招商 (ID:2), City=北海 (ID:7)
[Sun Jun 22 03:31:05 2025] ORDER_EXECUTED: Person=满宠 (ID:26), Order=开垦 (ID:1), City=天水 (ID:8)
[Sun Jun 22 03:31:05 2025] PERSON_RETURNED: Person=满宠 (ID:26), City=天水 (ID:8), Reason=Order Completion
[Sun Jun 22 03:31:05 2025] ORDER_DELETED: Person=满宠 (ID:26), Order=开垦 (ID:1), City=天水 (ID:8)
[Sun Jun 22 03:31:05 2025] ORDER_EXECUTED: Person=张卫 (ID:58), Order=开垦 (ID:1), City=天水 (ID:8)
[Sun Jun 22 03:31:05 2025] PERSON_RETURNED: Person=张卫 (ID:58), City=天水 (ID:8), Reason=Order Completion
[Sun Jun 22 03:31:05 2025] ORDER_DELETED: Person=张卫 (ID:58), Order=开垦 (ID:1), City=天水 (ID:8)
[Sun Jun 22 03:31:05 2025] ORDER_EXECUTED: Person=夏侯德 (ID:8), Order=出巡 (ID:5), City=河内 (ID:9)
[Sun Jun 22 03:31:05 2025] PERSON_RETURNED: Person=夏侯德 (ID:8), City=河内 (ID:9), Reason=Order Completion
[Sun Jun 22 03:31:05 2025] ORDER_DELETED: Person=夏侯德 (ID:8), Order=出巡 (ID:5), City=河内 (ID:9)
[Sun Jun 22 03:31:05 2025] ORDER_EXECUTED: Person=曹洪 (ID:17), Order=出巡 (ID:5), City=河内 (ID:9)
[Sun Jun 22 03:31:05 2025] PERSON_RETURNED: Person=曹洪 (ID:17), City=河内 (ID:9), Reason=Order Completion
[Sun Jun 22 03:31:05 2025] ORDER_DELETED: Person=曹洪 (ID:17), Order=出巡 (ID:5), City=河内 (ID:9)
[Sun Jun 22 03:31:05 2025] ORDER_EXECUTED: Person=荀攸 (ID:22), Order=出巡 (ID:5), City=河内 (ID:9)
[Sun Jun 22 03:31:05 2025] PERSON_RETURNED: Person=荀攸 (ID:22), City=河内 (ID:9), Reason=Order Completion
[Sun Jun 22 03:31:05 2025] ORDER_DELETED: Person=荀攸 (ID:22), Order=出巡 (ID:5), City=河内 (ID:9)
[Sun Jun 22 03:31:05 2025] ORDER_EXECUTED: Person=刘晔 (ID:24), Order=出巡 (ID:5), City=河内 (ID:9)
[Sun Jun 22 03:31:05 2025] PERSON_RETURNED: Person=刘晔 (ID:24), City=河内 (ID:9), Reason=Order Completion
[Sun Jun 22 03:31:05 2025] ORDER_DELETED: Person=刘晔 (ID:24), Order=出巡 (ID:5), City=河内 (ID:9)
[Sun Jun 22 03:31:05 2025] ORDER_EXECUTED: Person=蒋干 (ID:32), Order=出巡 (ID:5), City=河内 (ID:9)
[Sun Jun 22 03:31:05 2025] PERSON_RETURNED: Person=蒋干 (ID:32), City=河内 (ID:9), Reason=Order Completion
[Sun Jun 22 03:31:05 2025] ORDER_DELETED: Person=蒋干 (ID:32), Order=出巡 (ID:5), City=河内 (ID:9)
[Sun Jun 22 03:31:05 2025] ORDER_EXECUTED: Person=蒯越 (ID:54), Order=出巡 (ID:5), City=河内 (ID:9)
[Sun Jun 22 03:31:05 2025] PERSON_RETURNED: Person=蒯越 (ID:54), City=河内 (ID:9), Reason=Order Completion
[Sun Jun 22 03:31:05 2025] ORDER_DELETED: Person=蒯越 (ID:54), Order=出巡 (ID:5), City=河内 (ID:9)
[Sun Jun 22 03:31:05 2025] ORDER_EXECUTED: Person=韩嵩 (ID:55), Order=出巡 (ID:5), City=河内 (ID:9)
[Sun Jun 22 03:31:05 2025] PERSON_RETURNED: Person=韩嵩 (ID:55), City=河内 (ID:9), Reason=Order Completion
[Sun Jun 22 03:31:05 2025] ORDER_DELETED: Person=韩嵩 (ID:55), Order=出巡 (ID:5), City=河内 (ID:9)
[Sun Jun 22 03:31:05 2025] ORDER_EXECUTED: Person=司马师 (ID:64), Order=出巡 (ID:5), City=河内 (ID:9)
[Sun Jun 22 03:31:05 2025] PERSON_RETURNED: Person=司马师 (ID:64), City=河内 (ID:9), Reason=Order Completion
[Sun Jun 22 03:31:05 2025] ORDER_DELETED: Person=司马师 (ID:64), Order=出巡 (ID:5), City=河内 (ID:9)
[Sun Jun 22 03:31:05 2025] ORDER_EXECUTED: Person=典满 (ID:69), Order=出巡 (ID:5), City=河内 (ID:9)
[Sun Jun 22 03:31:05 2025] PERSON_RETURNED: Person=典满 (ID:69), City=河内 (ID:9), Reason=Order Completion
[Sun Jun 22 03:31:05 2025] ORDER_DELETED: Person=典满 (ID:69), Order=出巡 (ID:5), City=河内 (ID:9)
[Sun Jun 22 03:31:05 2025] ORDER_EXECUTED: Person=郝昭 (ID:70), Order=出巡 (ID:5), City=河内 (ID:9)
[Sun Jun 22 03:31:05 2025] PERSON_RETURNED: Person=郝昭 (ID:70), City=河内 (ID:9), Reason=Order Completion
[Sun Jun 22 03:31:05 2025] ORDER_DELETED: Person=郝昭 (ID:70), Order=出巡 (ID:5), City=河内 (ID:9)
[Sun Jun 22 03:31:05 2025] ORDER_EXECUTED: Person=夏侯霸 (ID:9), Order=招揽 (ID:16), City=长安 (ID:10), Target=Person ID 78 (ID:78)
[Sun Jun 22 03:31:05 2025] PERSON_RETURNED: Person=夏侯霸 (ID:9), City=长安 (ID:10), Reason=Order Completion
[Sun Jun 22 03:31:05 2025] ORDER_DELETED: Person=夏侯霸 (ID:9), Order=招揽 (ID:16), City=长安 (ID:10), Target=Person ID 78 (ID:78)
[Sun Jun 22 03:31:05 2025] ORDER_EXECUTED: Person=曹彰 (ID:10), Order=招揽 (ID:16), City=长安 (ID:10), Target=Person ID 127 (ID:127)
[Sun Jun 22 03:31:05 2025] PERSON_RETURNED: Person=曹彰 (ID:10), City=长安 (ID:10), Reason=Order Completion
[Sun Jun 22 03:31:05 2025] ORDER_DELETED: Person=曹彰 (ID:10), Order=招揽 (ID:16), City=长安 (ID:10), Target=Person ID 127 (ID:127)
[Sun Jun 22 03:31:05 2025] ORDER_EXECUTED: Person=曹真 (ID:11), Order=招揽 (ID:16), City=长安 (ID:10), Target=Person ID 134 (ID:134)
[Sun Jun 22 03:31:05 2025] PERSON_RETURNED: Person=曹真 (ID:11), City=长安 (ID:10), Reason=Order Completion
[Sun Jun 22 03:31:05 2025] ORDER_DELETED: Person=曹真 (ID:11), Order=招揽 (ID:16), City=长安 (ID:10), Target=Person ID 134 (ID:134)
[Sun Jun 22 03:31:05 2025] ORDER_EXECUTED: Person=张燕 (ID:38), Order=招揽 (ID:16), City=长安 (ID:10), Target=Person ID 78 (ID:78)
[Sun Jun 22 03:31:05 2025] PERSON_RETURNED: Person=张燕 (ID:38), City=长安 (ID:10), Reason=Order Completion
[Sun Jun 22 03:31:05 2025] ORDER_DELETED: Person=张燕 (ID:38), Order=招揽 (ID:16), City=长安 (ID:10), Target=Person ID 78 (ID:78)
[Sun Jun 22 03:31:05 2025] ORDER_EXECUTED: Person=陈琳 (ID:41), Order=招揽 (ID:16), City=长安 (ID:10), Target=Person ID 66 (ID:66)
[Sun Jun 22 03:31:05 2025] PERSON_RETURNED: Person=陈琳 (ID:41), City=长安 (ID:10), Reason=Order Completion
[Sun Jun 22 03:31:05 2025] ORDER_DELETED: Person=陈琳 (ID:41), Order=招揽 (ID:16), City=长安 (ID:10), Target=Person ID 66 (ID:66)
[Sun Jun 22 03:31:05 2025] ORDER_EXECUTED: Person=贾诩 (ID:53), Order=招揽 (ID:16), City=长安 (ID:10), Target=Person ID 149 (ID:149)
[Sun Jun 22 03:31:05 2025] PERSON_RETURNED: Person=贾诩 (ID:53), City=长安 (ID:10), Reason=Order Completion
[Sun Jun 22 03:31:05 2025] ORDER_DELETED: Person=贾诩 (ID:53), Order=招揽 (ID:16), City=长安 (ID:10), Target=Person ID 149 (ID:149)
[Sun Jun 22 03:31:05 2025] ORDER_EXECUTED: Person=郭淮 (ID:31), Order=开垦 (ID:1), City= (ID:11)
[Sun Jun 22 03:31:05 2025] PERSON_RETURNED: Person=郭淮 (ID:31), City= (ID:11), Reason=Order Completion
[Sun Jun 22 03:31:05 2025] ORDER_DELETED: Person=郭淮 (ID:31), Order=开垦 (ID:1), City= (ID:11)
[Sun Jun 22 03:31:05 2025] ORDER_EXECUTED: Person=高览 (ID:34), Order=开垦 (ID:1), City= (ID:11)
[Sun Jun 22 03:31:05 2025] PERSON_RETURNED: Person=高览 (ID:34), City= (ID:11), Reason=Order Completion
[Sun Jun 22 03:31:05 2025] ORDER_DELETED: Person=高览 (ID:34), Order=开垦 (ID:1), City= (ID:11)
[Sun Jun 22 03:31:05 2025] ORDER_EXECUTED: Person=文聘 (ID:57), Order=开垦 (ID:1), City= (ID:11)
[Sun Jun 22 03:31:05 2025] PERSON_RETURNED: Person=文聘 (ID:57), City= (ID:11), Reason=Order Completion
[Sun Jun 22 03:31:05 2025] ORDER_DELETED: Person=文聘 (ID:57), Order=开垦 (ID:1), City= (ID:11)
[Sun Jun 22 03:31:05 2025] ORDER_EXECUTED: Person=陈登 (ID:42), Order=开垦 (ID:1), City=濮阳 (ID:12)
[Sun Jun 22 03:31:05 2025] PERSON_RETURNED: Person=陈登 (ID:42), City=濮阳 (ID:12), Reason=Order Completion
[Sun Jun 22 03:31:05 2025] ORDER_DELETED: Person=陈登 (ID:42), Order=开垦 (ID:1), City=濮阳 (ID:12)
[Sun Jun 22 03:31:05 2025] ORDER_EXECUTED: Person=董昭 (ID:56), Order=开垦 (ID:1), City=濮阳 (ID:12)
[Sun Jun 22 03:31:05 2025] PERSON_RETURNED: Person=董昭 (ID:56), City=濮阳 (ID:12), Reason=Order Completion
[Sun Jun 22 03:31:05 2025] ORDER_DELETED: Person=董昭 (ID:56), Order=开垦 (ID:1), City=濮阳 (ID:12)
[Sun Jun 22 03:31:05 2025] ORDER_EXECUTED: Person=程昱 (ID:23), Order=招商 (ID:2), City=徐州 (ID:13)
[Sun Jun 22 03:31:05 2025] PERSON_RETURNED: Person=程昱 (ID:23), City=徐州 (ID:13), Reason=Order Completion
[Sun Jun 22 03:31:05 2025] ORDER_DELETED: Person=程昱 (ID:23), Order=招商 (ID:2), City=徐州 (ID:13)
[Sun Jun 22 03:31:05 2025] ORDER_EXECUTED: Person=张南 (ID:37), Order=招商 (ID:2), City=徐州 (ID:13)
[Sun Jun 22 03:31:05 2025] PERSON_RETURNED: Person=张南 (ID:37), City=徐州 (ID:13), Reason=Order Completion
[Sun Jun 22 03:31:05 2025] ORDER_DELETED: Person=张南 (ID:37), Order=招商 (ID:2), City=徐州 (ID:13)
[Sun Jun 22 03:31:05 2025] ORDER_EXECUTED: Person=王修 (ID:39), Order=招商 (ID:2), City=徐州 (ID:13)
[Sun Jun 22 03:31:05 2025] PERSON_RETURNED: Person=王修 (ID:39), City=徐州 (ID:13), Reason=Order Completion
[Sun Jun 22 03:31:05 2025] ORDER_DELETED: Person=王修 (ID:39), Order=招商 (ID:2), City=徐州 (ID:13)
[Sun Jun 22 03:31:05 2025] ORDER_EXECUTED: Person=曹豹 (ID:43), Order=招商 (ID:2), City=徐州 (ID:13)
[Sun Jun 22 03:31:05 2025] PERSON_RETURNED: Person=曹豹 (ID:43), City=徐州 (ID:13), Reason=Order Completion
[Sun Jun 22 03:31:05 2025] ORDER_DELETED: Person=曹豹 (ID:43), Order=招商 (ID:2), City=徐州 (ID:13)
[Sun Jun 22 03:31:05 2025] ORDER_EXECUTED: Person=杨任 (ID:60), Order=招商 (ID:2), City=徐州 (ID:13)
[Sun Jun 22 03:31:05 2025] PERSON_RETURNED: Person=杨任 (ID:60), City=徐州 (ID:13), Reason=Order Completion
[Sun Jun 22 03:31:05 2025] ORDER_DELETED: Person=杨任 (ID:60), Order=招商 (ID:2), City=徐州 (ID:13)
[Sun Jun 22 03:31:05 2025] ORDER_EXECUTED: Person=曹仁 (ID:18), Order=出巡 (ID:5), City=洛阳 (ID:15)
[Sun Jun 22 03:31:05 2025] PERSON_RETURNED: Person=曹仁 (ID:18), City=洛阳 (ID:15), Reason=Order Completion
[Sun Jun 22 03:31:05 2025] ORDER_DELETED: Person=曹仁 (ID:18), Order=出巡 (ID:5), City=洛阳 (ID:15)
[Sun Jun 22 03:31:05 2025] ORDER_EXECUTED: Person=牛金 (ID:19), Order=出巡 (ID:5), City=洛阳 (ID:15)
[Sun Jun 22 03:31:05 2025] PERSON_RETURNED: Person=牛金 (ID:19), City=洛阳 (ID:15), Reason=Order Completion
[Sun Jun 22 03:31:05 2025] ORDER_DELETED: Person=牛金 (ID:19), Order=出巡 (ID:5), City=洛阳 (ID:15)
[Sun Jun 22 03:31:05 2025] ORDER_EXECUTED: Person=高干 (ID:35), Order=出巡 (ID:5), City=洛阳 (ID:15)
[Sun Jun 22 03:31:05 2025] PERSON_RETURNED: Person=高干 (ID:35), City=洛阳 (ID:15), Reason=Order Completion
[Sun Jun 22 03:31:05 2025] ORDER_DELETED: Person=高干 (ID:35), Order=出巡 (ID:5), City=洛阳 (ID:15)
[Sun Jun 22 03:31:05 2025] ORDER_EXECUTED: Person=王双 (ID:46), Order=出巡 (ID:5), City=洛阳 (ID:15)
[Sun Jun 22 03:31:05 2025] PERSON_RETURNED: Person=王双 (ID:46), City=洛阳 (ID:15), Reason=Order Completion
[Sun Jun 22 03:31:05 2025] ORDER_DELETED: Person=王双 (ID:46), Order=出巡 (ID:5), City=洛阳 (ID:15)
[Sun Jun 22 03:31:05 2025] ORDER_EXECUTED: Person=侯成 (ID:47), Order=出巡 (ID:5), City=洛阳 (ID:15)
[Sun Jun 22 03:31:05 2025] PERSON_RETURNED: Person=侯成 (ID:47), City=洛阳 (ID:15), Reason=Order Completion
[Sun Jun 22 03:31:05 2025] ORDER_DELETED: Person=侯成 (ID:47), Order=出巡 (ID:5), City=洛阳 (ID:15)
[Sun Jun 22 03:31:05 2025] ORDER_EXECUTED: Person=王威 (ID:66), Order=出巡 (ID:5), City=洛阳 (ID:15)
[Sun Jun 22 03:31:05 2025] PERSON_RETURNED: Person=王威 (ID:66), City=洛阳 (ID:15), Reason=Order Completion
[Sun Jun 22 03:31:05 2025] ORDER_DELETED: Person=王威 (ID:66), Order=出巡 (ID:5), City=洛阳 (ID:15)
[Sun Jun 22 03:31:05 2025] ORDER_EXECUTED: Person=曹休 (ID:20), Order=招商 (ID:2), City=宛城 (ID:20)
[Sun Jun 22 03:31:05 2025] PERSON_RETURNED: Person=曹休 (ID:20), City=宛城 (ID:20), Reason=Order Completion
[Sun Jun 22 03:31:05 2025] ORDER_DELETED: Person=曹休 (ID:20), Order=招商 (ID:2), City=宛城 (ID:20)
[Sun Jun 22 03:31:05 2025] ORDER_EXECUTED: Person=臧霸 (ID:44), Order=招商 (ID:2), City=宛城 (ID:20)
[Sun Jun 22 03:31:05 2025] PERSON_RETURNED: Person=臧霸 (ID:44), City=宛城 (ID:20), Reason=Order Completion
[Sun Jun 22 03:31:05 2025] ORDER_DELETED: Person=臧霸 (ID:44), Order=招商 (ID:2), City=宛城 (ID:20)
[Sun Jun 22 03:31:05 2025] ORDER_EXECUTED: Person=魏续 (ID:45), Order=招商 (ID:2), City=宛城 (ID:20)
[Sun Jun 22 03:31:05 2025] PERSON_RETURNED: Person=魏续 (ID:45), City=宛城 (ID:20), Reason=Order Completion
[Sun Jun 22 03:31:05 2025] ORDER_DELETED: Person=魏续 (ID:45), Order=招商 (ID:2), City=宛城 (ID:20)
[Sun Jun 22 03:31:05 2025] ORDER_EXECUTED: Person=王粲 (ID:50), Order=招商 (ID:2), City=宛城 (ID:20)
[Sun Jun 22 03:31:05 2025] PERSON_RETURNED: Person=王粲 (ID:50), City=宛城 (ID:20), Reason=Order Completion
[Sun Jun 22 03:31:05 2025] ORDER_DELETED: Person=王粲 (ID:50), Order=招商 (ID:2), City=宛城 (ID:20)
[Sun Jun 22 03:31:05 2025] ORDER_EXECUTED: Person=张绣 (ID:52), Order=招商 (ID:2), City=宛城 (ID:20)
[Sun Jun 22 03:31:05 2025] PERSON_RETURNED: Person=张绣 (ID:52), City=宛城 (ID:20), Reason=Order Completion
[Sun Jun 22 03:31:05 2025] ORDER_DELETED: Person=张绣 (ID:52), Order=招商 (ID:2), City=宛城 (ID:20)
[Sun Jun 22 03:31:05 2025] ORDER_EXECUTED: Person=乐进 (ID:16), Order=招商 (ID:2), City=寿春 (ID:21)
[Sun Jun 22 03:31:05 2025] PERSON_RETURNED: Person=乐进 (ID:16), City=寿春 (ID:21), Reason=Order Completion
[Sun Jun 22 03:31:05 2025] ORDER_DELETED: Person=乐进 (ID:16), Order=招商 (ID:2), City=寿春 (ID:21)
[Sun Jun 22 03:31:05 2025] ORDER_EXECUTED: Person=徐晃 (ID:30), Order=招商 (ID:2), City=寿春 (ID:21)
[Sun Jun 22 03:31:05 2025] PERSON_RETURNED: Person=徐晃 (ID:30), City=寿春 (ID:21), Reason=Order Completion
[Sun Jun 22 03:31:05 2025] ORDER_DELETED: Person=徐晃 (ID:30), Order=招商 (ID:2), City=寿春 (ID:21)
[Sun Jun 22 03:31:05 2025] ORDER_EXECUTED: Person=高顺 (ID:48), Order=招商 (ID:2), City=寿春 (ID:21)
[Sun Jun 22 03:31:05 2025] PERSON_RETURNED: Person=高顺 (ID:48), City=寿春 (ID:21), Reason=Order Completion
[Sun Jun 22 03:31:05 2025] ORDER_DELETED: Person=高顺 (ID:48), Order=招商 (ID:2), City=寿春 (ID:21)
[Sun Jun 22 03:31:05 2025] ORDER_EXECUTED: Person=文钦 (ID:67), Order=招商 (ID:2), City=寿春 (ID:21)
[Sun Jun 22 03:31:05 2025] PERSON_RETURNED: Person=文钦 (ID:67), City=寿春 (ID:21), Reason=Order Completion
[Sun Jun 22 03:31:05 2025] ORDER_DELETED: Person=文钦 (ID:67), Order=招商 (ID:2), City=寿春 (ID:21)
[Sun Jun 22 03:31:07 2025] GAME_TURN: Year=248, Month=6
[Sun Jun 22 03:31:09 2025] ORDER_CREATED: Person=李典 (ID:14), Order=治理 (ID:4), City=北平 (ID:1)
[Sun Jun 22 03:31:09 2025] PERSON_REMOVED: Person=李典 (ID:14), City=北平 (ID:1), Reason=Order Assignment
[Sun Jun 22 03:31:09 2025] ORDER_CREATED: Person=钟繇 (ID:49), Order=开垦 (ID:1), City=北平 (ID:1)
[Sun Jun 22 03:31:09 2025] PERSON_REMOVED: Person=钟繇 (ID:49), City=北平 (ID:1), Reason=Order Assignment
[Sun Jun 22 03:31:09 2025] ORDER_CREATED: Person=司马昭 (ID:65), Order=搜寻 (ID:3), City=北平 (ID:1)
[Sun Jun 22 03:31:09 2025] PERSON_REMOVED: Person=司马昭 (ID:65), City=北平 (ID:1), Reason=Order Assignment
[Sun Jun 22 03:31:09 2025] COMPUTER_TACTIC: City=北平 (ID:1), Tactic=Interior
[Sun Jun 22 03:31:09 2025] COMPUTER_TACTIC: City=襄平 (ID:2), Tactic=Interior
[Sun Jun 22 03:31:09 2025] ORDER_CREATED: Person=夏侯尚 (ID:7), Order=出巡 (ID:5), City=平原 (ID:5)
[Sun Jun 22 03:31:09 2025] PERSON_REMOVED: Person=夏侯尚 (ID:7), City=平原 (ID:5), Reason=Order Assignment
[Sun Jun 22 03:31:09 2025] ORDER_CREATED: Person=杨松 (ID:59), Order=出巡 (ID:5), City=平原 (ID:5)
[Sun Jun 22 03:31:09 2025] PERSON_REMOVED: Person=杨松 (ID:59), City=平原 (ID:5), Reason=Order Assignment
[Sun Jun 22 03:31:09 2025] ORDER_CREATED: Person=孟达 (ID:62), Order=出巡 (ID:5), City=平原 (ID:5)
[Sun Jun 22 03:31:09 2025] PERSON_REMOVED: Person=孟达 (ID:62), City=平原 (ID:5), Reason=Order Assignment
[Sun Jun 22 03:31:09 2025] ORDER_CREATED: Person=徐庶 (ID:5), Order=出巡 (ID:5), City=南皮 (ID:6)
[Sun Jun 22 03:31:09 2025] PERSON_REMOVED: Person=徐庶 (ID:5), City=南皮 (ID:6), Reason=Order Assignment
[Sun Jun 22 03:31:09 2025] ORDER_CREATED: Person=于禁 (ID:21), Order=搜寻 (ID:3), City=南皮 (ID:6)
[Sun Jun 22 03:31:09 2025] PERSON_REMOVED: Person=于禁 (ID:21), City=南皮 (ID:6), Reason=Order Assignment
[Sun Jun 22 03:31:09 2025] ORDER_CREATED: Person=博士仁 (ID:36), Order=搜寻 (ID:3), City=南皮 (ID:6)
[Sun Jun 22 03:31:09 2025] PERSON_REMOVED: Person=博士仁 (ID:36), City=南皮 (ID:6), Reason=Order Assignment
[Sun Jun 22 03:31:09 2025] ORDER_CREATED: Person=马延 (ID:51), Order=开垦 (ID:1), City=南皮 (ID:6)
[Sun Jun 22 03:31:09 2025] PERSON_REMOVED: Person=马延 (ID:51), City=南皮 (ID:6), Reason=Order Assignment
[Sun Jun 22 03:31:09 2025] ORDER_CREATED: Person=司马懿 (ID:63), Order=出巡 (ID:5), City=南皮 (ID:6)
[Sun Jun 22 03:31:09 2025] PERSON_REMOVED: Person=司马懿 (ID:63), City=南皮 (ID:6), Reason=Order Assignment
[Sun Jun 22 03:31:09 2025] COMPUTER_TACTIC: City=南皮 (ID:6), Tactic=Interior
[Sun Jun 22 03:31:09 2025] ORDER_CREATED: Person=陈登 (ID:42), Order=招商 (ID:2), City=濮阳 (ID:12)
[Sun Jun 22 03:31:09 2025] PERSON_REMOVED: Person=陈登 (ID:42), City=濮阳 (ID:12), Reason=Order Assignment
[Sun Jun 22 03:31:09 2025] ORDER_CREATED: Person=董昭 (ID:56), Order=搜寻 (ID:3), City=濮阳 (ID:12)
[Sun Jun 22 03:31:09 2025] PERSON_REMOVED: Person=董昭 (ID:56), City=濮阳 (ID:12), Reason=Order Assignment
[Sun Jun 22 03:31:09 2025] COMPUTER_TACTIC: City=濮阳 (ID:12), Tactic=Interior
[Sun Jun 22 03:31:09 2025] COMPUTER_TACTIC: City=汉中 (ID:14), Tactic=Diplomatism
[Sun Jun 22 03:31:09 2025] COMPUTER_TACTIC: City=梓潼 (ID:19), Tactic=Armament
[Sun Jun 22 03:31:09 2025] ORDER_CREATED: Person=乐进 (ID:16), Order=招商 (ID:2), City=寿春 (ID:21)
[Sun Jun 22 03:31:09 2025] PERSON_REMOVED: Person=乐进 (ID:16), City=寿春 (ID:21), Reason=Order Assignment
[Sun Jun 22 03:31:09 2025] ORDER_CREATED: Person=徐晃 (ID:30), Order=搜寻 (ID:3), City=寿春 (ID:21)
[Sun Jun 22 03:31:09 2025] PERSON_REMOVED: Person=徐晃 (ID:30), City=寿春 (ID:21), Reason=Order Assignment
[Sun Jun 22 03:31:09 2025] ORDER_CREATED: Person=高顺 (ID:48), Order=招商 (ID:2), City=寿春 (ID:21)
[Sun Jun 22 03:31:09 2025] PERSON_REMOVED: Person=高顺 (ID:48), City=寿春 (ID:21), Reason=Order Assignment
[Sun Jun 22 03:31:09 2025] ORDER_CREATED: Person=文钦 (ID:67), Order=治理 (ID:4), City=寿春 (ID:21)
[Sun Jun 22 03:31:09 2025] PERSON_REMOVED: Person=文钦 (ID:67), City=寿春 (ID:21), Reason=Order Assignment
[Sun Jun 22 03:31:09 2025] COMPUTER_TACTIC: City=寿春 (ID:21), Tactic=Interior
[Sun Jun 22 03:31:09 2025] COMPUTER_TACTIC: City=建业 (ID:22), Tactic=Armament
[Sun Jun 22 03:31:09 2025] COMPUTER_TACTIC: City= (ID:23), Tactic=Interior
[Sun Jun 22 03:31:09 2025] COMPUTER_TACTIC: City=成都 (ID:24), Tactic=Interior
[Sun Jun 22 03:31:09 2025] COMPUTER_TACTIC: City=棉竹 (ID:25), Tactic=Diplomatism
[Sun Jun 22 03:31:09 2025] COMPUTER_TACTIC: City=襄阳 (ID:26), Tactic=Armament
[Sun Jun 22 03:31:09 2025] COMPUTER_TACTIC: City=江夏 (ID:27), Tactic=Armament
[Sun Jun 22 03:31:09 2025] COMPUTER_TACTIC: City=庐江 (ID:28), Tactic=Interior
[Sun Jun 22 03:31:09 2025] COMPUTER_TACTIC: City=会稽 (ID:29), Tactic=Armament
[Sun Jun 22 03:31:09 2025] COMPUTER_TACTIC: City=云南 (ID:30), Tactic=Interior
[Sun Jun 22 03:31:09 2025] COMPUTER_TACTIC: City=巴郡 (ID:31), Tactic=Armament
[Sun Jun 22 03:31:09 2025] COMPUTER_TACTIC: City=武陵 (ID:32), Tactic=Diplomatism
[Sun Jun 22 03:31:09 2025] COMPUTER_TACTIC: City=长沙 (ID:33), Tactic=Armament
[Sun Jun 22 03:31:09 2025] COMPUTER_TACTIC: City=柴桑 (ID:34), Tactic=Armament
[Sun Jun 22 03:31:09 2025] COMPUTER_TACTIC: City=零陵 (ID:35), Tactic=Armament
[Sun Jun 22 03:31:09 2025] COMPUTER_TACTIC: City=桂阳 (ID:36), Tactic=Armament
[Sun Jun 22 03:31:09 2025] ORDER_EXECUTED: Person=李典 (ID:14), Order=治理 (ID:4), City=北平 (ID:1)
[Sun Jun 22 03:31:09 2025] PERSON_RETURNED: Person=李典 (ID:14), City=北平 (ID:1), Reason=Order Completion
[Sun Jun 22 03:31:09 2025] ORDER_DELETED: Person=李典 (ID:14), Order=治理 (ID:4), City=北平 (ID:1)
[Sun Jun 22 03:31:09 2025] ORDER_EXECUTED: Person=钟繇 (ID:49), Order=开垦 (ID:1), City=北平 (ID:1)
[Sun Jun 22 03:31:09 2025] PERSON_RETURNED: Person=钟繇 (ID:49), City=北平 (ID:1), Reason=Order Completion
[Sun Jun 22 03:31:09 2025] ORDER_DELETED: Person=钟繇 (ID:49), Order=开垦 (ID:1), City=北平 (ID:1)
[Sun Jun 22 03:31:09 2025] ORDER_EXECUTED: Person=司马昭 (ID:65), Order=搜寻 (ID:3), City=北平 (ID:1)
[Sun Jun 22 03:31:11 2025] PERSON_RETURNED: Person=司马昭 (ID:65), City=北平 (ID:1), Reason=Order Completion
[Sun Jun 22 03:31:11 2025] ORDER_DELETED: Person=司马昭 (ID:65), Order=搜寻 (ID:3), City=北平 (ID:1)
[Sun Jun 22 03:31:11 2025] ORDER_EXECUTED: Person=夏侯尚 (ID:7), Order=出巡 (ID:5), City=平原 (ID:5)
[Sun Jun 22 03:31:11 2025] PERSON_RETURNED: Person=夏侯尚 (ID:7), City=平原 (ID:5), Reason=Order Completion
[Sun Jun 22 03:31:11 2025] ORDER_DELETED: Person=夏侯尚 (ID:7), Order=出巡 (ID:5), City=平原 (ID:5)
[Sun Jun 22 03:31:11 2025] ORDER_EXECUTED: Person=杨松 (ID:59), Order=出巡 (ID:5), City=平原 (ID:5)
[Sun Jun 22 03:31:11 2025] PERSON_RETURNED: Person=杨松 (ID:59), City=平原 (ID:5), Reason=Order Completion
[Sun Jun 22 03:31:11 2025] ORDER_DELETED: Person=杨松 (ID:59), Order=出巡 (ID:5), City=平原 (ID:5)
[Sun Jun 22 03:31:11 2025] ORDER_EXECUTED: Person=孟达 (ID:62), Order=出巡 (ID:5), City=平原 (ID:5)
[Sun Jun 22 03:31:11 2025] PERSON_RETURNED: Person=孟达 (ID:62), City=平原 (ID:5), Reason=Order Completion
[Sun Jun 22 03:31:11 2025] ORDER_DELETED: Person=孟达 (ID:62), Order=出巡 (ID:5), City=平原 (ID:5)
[Sun Jun 22 03:31:11 2025] ORDER_EXECUTED: Person=徐庶 (ID:5), Order=出巡 (ID:5), City=南皮 (ID:6)
[Sun Jun 22 03:31:11 2025] PERSON_RETURNED: Person=徐庶 (ID:5), City=南皮 (ID:6), Reason=Order Completion
[Sun Jun 22 03:31:11 2025] ORDER_DELETED: Person=徐庶 (ID:5), Order=出巡 (ID:5), City=南皮 (ID:6)
[Sun Jun 22 03:31:11 2025] ORDER_EXECUTED: Person=于禁 (ID:21), Order=搜寻 (ID:3), City=南皮 (ID:6)
[Sun Jun 22 03:31:11 2025] PERSON_RETURNED: Person=于禁 (ID:21), City=南皮 (ID:6), Reason=Order Completion
[Sun Jun 22 03:31:11 2025] ORDER_DELETED: Person=于禁 (ID:21), Order=搜寻 (ID:3), City=南皮 (ID:6)
[Sun Jun 22 03:31:11 2025] ORDER_EXECUTED: Person=博士仁 (ID:36), Order=搜寻 (ID:3), City=南皮 (ID:6)
[Sun Jun 22 03:31:11 2025] PERSON_RETURNED: Person=博士仁 (ID:36), City=南皮 (ID:6), Reason=Order Completion
[Sun Jun 22 03:31:11 2025] ORDER_DELETED: Person=博士仁 (ID:36), Order=搜寻 (ID:3), City=南皮 (ID:6)
[Sun Jun 22 03:31:11 2025] ORDER_EXECUTED: Person=马延 (ID:51), Order=开垦 (ID:1), City=南皮 (ID:6)
[Sun Jun 22 03:31:11 2025] PERSON_RETURNED: Person=马延 (ID:51), City=南皮 (ID:6), Reason=Order Completion
[Sun Jun 22 03:31:11 2025] ORDER_DELETED: Person=马延 (ID:51), Order=开垦 (ID:1), City=南皮 (ID:6)
[Sun Jun 22 03:31:11 2025] ORDER_EXECUTED: Person=司马懿 (ID:63), Order=出巡 (ID:5), City=南皮 (ID:6)
[Sun Jun 22 03:31:11 2025] PERSON_RETURNED: Person=司马懿 (ID:63), City=南皮 (ID:6), Reason=Order Completion
[Sun Jun 22 03:31:11 2025] ORDER_DELETED: Person=司马懿 (ID:63), Order=出巡 (ID:5), City=南皮 (ID:6)
[Sun Jun 22 03:31:11 2025] ORDER_EXECUTED: Person=陈登 (ID:42), Order=招商 (ID:2), City=濮阳 (ID:12)
[Sun Jun 22 03:31:11 2025] PERSON_RETURNED: Person=陈登 (ID:42), City=濮阳 (ID:12), Reason=Order Completion
[Sun Jun 22 03:31:11 2025] ORDER_DELETED: Person=陈登 (ID:42), Order=招商 (ID:2), City=濮阳 (ID:12)
[Sun Jun 22 03:31:11 2025] ORDER_EXECUTED: Person=董昭 (ID:56), Order=搜寻 (ID:3), City=濮阳 (ID:12)
[Sun Jun 22 03:31:11 2025] PERSON_RETURNED: Person=董昭 (ID:56), City=濮阳 (ID:12), Reason=Order Completion
[Sun Jun 22 03:31:11 2025] ORDER_DELETED: Person=董昭 (ID:56), Order=搜寻 (ID:3), City=濮阳 (ID:12)
[Sun Jun 22 03:31:11 2025] ORDER_EXECUTED: Person=乐进 (ID:16), Order=招商 (ID:2), City=寿春 (ID:21)
[Sun Jun 22 03:31:11 2025] PERSON_RETURNED: Person=乐进 (ID:16), City=寿春 (ID:21), Reason=Order Completion
[Sun Jun 22 03:31:11 2025] ORDER_DELETED: Person=乐进 (ID:16), Order=招商 (ID:2), City=寿春 (ID:21)
[Sun Jun 22 03:31:11 2025] ORDER_EXECUTED: Person=徐晃 (ID:30), Order=搜寻 (ID:3), City=寿春 (ID:21)
[Sun Jun 22 03:31:11 2025] PERSON_RETURNED: Person=徐晃 (ID:30), City=寿春 (ID:21), Reason=Order Completion
[Sun Jun 22 03:31:11 2025] ORDER_DELETED: Person=徐晃 (ID:30), Order=搜寻 (ID:3), City=寿春 (ID:21)
[Sun Jun 22 03:31:11 2025] ORDER_EXECUTED: Person=高顺 (ID:48), Order=招商 (ID:2), City=寿春 (ID:21)
[Sun Jun 22 03:31:11 2025] PERSON_RETURNED: Person=高顺 (ID:48), City=寿春 (ID:21), Reason=Order Completion
[Sun Jun 22 03:31:11 2025] ORDER_DELETED: Person=高顺 (ID:48), Order=招商 (ID:2), City=寿春 (ID:21)
[Sun Jun 22 03:31:11 2025] ORDER_EXECUTED: Person=文钦 (ID:67), Order=治理 (ID:4), City=寿春 (ID:21)
[Sun Jun 22 03:31:11 2025] PERSON_RETURNED: Person=文钦 (ID:67), City=寿春 (ID:21), Reason=Order Completion
[Sun Jun 22 03:31:11 2025] ORDER_DELETED: Person=文钦 (ID:67), Order=治理 (ID:4), City=寿春 (ID:21)
[Sun Jun 22 03:31:12 2025] GAME_TURN: Year=248, Month=7
[Sun Jun 22 03:31:15 2025] COMPUTER_TACTIC: City=襄平 (ID:2), Tactic=Interior
[Sun Jun 22 03:31:15 2025] ORDER_CREATED: Person=夏侯尚 (ID:7), Order=出巡 (ID:5), City=平原 (ID:5)
[Sun Jun 22 03:31:15 2025] PERSON_REMOVED: Person=夏侯尚 (ID:7), City=平原 (ID:5), Reason=Order Assignment
[Sun Jun 22 03:31:15 2025] ORDER_CREATED: Person=杨松 (ID:59), Order=出巡 (ID:5), City=平原 (ID:5)
[Sun Jun 22 03:31:15 2025] PERSON_REMOVED: Person=杨松 (ID:59), City=平原 (ID:5), Reason=Order Assignment
[Sun Jun 22 03:31:15 2025] ORDER_CREATED: Person=孟达 (ID:62), Order=出巡 (ID:5), City=平原 (ID:5)
[Sun Jun 22 03:31:15 2025] PERSON_REMOVED: Person=孟达 (ID:62), City=平原 (ID:5), Reason=Order Assignment
[Sun Jun 22 03:31:15 2025] ORDER_CREATED: Person=徐庶 (ID:5), Order=搜寻 (ID:3), City=南皮 (ID:6)
[Sun Jun 22 03:31:15 2025] PERSON_REMOVED: Person=徐庶 (ID:5), City=南皮 (ID:6), Reason=Order Assignment
[Sun Jun 22 03:31:15 2025] ORDER_CREATED: Person=于禁 (ID:21), Order=招商 (ID:2), City=南皮 (ID:6)
[Sun Jun 22 03:31:15 2025] PERSON_REMOVED: Person=于禁 (ID:21), City=南皮 (ID:6), Reason=Order Assignment
[Sun Jun 22 03:31:15 2025] ORDER_CREATED: Person=博士仁 (ID:36), Order=治理 (ID:4), City=南皮 (ID:6)
[Sun Jun 22 03:31:15 2025] PERSON_REMOVED: Person=博士仁 (ID:36), City=南皮 (ID:6), Reason=Order Assignment
[Sun Jun 22 03:31:15 2025] ORDER_CREATED: Person=马延 (ID:51), Order=出巡 (ID:5), City=南皮 (ID:6)
[Sun Jun 22 03:31:15 2025] PERSON_REMOVED: Person=马延 (ID:51), City=南皮 (ID:6), Reason=Order Assignment
[Sun Jun 22 03:31:15 2025] ORDER_CREATED: Person=司马懿 (ID:63), Order=开垦 (ID:1), City=南皮 (ID:6)
[Sun Jun 22 03:31:15 2025] PERSON_REMOVED: Person=司马懿 (ID:63), City=南皮 (ID:6), Reason=Order Assignment
[Sun Jun 22 03:31:15 2025] COMPUTER_TACTIC: City=南皮 (ID:6), Tactic=Interior
[Sun Jun 22 03:31:15 2025] ORDER_CREATED: Person=杨龄 (ID:6), Order=招商 (ID:2), City=北海 (ID:7)
[Sun Jun 22 03:31:15 2025] PERSON_REMOVED: Person=杨龄 (ID:6), City=北海 (ID:7), Reason=Order Assignment
[Sun Jun 22 03:31:15 2025] ORDER_CREATED: Person=曹植 (ID:12), Order=出巡 (ID:5), City=北海 (ID:7)
[Sun Jun 22 03:31:15 2025] PERSON_REMOVED: Person=曹植 (ID:12), City=北海 (ID:7), Reason=Order Assignment
[Sun Jun 22 03:31:15 2025] ORDER_CREATED: Person=陈群 (ID:25), Order=招商 (ID:2), City=北海 (ID:7)
[Sun Jun 22 03:31:15 2025] PERSON_REMOVED: Person=陈群 (ID:25), City=北海 (ID:7), Reason=Order Assignment
[Sun Jun 22 03:31:15 2025] ORDER_CREATED: Person=ConversionError (ID:27), Order=出巡 (ID:5), City=北海 (ID:7)
[Sun Jun 22 03:31:15 2025] PERSON_REMOVED: Person=ConversionError (ID:27), City=北海 (ID:7), Reason=Order Assignment
[Sun Jun 22 03:31:15 2025] ORDER_CREATED: Person=许褚 (ID:28), Order=招商 (ID:2), City=北海 (ID:7)
[Sun Jun 22 03:31:15 2025] PERSON_REMOVED: Person=许褚 (ID:28), City=北海 (ID:7), Reason=Order Assignment
[Sun Jun 22 03:31:15 2025] ORDER_CREATED: Person=毋丘俭 (ID:68), Order=招商 (ID:2), City=北海 (ID:7)
[Sun Jun 22 03:31:15 2025] PERSON_REMOVED: Person=毋丘俭 (ID:68), City=北海 (ID:7), Reason=Order Assignment
[Sun Jun 22 03:31:15 2025] COMPUTER_TACTIC: City=北海 (ID:7), Tactic=Interior
[Sun Jun 22 03:31:15 2025] ORDER_CREATED: Person=程昱 (ID:23), Order=招揽 (ID:16), City=徐州 (ID:13), Target=Person ID 80 (ID:80)
[Sun Jun 22 03:31:15 2025] PERSON_REMOVED: Person=程昱 (ID:23), City=徐州 (ID:13), Reason=Order Assignment
[Sun Jun 22 03:31:15 2025] ORDER_CREATED: Person=张南 (ID:37), Order=招揽 (ID:16), City=徐州 (ID:13), Target=Person ID 47 (ID:47)
[Sun Jun 22 03:31:15 2025] PERSON_REMOVED: Person=张南 (ID:37), City=徐州 (ID:13), Reason=Order Assignment
[Sun Jun 22 03:31:15 2025] ORDER_CREATED: Person=王修 (ID:39), Order=招揽 (ID:16), City=徐州 (ID:13), Target=Person ID 80 (ID:80)
[Sun Jun 22 03:31:15 2025] PERSON_REMOVED: Person=王修 (ID:39), City=徐州 (ID:13), Reason=Order Assignment
[Sun Jun 22 03:31:15 2025] ORDER_CREATED: Person=曹豹 (ID:43), Order=招揽 (ID:16), City=徐州 (ID:13), Target=下邳 (ID:18)
[Sun Jun 22 03:31:15 2025] PERSON_REMOVED: Person=曹豹 (ID:43), City=徐州 (ID:13), Reason=Order Assignment
[Sun Jun 22 03:31:15 2025] ORDER_CREATED: Person=杨任 (ID:60), Order=招揽 (ID:16), City=徐州 (ID:13), Target=Person ID 98 (ID:98)
[Sun Jun 22 03:31:15 2025] PERSON_REMOVED: Person=杨任 (ID:60), City=徐州 (ID:13), Reason=Order Assignment
[Sun Jun 22 03:31:15 2025] COMPUTER_TACTIC: City=徐州 (ID:13), Tactic=AI_Diplomatism
[Sun Jun 22 03:31:15 2025] COMPUTER_TACTIC: City=汉中 (ID:14), Tactic=Diplomatism
[Sun Jun 22 03:31:15 2025] ORDER_CREATED: Person=曹仁 (ID:18), Order=出巡 (ID:5), City=洛阳 (ID:15)
[Sun Jun 22 03:31:15 2025] PERSON_REMOVED: Person=曹仁 (ID:18), City=洛阳 (ID:15), Reason=Order Assignment
[Sun Jun 22 03:31:15 2025] ORDER_CREATED: Person=牛金 (ID:19), Order=出巡 (ID:5), City=洛阳 (ID:15)
[Sun Jun 22 03:31:15 2025] PERSON_REMOVED: Person=牛金 (ID:19), City=洛阳 (ID:15), Reason=Order Assignment
[Sun Jun 22 03:31:15 2025] ORDER_CREATED: Person=高干 (ID:35), Order=出巡 (ID:5), City=洛阳 (ID:15)
[Sun Jun 22 03:31:15 2025] PERSON_REMOVED: Person=高干 (ID:35), City=洛阳 (ID:15), Reason=Order Assignment
[Sun Jun 22 03:31:15 2025] ORDER_CREATED: Person=王双 (ID:46), Order=出巡 (ID:5), City=洛阳 (ID:15)
[Sun Jun 22 03:31:15 2025] PERSON_REMOVED: Person=王双 (ID:46), City=洛阳 (ID:15), Reason=Order Assignment
[Sun Jun 22 03:31:15 2025] ORDER_CREATED: Person=侯成 (ID:47), Order=出巡 (ID:5), City=洛阳 (ID:15)
[Sun Jun 22 03:31:15 2025] PERSON_REMOVED: Person=侯成 (ID:47), City=洛阳 (ID:15), Reason=Order Assignment
[Sun Jun 22 03:31:15 2025] ORDER_CREATED: Person=王威 (ID:66), Order=出巡 (ID:5), City=洛阳 (ID:15)
[Sun Jun 22 03:31:15 2025] PERSON_REMOVED: Person=王威 (ID:66), City=洛阳 (ID:15), Reason=Order Assignment
[Sun Jun 22 03:31:15 2025] ORDER_CREATED: Person=曹丕 (ID:0), Order=搜寻 (ID:3), City=许昌 (ID:16)
[Sun Jun 22 03:31:15 2025] PERSON_REMOVED: Person=曹丕 (ID:0), City=许昌 (ID:16), Reason=Order Assignment
[Sun Jun 22 03:31:15 2025] ORDER_CREATED: Person=辛毗 (ID:40), Order=搜寻 (ID:3), City=许昌 (ID:16)
[Sun Jun 22 03:31:15 2025] PERSON_REMOVED: Person=辛毗 (ID:40), City=许昌 (ID:16), Reason=Order Assignment
[Sun Jun 22 03:31:15 2025] ORDER_CREATED: Person=王平 (ID:71), Order=招商 (ID:2), City=许昌 (ID:16)
[Sun Jun 22 03:31:15 2025] PERSON_REMOVED: Person=王平 (ID:71), City=许昌 (ID:16), Reason=Order Assignment
[Sun Jun 22 03:31:15 2025] COMPUTER_TACTIC: City=许昌 (ID:16), Tactic=Interior
[Sun Jun 22 03:31:15 2025] COMPUTER_TACTIC: City=梓潼 (ID:19), Tactic=Interior
[Sun Jun 22 03:31:15 2025] ORDER_CREATED: Person=乐进 (ID:16), Order=招揽 (ID:16), City=寿春 (ID:21), Target=Person ID 41 (ID:41)
[Sun Jun 22 03:31:15 2025] PERSON_REMOVED: Person=乐进 (ID:16), City=寿春 (ID:21), Reason=Order Assignment
[Sun Jun 22 03:31:15 2025] ORDER_CREATED: Person=徐晃 (ID:30), Order=招揽 (ID:16), City=寿春 (ID:21), Target=Person ID 38 (ID:38)
[Sun Jun 22 03:31:15 2025] PERSON_REMOVED: Person=徐晃 (ID:30), City=寿春 (ID:21), Reason=Order Assignment
[Sun Jun 22 03:31:15 2025] ORDER_CREATED: Person=高顺 (ID:48), Order=招揽 (ID:16), City=寿春 (ID:21), Target=Person ID 101 (ID:101)
[Sun Jun 22 03:31:15 2025] PERSON_REMOVED: Person=高顺 (ID:48), City=寿春 (ID:21), Reason=Order Assignment
[Sun Jun 22 03:31:15 2025] ORDER_CREATED: Person=文钦 (ID:67), Order=招揽 (ID:16), City=寿春 (ID:21), Target=Person ID 120 (ID:120)
[Sun Jun 22 03:31:15 2025] PERSON_REMOVED: Person=文钦 (ID:67), City=寿春 (ID:21), Reason=Order Assignment
[Sun Jun 22 03:31:15 2025] COMPUTER_TACTIC: City=寿春 (ID:21), Tactic=AI_Diplomatism
[Sun Jun 22 03:31:15 2025] COMPUTER_TACTIC: City=建业 (ID:22), Tactic=Armament
[Sun Jun 22 03:31:15 2025] COMPUTER_TACTIC: City= (ID:23), Tactic=Armament
[Sun Jun 22 03:31:15 2025] COMPUTER_TACTIC: City=成都 (ID:24), Tactic=Interior
[Sun Jun 22 03:31:15 2025] COMPUTER_TACTIC: City=棉竹 (ID:25), Tactic=Diplomatism
[Sun Jun 22 03:31:15 2025] COMPUTER_TACTIC: City=襄阳 (ID:26), Tactic=Interior
[Sun Jun 22 03:31:15 2025] COMPUTER_TACTIC: City=江夏 (ID:27), Tactic=Armament
[Sun Jun 22 03:31:15 2025] COMPUTER_TACTIC: City=庐江 (ID:28), Tactic=Armament
[Sun Jun 22 03:31:15 2025] COMPUTER_TACTIC: City=会稽 (ID:29), Tactic=Armament
[Sun Jun 22 03:31:15 2025] COMPUTER_TACTIC: City=云南 (ID:30), Tactic=Diplomatism
[Sun Jun 22 03:31:15 2025] COMPUTER_TACTIC: City=巴郡 (ID:31), Tactic=Armament
[Sun Jun 22 03:31:15 2025] COMPUTER_TACTIC: City=武陵 (ID:32), Tactic=Diplomatism
[Sun Jun 22 03:31:15 2025] COMPUTER_TACTIC: City=长沙 (ID:33), Tactic=Armament
[Sun Jun 22 03:31:15 2025] COMPUTER_TACTIC: City=柴桑 (ID:34), Tactic=Armament
[Sun Jun 22 03:31:15 2025] COMPUTER_TACTIC: City=零陵 (ID:35), Tactic=Armament
[Sun Jun 22 03:31:15 2025] COMPUTER_TACTIC: City=桂阳 (ID:36), Tactic=Armament
[Sun Jun 22 03:31:15 2025] ORDER_EXECUTED: Person=夏侯尚 (ID:7), Order=出巡 (ID:5), City=平原 (ID:5)
[Sun Jun 22 03:31:15 2025] PERSON_RETURNED: Person=夏侯尚 (ID:7), City=平原 (ID:5), Reason=Order Completion
[Sun Jun 22 03:31:15 2025] ORDER_DELETED: Person=夏侯尚 (ID:7), Order=出巡 (ID:5), City=平原 (ID:5)
[Sun Jun 22 03:31:15 2025] ORDER_EXECUTED: Person=杨松 (ID:59), Order=出巡 (ID:5), City=平原 (ID:5)
[Sun Jun 22 03:31:15 2025] PERSON_RETURNED: Person=杨松 (ID:59), City=平原 (ID:5), Reason=Order Completion
[Sun Jun 22 03:31:15 2025] ORDER_DELETED: Person=杨松 (ID:59), Order=出巡 (ID:5), City=平原 (ID:5)
[Sun Jun 22 03:31:15 2025] ORDER_EXECUTED: Person=孟达 (ID:62), Order=出巡 (ID:5), City=平原 (ID:5)
[Sun Jun 22 03:31:15 2025] PERSON_RETURNED: Person=孟达 (ID:62), City=平原 (ID:5), Reason=Order Completion
[Sun Jun 22 03:31:15 2025] ORDER_DELETED: Person=孟达 (ID:62), Order=出巡 (ID:5), City=平原 (ID:5)
[Sun Jun 22 03:31:15 2025] ORDER_EXECUTED: Person=徐庶 (ID:5), Order=搜寻 (ID:3), City=南皮 (ID:6)
[Sun Jun 22 03:31:15 2025] PERSON_RETURNED: Person=徐庶 (ID:5), City=南皮 (ID:6), Reason=Order Completion
[Sun Jun 22 03:31:15 2025] ORDER_DELETED: Person=徐庶 (ID:5), Order=搜寻 (ID:3), City=南皮 (ID:6)
[Sun Jun 22 03:31:15 2025] ORDER_EXECUTED: Person=于禁 (ID:21), Order=招商 (ID:2), City=南皮 (ID:6)
[Sun Jun 22 03:31:15 2025] PERSON_RETURNED: Person=于禁 (ID:21), City=南皮 (ID:6), Reason=Order Completion
[Sun Jun 22 03:31:15 2025] ORDER_DELETED: Person=于禁 (ID:21), Order=招商 (ID:2), City=南皮 (ID:6)
[Sun Jun 22 03:31:15 2025] ORDER_EXECUTED: Person=博士仁 (ID:36), Order=治理 (ID:4), City=南皮 (ID:6)
[Sun Jun 22 03:31:15 2025] PERSON_RETURNED: Person=博士仁 (ID:36), City=南皮 (ID:6), Reason=Order Completion
[Sun Jun 22 03:31:15 2025] ORDER_DELETED: Person=博士仁 (ID:36), Order=治理 (ID:4), City=南皮 (ID:6)
[Sun Jun 22 03:31:15 2025] ORDER_EXECUTED: Person=马延 (ID:51), Order=出巡 (ID:5), City=南皮 (ID:6)
[Sun Jun 22 03:31:15 2025] PERSON_RETURNED: Person=马延 (ID:51), City=南皮 (ID:6), Reason=Order Completion
[Sun Jun 22 03:31:15 2025] ORDER_DELETED: Person=马延 (ID:51), Order=出巡 (ID:5), City=南皮 (ID:6)
[Sun Jun 22 03:31:15 2025] ORDER_EXECUTED: Person=司马懿 (ID:63), Order=开垦 (ID:1), City=南皮 (ID:6)
[Sun Jun 22 03:31:15 2025] PERSON_RETURNED: Person=司马懿 (ID:63), City=南皮 (ID:6), Reason=Order Completion
[Sun Jun 22 03:31:15 2025] ORDER_DELETED: Person=司马懿 (ID:63), Order=开垦 (ID:1), City=南皮 (ID:6)
[Sun Jun 22 03:31:15 2025] ORDER_EXECUTED: Person=杨龄 (ID:6), Order=招商 (ID:2), City=北海 (ID:7)
[Sun Jun 22 03:31:15 2025] PERSON_RETURNED: Person=杨龄 (ID:6), City=北海 (ID:7), Reason=Order Completion
[Sun Jun 22 03:31:15 2025] ORDER_DELETED: Person=杨龄 (ID:6), Order=招商 (ID:2), City=北海 (ID:7)
[Sun Jun 22 03:31:15 2025] ORDER_EXECUTED: Person=曹植 (ID:12), Order=出巡 (ID:5), City=北海 (ID:7)
[Sun Jun 22 03:31:15 2025] PERSON_RETURNED: Person=曹植 (ID:12), City=北海 (ID:7), Reason=Order Completion
[Sun Jun 22 03:31:15 2025] ORDER_DELETED: Person=曹植 (ID:12), Order=出巡 (ID:5), City=北海 (ID:7)
[Sun Jun 22 03:31:15 2025] ORDER_EXECUTED: Person=陈群 (ID:25), Order=招商 (ID:2), City=北海 (ID:7)
[Sun Jun 22 03:31:15 2025] PERSON_RETURNED: Person=陈群 (ID:25), City=北海 (ID:7), Reason=Order Completion
[Sun Jun 22 03:31:15 2025] ORDER_DELETED: Person=陈群 (ID:25), Order=招商 (ID:2), City=北海 (ID:7)
[Sun Jun 22 03:31:15 2025] ORDER_EXECUTED: Person=ConversionError (ID:27), Order=出巡 (ID:5), City=北海 (ID:7)
[Sun Jun 22 03:31:15 2025] PERSON_RETURNED: Person=ConversionError (ID:27), City=北海 (ID:7), Reason=Order Completion
[Sun Jun 22 03:31:15 2025] ORDER_DELETED: Person=ConversionError (ID:27), Order=出巡 (ID:5), City=北海 (ID:7)
[Sun Jun 22 03:31:15 2025] ORDER_EXECUTED: Person=许褚 (ID:28), Order=招商 (ID:2), City=北海 (ID:7)
[Sun Jun 22 03:31:15 2025] PERSON_RETURNED: Person=许褚 (ID:28), City=北海 (ID:7), Reason=Order Completion
[Sun Jun 22 03:31:15 2025] ORDER_DELETED: Person=许褚 (ID:28), Order=招商 (ID:2), City=北海 (ID:7)
[Sun Jun 22 03:31:15 2025] ORDER_EXECUTED: Person=毋丘俭 (ID:68), Order=招商 (ID:2), City=北海 (ID:7)
[Sun Jun 22 03:31:15 2025] PERSON_RETURNED: Person=毋丘俭 (ID:68), City=北海 (ID:7), Reason=Order Completion
[Sun Jun 22 03:31:15 2025] ORDER_DELETED: Person=毋丘俭 (ID:68), Order=招商 (ID:2), City=北海 (ID:7)
[Sun Jun 22 03:31:15 2025] ORDER_EXECUTED: Person=程昱 (ID:23), Order=招揽 (ID:16), City=徐州 (ID:13), Target=Person ID 80 (ID:80)
[Sun Jun 22 03:31:15 2025] PERSON_RETURNED: Person=程昱 (ID:23), City=徐州 (ID:13), Reason=Order Completion
[Sun Jun 22 03:31:15 2025] ORDER_DELETED: Person=程昱 (ID:23), Order=招揽 (ID:16), City=徐州 (ID:13), Target=Person ID 80 (ID:80)
[Sun Jun 22 03:31:15 2025] ORDER_EXECUTED: Person=张南 (ID:37), Order=招揽 (ID:16), City=徐州 (ID:13), Target=Person ID 47 (ID:47)
[Sun Jun 22 03:31:15 2025] PERSON_RETURNED: Person=张南 (ID:37), City=徐州 (ID:13), Reason=Order Completion
[Sun Jun 22 03:31:15 2025] ORDER_DELETED: Person=张南 (ID:37), Order=招揽 (ID:16), City=徐州 (ID:13), Target=Person ID 47 (ID:47)
[Sun Jun 22 03:31:15 2025] ORDER_EXECUTED: Person=王修 (ID:39), Order=招揽 (ID:16), City=徐州 (ID:13), Target=Person ID 80 (ID:80)
[Sun Jun 22 03:31:15 2025] PERSON_RETURNED: Person=王修 (ID:39), City=徐州 (ID:13), Reason=Order Completion
[Sun Jun 22 03:31:15 2025] ORDER_DELETED: Person=王修 (ID:39), Order=招揽 (ID:16), City=徐州 (ID:13), Target=Person ID 80 (ID:80)
[Sun Jun 22 03:31:15 2025] ORDER_EXECUTED: Person=曹豹 (ID:43), Order=招揽 (ID:16), City=徐州 (ID:13), Target=下邳 (ID:18)
[Sun Jun 22 03:31:15 2025] PERSON_RETURNED: Person=曹豹 (ID:43), City=徐州 (ID:13), Reason=Order Completion
[Sun Jun 22 03:31:15 2025] ORDER_DELETED: Person=曹豹 (ID:43), Order=招揽 (ID:16), City=徐州 (ID:13), Target=下邳 (ID:18)
[Sun Jun 22 03:31:15 2025] ORDER_EXECUTED: Person=杨任 (ID:60), Order=招揽 (ID:16), City=徐州 (ID:13), Target=Person ID 98 (ID:98)
[Sun Jun 22 03:31:15 2025] PERSON_RETURNED: Person=杨任 (ID:60), City=徐州 (ID:13), Reason=Order Completion
[Sun Jun 22 03:31:15 2025] ORDER_DELETED: Person=杨任 (ID:60), Order=招揽 (ID:16), City=徐州 (ID:13), Target=Person ID 98 (ID:98)
[Sun Jun 22 03:31:15 2025] ORDER_EXECUTED: Person=曹仁 (ID:18), Order=出巡 (ID:5), City=洛阳 (ID:15)
[Sun Jun 22 03:31:15 2025] PERSON_RETURNED: Person=曹仁 (ID:18), City=洛阳 (ID:15), Reason=Order Completion
[Sun Jun 22 03:31:15 2025] ORDER_DELETED: Person=曹仁 (ID:18), Order=出巡 (ID:5), City=洛阳 (ID:15)
[Sun Jun 22 03:31:15 2025] ORDER_EXECUTED: Person=牛金 (ID:19), Order=出巡 (ID:5), City=洛阳 (ID:15)
[Sun Jun 22 03:31:15 2025] PERSON_RETURNED: Person=牛金 (ID:19), City=洛阳 (ID:15), Reason=Order Completion
[Sun Jun 22 03:31:15 2025] ORDER_DELETED: Person=牛金 (ID:19), Order=出巡 (ID:5), City=洛阳 (ID:15)
[Sun Jun 22 03:31:15 2025] ORDER_EXECUTED: Person=高干 (ID:35), Order=出巡 (ID:5), City=洛阳 (ID:15)
[Sun Jun 22 03:31:15 2025] PERSON_RETURNED: Person=高干 (ID:35), City=洛阳 (ID:15), Reason=Order Completion
[Sun Jun 22 03:31:15 2025] ORDER_DELETED: Person=高干 (ID:35), Order=出巡 (ID:5), City=洛阳 (ID:15)
[Sun Jun 22 03:31:15 2025] ORDER_EXECUTED: Person=王双 (ID:46), Order=出巡 (ID:5), City=洛阳 (ID:15)
[Sun Jun 22 03:31:15 2025] PERSON_RETURNED: Person=王双 (ID:46), City=洛阳 (ID:15), Reason=Order Completion
[Sun Jun 22 03:31:15 2025] ORDER_DELETED: Person=王双 (ID:46), Order=出巡 (ID:5), City=洛阳 (ID:15)
[Sun Jun 22 03:31:15 2025] ORDER_EXECUTED: Person=侯成 (ID:47), Order=出巡 (ID:5), City=洛阳 (ID:15)
[Sun Jun 22 03:31:15 2025] PERSON_RETURNED: Person=侯成 (ID:47), City=洛阳 (ID:15), Reason=Order Completion
[Sun Jun 22 03:31:15 2025] ORDER_DELETED: Person=侯成 (ID:47), Order=出巡 (ID:5), City=洛阳 (ID:15)
[Sun Jun 22 03:31:15 2025] ORDER_EXECUTED: Person=王威 (ID:66), Order=出巡 (ID:5), City=洛阳 (ID:15)
[Sun Jun 22 03:31:15 2025] PERSON_RETURNED: Person=王威 (ID:66), City=洛阳 (ID:15), Reason=Order Completion
[Sun Jun 22 03:31:15 2025] ORDER_DELETED: Person=王威 (ID:66), Order=出巡 (ID:5), City=洛阳 (ID:15)
[Sun Jun 22 03:31:15 2025] ORDER_EXECUTED: Person=曹丕 (ID:0), Order=搜寻 (ID:3), City=许昌 (ID:16)
[Sun Jun 22 03:31:15 2025] PERSON_RETURNED: Person=曹丕 (ID:0), City=许昌 (ID:16), Reason=Order Completion
[Sun Jun 22 03:31:15 2025] ORDER_DELETED: Person=曹丕 (ID:0), Order=搜寻 (ID:3), City=许昌 (ID:16)
[Sun Jun 22 03:31:15 2025] ORDER_EXECUTED: Person=辛毗 (ID:40), Order=搜寻 (ID:3), City=许昌 (ID:16)
[Sun Jun 22 03:31:15 2025] PERSON_RETURNED: Person=辛毗 (ID:40), City=许昌 (ID:16), Reason=Order Completion
[Sun Jun 22 03:31:15 2025] ORDER_DELETED: Person=辛毗 (ID:40), Order=搜寻 (ID:3), City=许昌 (ID:16)
[Sun Jun 22 03:31:15 2025] ORDER_EXECUTED: Person=王平 (ID:71), Order=招商 (ID:2), City=许昌 (ID:16)
[Sun Jun 22 03:31:15 2025] PERSON_RETURNED: Person=王平 (ID:71), City=许昌 (ID:16), Reason=Order Completion
[Sun Jun 22 03:31:15 2025] ORDER_DELETED: Person=王平 (ID:71), Order=招商 (ID:2), City=许昌 (ID:16)
[Sun Jun 22 03:31:15 2025] ORDER_EXECUTED: Person=乐进 (ID:16), Order=招揽 (ID:16), City=寿春 (ID:21), Target=Person ID 41 (ID:41)
[Sun Jun 22 03:31:15 2025] PERSON_RETURNED: Person=乐进 (ID:16), City=寿春 (ID:21), Reason=Order Completion
[Sun Jun 22 03:31:15 2025] ORDER_DELETED: Person=乐进 (ID:16), Order=招揽 (ID:16), City=寿春 (ID:21), Target=Person ID 41 (ID:41)
[Sun Jun 22 03:31:15 2025] ORDER_EXECUTED: Person=徐晃 (ID:30), Order=招揽 (ID:16), City=寿春 (ID:21), Target=Person ID 38 (ID:38)
[Sun Jun 22 03:31:15 2025] PERSON_RETURNED: Person=徐晃 (ID:30), City=寿春 (ID:21), Reason=Order Completion
[Sun Jun 22 03:31:15 2025] ORDER_DELETED: Person=徐晃 (ID:30), Order=招揽 (ID:16), City=寿春 (ID:21), Target=Person ID 38 (ID:38)
[Sun Jun 22 03:31:15 2025] ORDER_EXECUTED: Person=高顺 (ID:48), Order=招揽 (ID:16), City=寿春 (ID:21), Target=Person ID 101 (ID:101)
[Sun Jun 22 03:31:15 2025] PERSON_RETURNED: Person=高顺 (ID:48), City=寿春 (ID:21), Reason=Order Completion
[Sun Jun 22 03:31:15 2025] ORDER_DELETED: Person=高顺 (ID:48), Order=招揽 (ID:16), City=寿春 (ID:21), Target=Person ID 101 (ID:101)
[Sun Jun 22 03:31:15 2025] ORDER_EXECUTED: Person=文钦 (ID:67), Order=招揽 (ID:16), City=寿春 (ID:21), Target=Person ID 120 (ID:120)
[Sun Jun 22 03:31:15 2025] PERSON_RETURNED: Person=文钦 (ID:67), City=寿春 (ID:21), Reason=Order Completion
[Sun Jun 22 03:31:15 2025] ORDER_DELETED: Person=文钦 (ID:67), Order=招揽 (ID:16), City=寿春 (ID:21), Target=Person ID 120 (ID:120)
[Sun Jun 22 03:31:16 2025] GAME_TURN: Year=248, Month=8
[Sun Jun 22 03:31:17 2025] COMPUTER_TACTIC: City=襄平 (ID:2), Tactic=Armament
[Sun Jun 22 03:31:17 2025] ORDER_CREATED: Person=夏侯尚 (ID:7), Order=出巡 (ID:5), City=平原 (ID:5)
[Sun Jun 22 03:31:17 2025] PERSON_REMOVED: Person=夏侯尚 (ID:7), City=平原 (ID:5), Reason=Order Assignment
[Sun Jun 22 03:31:17 2025] ORDER_CREATED: Person=杨松 (ID:59), Order=出巡 (ID:5), City=平原 (ID:5)
[Sun Jun 22 03:31:17 2025] PERSON_REMOVED: Person=杨松 (ID:59), City=平原 (ID:5), Reason=Order Assignment
[Sun Jun 22 03:31:17 2025] ORDER_CREATED: Person=孟达 (ID:62), Order=出巡 (ID:5), City=平原 (ID:5)
[Sun Jun 22 03:31:17 2025] PERSON_REMOVED: Person=孟达 (ID:62), City=平原 (ID:5), Reason=Order Assignment
[Sun Jun 22 03:31:17 2025] ORDER_CREATED: Person=杨龄 (ID:6), Order=搜寻 (ID:3), City=北海 (ID:7)
[Sun Jun 22 03:31:17 2025] PERSON_REMOVED: Person=杨龄 (ID:6), City=北海 (ID:7), Reason=Order Assignment
[Sun Jun 22 03:31:17 2025] ORDER_CREATED: Person=曹植 (ID:12), Order=搜寻 (ID:3), City=北海 (ID:7)
[Sun Jun 22 03:31:17 2025] PERSON_REMOVED: Person=曹植 (ID:12), City=北海 (ID:7), Reason=Order Assignment
[Sun Jun 22 03:31:17 2025] ORDER_CREATED: Person=陈群 (ID:25), Order=招商 (ID:2), City=北海 (ID:7)
[Sun Jun 22 03:31:17 2025] PERSON_REMOVED: Person=陈群 (ID:25), City=北海 (ID:7), Reason=Order Assignment
[Sun Jun 22 03:31:17 2025] ORDER_CREATED: Person=ConversionError (ID:27), Order=搜寻 (ID:3), City=北海 (ID:7)
[Sun Jun 22 03:31:17 2025] PERSON_REMOVED: Person=ConversionError (ID:27), City=北海 (ID:7), Reason=Order Assignment
[Sun Jun 22 03:31:17 2025] ORDER_CREATED: Person=许褚 (ID:28), Order=出巡 (ID:5), City=北海 (ID:7)
[Sun Jun 22 03:31:17 2025] PERSON_REMOVED: Person=许褚 (ID:28), City=北海 (ID:7), Reason=Order Assignment
[Sun Jun 22 03:31:17 2025] ORDER_CREATED: Person=毋丘俭 (ID:68), Order=出巡 (ID:5), City=北海 (ID:7)
[Sun Jun 22 03:31:17 2025] PERSON_REMOVED: Person=毋丘俭 (ID:68), City=北海 (ID:7), Reason=Order Assignment
[Sun Jun 22 03:31:17 2025] COMPUTER_TACTIC: City=北海 (ID:7), Tactic=Interior
[Sun Jun 22 03:31:17 2025] ORDER_CREATED: Person=满宠 (ID:26), Order=开垦 (ID:1), City=天水 (ID:8)
[Sun Jun 22 03:31:17 2025] PERSON_REMOVED: Person=满宠 (ID:26), City=天水 (ID:8), Reason=Order Assignment
[Sun Jun 22 03:31:17 2025] ORDER_CREATED: Person=张卫 (ID:58), Order=出巡 (ID:5), City=天水 (ID:8)
[Sun Jun 22 03:31:17 2025] PERSON_REMOVED: Person=张卫 (ID:58), City=天水 (ID:8), Reason=Order Assignment
[Sun Jun 22 03:31:17 2025] COMPUTER_TACTIC: City=天水 (ID:8), Tactic=Interior
[Sun Jun 22 03:31:17 2025] ORDER_CREATED: Person=夏侯德 (ID:8), Order=招揽 (ID:16), City=河内 (ID:9), Target=Person ID 121 (ID:121)
[Sun Jun 22 03:31:17 2025] PERSON_REMOVED: Person=夏侯德 (ID:8), City=河内 (ID:9), Reason=Order Assignment
[Sun Jun 22 03:31:17 2025] ORDER_CREATED: Person=曹洪 (ID:17), Order=招揽 (ID:16), City=河内 (ID:9), Target=Person ID 111 (ID:111)
[Sun Jun 22 03:31:17 2025] PERSON_REMOVED: Person=曹洪 (ID:17), City=河内 (ID:9), Reason=Order Assignment
[Sun Jun 22 03:31:17 2025] ORDER_CREATED: Person=荀攸 (ID:22), Order=招揽 (ID:16), City=河内 (ID:9), Target=Person ID 61 (ID:61)
[Sun Jun 22 03:31:17 2025] PERSON_REMOVED: Person=荀攸 (ID:22), City=河内 (ID:9), Reason=Order Assignment
[Sun Jun 22 03:31:17 2025] ORDER_CREATED: Person=刘晔 (ID:24), Order=招揽 (ID:16), City=河内 (ID:9), Target=Person ID 55 (ID:55)
[Sun Jun 22 03:31:17 2025] PERSON_REMOVED: Person=刘晔 (ID:24), City=河内 (ID:9), Reason=Order Assignment
[Sun Jun 22 03:31:17 2025] ORDER_CREATED: Person=蒋干 (ID:32), Order=招揽 (ID:16), City=河内 (ID:9), Target=Person ID 79 (ID:79)
[Sun Jun 22 03:31:17 2025] PERSON_REMOVED: Person=蒋干 (ID:32), City=河内 (ID:9), Reason=Order Assignment
[Sun Jun 22 03:31:17 2025] ORDER_CREATED: Person=蒯越 (ID:54), Order=招揽 (ID:16), City=河内 (ID:9), Target=Person ID 94 (ID:94)
[Sun Jun 22 03:31:17 2025] PERSON_REMOVED: Person=蒯越 (ID:54), City=河内 (ID:9), Reason=Order Assignment
[Sun Jun 22 03:31:17 2025] ORDER_CREATED: Person=韩嵩 (ID:55), Order=招揽 (ID:16), City=河内 (ID:9), Target=Person ID 89 (ID:89)
[Sun Jun 22 03:31:17 2025] PERSON_REMOVED: Person=韩嵩 (ID:55), City=河内 (ID:9), Reason=Order Assignment
[Sun Jun 22 03:31:17 2025] ORDER_CREATED: Person=司马师 (ID:64), Order=招揽 (ID:16), City=河内 (ID:9), Target=零陵 (ID:35)
[Sun Jun 22 03:31:17 2025] PERSON_REMOVED: Person=司马师 (ID:64), City=河内 (ID:9), Reason=Order Assignment
[Sun Jun 22 03:31:17 2025] ORDER_CREATED: Person=典满 (ID:69), Order=招揽 (ID:16), City=河内 (ID:9), Target=Person ID 43 (ID:43)
[Sun Jun 22 03:31:17 2025] PERSON_REMOVED: Person=典满 (ID:69), City=河内 (ID:9), Reason=Order Assignment
[Sun Jun 22 03:31:18 2025] ORDER_CREATED: Person=郝昭 (ID:70), Order=招揽 (ID:16), City=河内 (ID:9), Target=Person ID 127 (ID:127)
[Sun Jun 22 03:31:18 2025] PERSON_REMOVED: Person=郝昭 (ID:70), City=河内 (ID:9), Reason=Order Assignment
[Sun Jun 22 03:31:18 2025] COMPUTER_TACTIC: City=河内 (ID:9), Tactic=AI_Diplomatism
[Sun Jun 22 03:31:18 2025] ORDER_CREATED: Person=程昱 (ID:23), Order=招商 (ID:2), City=徐州 (ID:13)
[Sun Jun 22 03:31:18 2025] PERSON_REMOVED: Person=程昱 (ID:23), City=徐州 (ID:13), Reason=Order Assignment
[Sun Jun 22 03:31:18 2025] ORDER_CREATED: Person=张南 (ID:37), Order=治理 (ID:4), City=徐州 (ID:13)
[Sun Jun 22 03:31:18 2025] PERSON_REMOVED: Person=张南 (ID:37), City=徐州 (ID:13), Reason=Order Assignment
[Sun Jun 22 03:31:18 2025] ORDER_CREATED: Person=王修 (ID:39), Order=招商 (ID:2), City=徐州 (ID:13)
[Sun Jun 22 03:31:18 2025] PERSON_REMOVED: Person=王修 (ID:39), City=徐州 (ID:13), Reason=Order Assignment
[Sun Jun 22 03:31:18 2025] ORDER_CREATED: Person=曹豹 (ID:43), Order=招商 (ID:2), City=徐州 (ID:13)
[Sun Jun 22 03:31:18 2025] PERSON_REMOVED: Person=曹豹 (ID:43), City=徐州 (ID:13), Reason=Order Assignment
[Sun Jun 22 03:31:18 2025] ORDER_CREATED: Person=杨任 (ID:60), Order=招商 (ID:2), City=徐州 (ID:13)
[Sun Jun 22 03:31:18 2025] PERSON_REMOVED: Person=杨任 (ID:60), City=徐州 (ID:13), Reason=Order Assignment
[Sun Jun 22 03:31:18 2025] COMPUTER_TACTIC: City=徐州 (ID:13), Tactic=Interior
[Sun Jun 22 03:31:18 2025] COMPUTER_TACTIC: City=汉中 (ID:14), Tactic=Interior
[Sun Jun 22 03:31:18 2025] ORDER_CREATED: Person=曹仁 (ID:18), Order=出巡 (ID:5), City=洛阳 (ID:15)
[Sun Jun 22 03:31:18 2025] PERSON_REMOVED: Person=曹仁 (ID:18), City=洛阳 (ID:15), Reason=Order Assignment
[Sun Jun 22 03:31:18 2025] ORDER_CREATED: Person=牛金 (ID:19), Order=出巡 (ID:5), City=洛阳 (ID:15)
[Sun Jun 22 03:31:18 2025] PERSON_REMOVED: Person=牛金 (ID:19), City=洛阳 (ID:15), Reason=Order Assignment
[Sun Jun 22 03:31:18 2025] ORDER_CREATED: Person=高干 (ID:35), Order=出巡 (ID:5), City=洛阳 (ID:15)
[Sun Jun 22 03:31:18 2025] PERSON_REMOVED: Person=高干 (ID:35), City=洛阳 (ID:15), Reason=Order Assignment
[Sun Jun 22 03:31:18 2025] ORDER_CREATED: Person=王双 (ID:46), Order=出巡 (ID:5), City=洛阳 (ID:15)
[Sun Jun 22 03:31:18 2025] PERSON_REMOVED: Person=王双 (ID:46), City=洛阳 (ID:15), Reason=Order Assignment
[Sun Jun 22 03:31:18 2025] ORDER_CREATED: Person=侯成 (ID:47), Order=出巡 (ID:5), City=洛阳 (ID:15)
[Sun Jun 22 03:31:18 2025] PERSON_REMOVED: Person=侯成 (ID:47), City=洛阳 (ID:15), Reason=Order Assignment
[Sun Jun 22 03:31:18 2025] ORDER_CREATED: Person=王威 (ID:66), Order=出巡 (ID:5), City=洛阳 (ID:15)
[Sun Jun 22 03:31:18 2025] PERSON_REMOVED: Person=王威 (ID:66), City=洛阳 (ID:15), Reason=Order Assignment
[Sun Jun 22 03:31:18 2025] COMPUTER_TACTIC: City=梓潼 (ID:19), Tactic=Armament
[Sun Jun 22 03:31:18 2025] ORDER_CREATED: Person=曹休 (ID:20), Order=出巡 (ID:5), City=宛城 (ID:20)
[Sun Jun 22 03:31:18 2025] PERSON_REMOVED: Person=曹休 (ID:20), City=宛城 (ID:20), Reason=Order Assignment
[Sun Jun 22 03:31:18 2025] ORDER_CREATED: Person=臧霸 (ID:44), Order=出巡 (ID:5), City=宛城 (ID:20)
[Sun Jun 22 03:31:18 2025] PERSON_REMOVED: Person=臧霸 (ID:44), City=宛城 (ID:20), Reason=Order Assignment
[Sun Jun 22 03:31:18 2025] ORDER_CREATED: Person=魏续 (ID:45), Order=招商 (ID:2), City=宛城 (ID:20)
[Sun Jun 22 03:31:18 2025] PERSON_REMOVED: Person=魏续 (ID:45), City=宛城 (ID:20), Reason=Order Assignment
[Sun Jun 22 03:31:18 2025] ORDER_CREATED: Person=王粲 (ID:50), Order=招商 (ID:2), City=宛城 (ID:20)
[Sun Jun 22 03:31:18 2025] PERSON_REMOVED: Person=王粲 (ID:50), City=宛城 (ID:20), Reason=Order Assignment
[Sun Jun 22 03:31:18 2025] ORDER_CREATED: Person=张绣 (ID:52), Order=招商 (ID:2), City=宛城 (ID:20)
[Sun Jun 22 03:31:18 2025] PERSON_REMOVED: Person=张绣 (ID:52), City=宛城 (ID:20), Reason=Order Assignment
[Sun Jun 22 03:31:18 2025] COMPUTER_TACTIC: City=宛城 (ID:20), Tactic=Interior
[Sun Jun 22 03:31:18 2025] COMPUTER_TACTIC: City=建业 (ID:22), Tactic=Armament
[Sun Jun 22 03:31:18 2025] COMPUTER_TACTIC: City= (ID:23), Tactic=Armament
[Sun Jun 22 03:31:18 2025] COMPUTER_TACTIC: City=成都 (ID:24), Tactic=Armament
[Sun Jun 22 03:31:18 2025] COMPUTER_TACTIC: City=棉竹 (ID:25), Tactic=Diplomatism
[Sun Jun 22 03:31:18 2025] COMPUTER_TACTIC: City=襄阳 (ID:26), Tactic=Armament
[Sun Jun 22 03:31:18 2025] COMPUTER_TACTIC: City=江夏 (ID:27), Tactic=Interior
[Sun Jun 22 03:31:18 2025] COMPUTER_TACTIC: City=庐江 (ID:28), Tactic=Diplomatism
[Sun Jun 22 03:31:18 2025] COMPUTER_TACTIC: City=会稽 (ID:29), Tactic=Armament
[Sun Jun 22 03:31:18 2025] COMPUTER_TACTIC: City=云南 (ID:30), Tactic=Interior
[Sun Jun 22 03:31:18 2025] COMPUTER_TACTIC: City=巴郡 (ID:31), Tactic=Diplomatism
[Sun Jun 22 03:31:18 2025] COMPUTER_TACTIC: City=武陵 (ID:32), Tactic=Armament
[Sun Jun 22 03:31:18 2025] COMPUTER_TACTIC: City=长沙 (ID:33), Tactic=Diplomatism
[Sun Jun 22 03:31:18 2025] COMPUTER_TACTIC: City=柴桑 (ID:34), Tactic=Diplomatism
[Sun Jun 22 03:31:18 2025] COMPUTER_TACTIC: City=零陵 (ID:35), Tactic=Armament
[Sun Jun 22 03:31:18 2025] COMPUTER_TACTIC: City=桂阳 (ID:36), Tactic=Armament
[Sun Jun 22 03:31:18 2025] ORDER_EXECUTED: Person=夏侯尚 (ID:7), Order=出巡 (ID:5), City=平原 (ID:5)
[Sun Jun 22 03:31:18 2025] PERSON_RETURNED: Person=夏侯尚 (ID:7), City=平原 (ID:5), Reason=Order Completion
[Sun Jun 22 03:31:18 2025] ORDER_DELETED: Person=夏侯尚 (ID:7), Order=出巡 (ID:5), City=平原 (ID:5)
[Sun Jun 22 03:31:18 2025] ORDER_EXECUTED: Person=杨松 (ID:59), Order=出巡 (ID:5), City=平原 (ID:5)
[Sun Jun 22 03:31:18 2025] PERSON_RETURNED: Person=杨松 (ID:59), City=平原 (ID:5), Reason=Order Completion
[Sun Jun 22 03:31:18 2025] ORDER_DELETED: Person=杨松 (ID:59), Order=出巡 (ID:5), City=平原 (ID:5)
[Sun Jun 22 03:31:18 2025] ORDER_EXECUTED: Person=孟达 (ID:62), Order=出巡 (ID:5), City=平原 (ID:5)
[Sun Jun 22 03:31:18 2025] PERSON_RETURNED: Person=孟达 (ID:62), City=平原 (ID:5), Reason=Order Completion
[Sun Jun 22 03:31:18 2025] ORDER_DELETED: Person=孟达 (ID:62), Order=出巡 (ID:5), City=平原 (ID:5)
[Sun Jun 22 03:31:18 2025] ORDER_EXECUTED: Person=杨龄 (ID:6), Order=搜寻 (ID:3), City=北海 (ID:7)
[Sun Jun 22 03:31:18 2025] PERSON_RETURNED: Person=杨龄 (ID:6), City=北海 (ID:7), Reason=Order Completion
[Sun Jun 22 03:31:18 2025] ORDER_DELETED: Person=杨龄 (ID:6), Order=搜寻 (ID:3), City=北海 (ID:7)
[Sun Jun 22 03:31:18 2025] ORDER_EXECUTED: Person=曹植 (ID:12), Order=搜寻 (ID:3), City=北海 (ID:7)
[Sun Jun 22 03:31:18 2025] PERSON_RETURNED: Person=曹植 (ID:12), City=北海 (ID:7), Reason=Order Completion
[Sun Jun 22 03:31:18 2025] ORDER_DELETED: Person=曹植 (ID:12), Order=搜寻 (ID:3), City=北海 (ID:7)
[Sun Jun 22 03:31:18 2025] ORDER_EXECUTED: Person=陈群 (ID:25), Order=招商 (ID:2), City=北海 (ID:7)
[Sun Jun 22 03:31:18 2025] PERSON_RETURNED: Person=陈群 (ID:25), City=北海 (ID:7), Reason=Order Completion
[Sun Jun 22 03:31:18 2025] ORDER_DELETED: Person=陈群 (ID:25), Order=招商 (ID:2), City=北海 (ID:7)
[Sun Jun 22 03:31:18 2025] ORDER_EXECUTED: Person=ConversionError (ID:27), Order=搜寻 (ID:3), City=北海 (ID:7)
[Sun Jun 22 03:31:18 2025] PERSON_RETURNED: Person=ConversionError (ID:27), City=北海 (ID:7), Reason=Order Completion
[Sun Jun 22 03:31:18 2025] ORDER_DELETED: Person=ConversionError (ID:27), Order=搜寻 (ID:3), City=北海 (ID:7)
[Sun Jun 22 03:31:18 2025] ORDER_EXECUTED: Person=许褚 (ID:28), Order=出巡 (ID:5), City=北海 (ID:7)
[Sun Jun 22 03:31:18 2025] PERSON_RETURNED: Person=许褚 (ID:28), City=北海 (ID:7), Reason=Order Completion
[Sun Jun 22 03:31:18 2025] ORDER_DELETED: Person=许褚 (ID:28), Order=出巡 (ID:5), City=北海 (ID:7)
[Sun Jun 22 03:31:18 2025] ORDER_EXECUTED: Person=毋丘俭 (ID:68), Order=出巡 (ID:5), City=北海 (ID:7)
[Sun Jun 22 03:31:18 2025] PERSON_RETURNED: Person=毋丘俭 (ID:68), City=北海 (ID:7), Reason=Order Completion
[Sun Jun 22 03:31:18 2025] ORDER_DELETED: Person=毋丘俭 (ID:68), Order=出巡 (ID:5), City=北海 (ID:7)
[Sun Jun 22 03:31:18 2025] ORDER_EXECUTED: Person=满宠 (ID:26), Order=开垦 (ID:1), City=天水 (ID:8)
[Sun Jun 22 03:31:18 2025] PERSON_RETURNED: Person=满宠 (ID:26), City=天水 (ID:8), Reason=Order Completion
[Sun Jun 22 03:31:18 2025] ORDER_DELETED: Person=满宠 (ID:26), Order=开垦 (ID:1), City=天水 (ID:8)
[Sun Jun 22 03:31:18 2025] ORDER_EXECUTED: Person=张卫 (ID:58), Order=出巡 (ID:5), City=天水 (ID:8)
[Sun Jun 22 03:31:18 2025] PERSON_RETURNED: Person=张卫 (ID:58), City=天水 (ID:8), Reason=Order Completion
[Sun Jun 22 03:31:18 2025] ORDER_DELETED: Person=张卫 (ID:58), Order=出巡 (ID:5), City=天水 (ID:8)
[Sun Jun 22 03:31:18 2025] ORDER_EXECUTED: Person=夏侯德 (ID:8), Order=招揽 (ID:16), City=河内 (ID:9), Target=Person ID 121 (ID:121)
[Sun Jun 22 03:31:18 2025] PERSON_RETURNED: Person=夏侯德 (ID:8), City=河内 (ID:9), Reason=Order Completion
[Sun Jun 22 03:31:18 2025] ORDER_DELETED: Person=夏侯德 (ID:8), Order=招揽 (ID:16), City=河内 (ID:9), Target=Person ID 121 (ID:121)
[Sun Jun 22 03:31:18 2025] ORDER_EXECUTED: Person=曹洪 (ID:17), Order=招揽 (ID:16), City=河内 (ID:9), Target=Person ID 111 (ID:111)
[Sun Jun 22 03:31:18 2025] PERSON_RETURNED: Person=曹洪 (ID:17), City=河内 (ID:9), Reason=Order Completion
[Sun Jun 22 03:31:18 2025] ORDER_DELETED: Person=曹洪 (ID:17), Order=招揽 (ID:16), City=河内 (ID:9), Target=Person ID 111 (ID:111)
[Sun Jun 22 03:31:18 2025] ORDER_EXECUTED: Person=荀攸 (ID:22), Order=招揽 (ID:16), City=河内 (ID:9), Target=Person ID 61 (ID:61)
[Sun Jun 22 03:31:18 2025] PERSON_RETURNED: Person=荀攸 (ID:22), City=河内 (ID:9), Reason=Order Completion
[Sun Jun 22 03:31:18 2025] ORDER_DELETED: Person=荀攸 (ID:22), Order=招揽 (ID:16), City=河内 (ID:9), Target=Person ID 61 (ID:61)
[Sun Jun 22 03:31:18 2025] ORDER_EXECUTED: Person=刘晔 (ID:24), Order=招揽 (ID:16), City=河内 (ID:9), Target=Person ID 55 (ID:55)
[Sun Jun 22 03:31:18 2025] PERSON_RETURNED: Person=刘晔 (ID:24), City=河内 (ID:9), Reason=Order Completion
[Sun Jun 22 03:31:18 2025] ORDER_DELETED: Person=刘晔 (ID:24), Order=招揽 (ID:16), City=河内 (ID:9), Target=Person ID 55 (ID:55)
[Sun Jun 22 03:31:18 2025] ORDER_EXECUTED: Person=蒋干 (ID:32), Order=招揽 (ID:16), City=河内 (ID:9), Target=Person ID 79 (ID:79)
[Sun Jun 22 03:31:18 2025] PERSON_RETURNED: Person=蒋干 (ID:32), City=河内 (ID:9), Reason=Order Completion
[Sun Jun 22 03:31:18 2025] ORDER_DELETED: Person=蒋干 (ID:32), Order=招揽 (ID:16), City=河内 (ID:9), Target=Person ID 79 (ID:79)
[Sun Jun 22 03:31:18 2025] ORDER_EXECUTED: Person=蒯越 (ID:54), Order=招揽 (ID:16), City=河内 (ID:9), Target=Person ID 94 (ID:94)
[Sun Jun 22 03:31:19 2025] PERSON_RETURNED: Person=蒯越 (ID:54), City=河内 (ID:9), Reason=Order Completion
[Sun Jun 22 03:31:19 2025] ORDER_DELETED: Person=蒯越 (ID:54), Order=招揽 (ID:16), City=河内 (ID:9), Target=Person ID 94 (ID:94)
[Sun Jun 22 03:31:19 2025] ORDER_EXECUTED: Person=韩嵩 (ID:55), Order=招揽 (ID:16), City=河内 (ID:9), Target=Person ID 89 (ID:89)
[Sun Jun 22 03:31:19 2025] PERSON_RETURNED: Person=韩嵩 (ID:55), City=河内 (ID:9), Reason=Order Completion
[Sun Jun 22 03:31:19 2025] ORDER_DELETED: Person=韩嵩 (ID:55), Order=招揽 (ID:16), City=河内 (ID:9), Target=Person ID 89 (ID:89)
[Sun Jun 22 03:31:19 2025] ORDER_EXECUTED: Person=司马师 (ID:64), Order=招揽 (ID:16), City=河内 (ID:9), Target=零陵 (ID:35)
[Sun Jun 22 03:31:19 2025] PERSON_RETURNED: Person=司马师 (ID:64), City=河内 (ID:9), Reason=Order Completion
[Sun Jun 22 03:31:19 2025] ORDER_DELETED: Person=司马师 (ID:64), Order=招揽 (ID:16), City=河内 (ID:9), Target=零陵 (ID:35)
[Sun Jun 22 03:31:19 2025] ORDER_EXECUTED: Person=典满 (ID:69), Order=招揽 (ID:16), City=河内 (ID:9), Target=Person ID 43 (ID:43)
[Sun Jun 22 03:31:19 2025] PERSON_RETURNED: Person=典满 (ID:69), City=河内 (ID:9), Reason=Order Completion
[Sun Jun 22 03:31:19 2025] ORDER_DELETED: Person=典满 (ID:69), Order=招揽 (ID:16), City=河内 (ID:9), Target=Person ID 43 (ID:43)
[Sun Jun 22 03:31:19 2025] ORDER_EXECUTED: Person=郝昭 (ID:70), Order=招揽 (ID:16), City=河内 (ID:9), Target=Person ID 127 (ID:127)
[Sun Jun 22 03:31:19 2025] PERSON_RETURNED: Person=郝昭 (ID:70), City=河内 (ID:9), Reason=Order Completion
[Sun Jun 22 03:31:19 2025] ORDER_DELETED: Person=郝昭 (ID:70), Order=招揽 (ID:16), City=河内 (ID:9), Target=Person ID 127 (ID:127)
[Sun Jun 22 03:31:19 2025] ORDER_EXECUTED: Person=程昱 (ID:23), Order=招商 (ID:2), City=徐州 (ID:13)
[Sun Jun 22 03:31:19 2025] PERSON_RETURNED: Person=程昱 (ID:23), City=徐州 (ID:13), Reason=Order Completion
[Sun Jun 22 03:31:19 2025] ORDER_DELETED: Person=程昱 (ID:23), Order=招商 (ID:2), City=徐州 (ID:13)
[Sun Jun 22 03:31:19 2025] ORDER_EXECUTED: Person=张南 (ID:37), Order=治理 (ID:4), City=徐州 (ID:13)
[Sun Jun 22 03:31:19 2025] PERSON_RETURNED: Person=张南 (ID:37), City=徐州 (ID:13), Reason=Order Completion
[Sun Jun 22 03:31:19 2025] ORDER_DELETED: Person=张南 (ID:37), Order=治理 (ID:4), City=徐州 (ID:13)
[Sun Jun 22 03:31:19 2025] ORDER_EXECUTED: Person=王修 (ID:39), Order=招商 (ID:2), City=徐州 (ID:13)
[Sun Jun 22 03:31:19 2025] PERSON_RETURNED: Person=王修 (ID:39), City=徐州 (ID:13), Reason=Order Completion
[Sun Jun 22 03:31:19 2025] ORDER_DELETED: Person=王修 (ID:39), Order=招商 (ID:2), City=徐州 (ID:13)
[Sun Jun 22 03:31:19 2025] ORDER_EXECUTED: Person=曹豹 (ID:43), Order=招商 (ID:2), City=徐州 (ID:13)
[Sun Jun 22 03:31:19 2025] PERSON_RETURNED: Person=曹豹 (ID:43), City=徐州 (ID:13), Reason=Order Completion
[Sun Jun 22 03:31:19 2025] ORDER_DELETED: Person=曹豹 (ID:43), Order=招商 (ID:2), City=徐州 (ID:13)
[Sun Jun 22 03:31:19 2025] ORDER_EXECUTED: Person=杨任 (ID:60), Order=招商 (ID:2), City=徐州 (ID:13)
[Sun Jun 22 03:31:19 2025] PERSON_RETURNED: Person=杨任 (ID:60), City=徐州 (ID:13), Reason=Order Completion
[Sun Jun 22 03:31:19 2025] ORDER_DELETED: Person=杨任 (ID:60), Order=招商 (ID:2), City=徐州 (ID:13)
[Sun Jun 22 03:31:19 2025] ORDER_EXECUTED: Person=曹仁 (ID:18), Order=出巡 (ID:5), City=洛阳 (ID:15)
[Sun Jun 22 03:31:19 2025] PERSON_RETURNED: Person=曹仁 (ID:18), City=洛阳 (ID:15), Reason=Order Completion
[Sun Jun 22 03:31:19 2025] ORDER_DELETED: Person=曹仁 (ID:18), Order=出巡 (ID:5), City=洛阳 (ID:15)
[Sun Jun 22 03:31:19 2025] ORDER_EXECUTED: Person=牛金 (ID:19), Order=出巡 (ID:5), City=洛阳 (ID:15)
[Sun Jun 22 03:31:19 2025] PERSON_RETURNED: Person=牛金 (ID:19), City=洛阳 (ID:15), Reason=Order Completion
[Sun Jun 22 03:31:19 2025] ORDER_DELETED: Person=牛金 (ID:19), Order=出巡 (ID:5), City=洛阳 (ID:15)
[Sun Jun 22 03:31:19 2025] ORDER_EXECUTED: Person=高干 (ID:35), Order=出巡 (ID:5), City=洛阳 (ID:15)
[Sun Jun 22 03:31:19 2025] PERSON_RETURNED: Person=高干 (ID:35), City=洛阳 (ID:15), Reason=Order Completion
[Sun Jun 22 03:31:19 2025] ORDER_DELETED: Person=高干 (ID:35), Order=出巡 (ID:5), City=洛阳 (ID:15)
[Sun Jun 22 03:31:19 2025] ORDER_EXECUTED: Person=王双 (ID:46), Order=出巡 (ID:5), City=洛阳 (ID:15)
[Sun Jun 22 03:31:19 2025] PERSON_RETURNED: Person=王双 (ID:46), City=洛阳 (ID:15), Reason=Order Completion
[Sun Jun 22 03:31:19 2025] ORDER_DELETED: Person=王双 (ID:46), Order=出巡 (ID:5), City=洛阳 (ID:15)
[Sun Jun 22 03:31:19 2025] ORDER_EXECUTED: Person=侯成 (ID:47), Order=出巡 (ID:5), City=洛阳 (ID:15)
[Sun Jun 22 03:31:19 2025] PERSON_RETURNED: Person=侯成 (ID:47), City=洛阳 (ID:15), Reason=Order Completion
[Sun Jun 22 03:31:19 2025] ORDER_DELETED: Person=侯成 (ID:47), Order=出巡 (ID:5), City=洛阳 (ID:15)
[Sun Jun 22 03:31:19 2025] ORDER_EXECUTED: Person=王威 (ID:66), Order=出巡 (ID:5), City=洛阳 (ID:15)
[Sun Jun 22 03:31:19 2025] PERSON_RETURNED: Person=王威 (ID:66), City=洛阳 (ID:15), Reason=Order Completion
[Sun Jun 22 03:31:19 2025] ORDER_DELETED: Person=王威 (ID:66), Order=出巡 (ID:5), City=洛阳 (ID:15)
[Sun Jun 22 03:31:19 2025] ORDER_EXECUTED: Person=曹休 (ID:20), Order=出巡 (ID:5), City=宛城 (ID:20)
[Sun Jun 22 03:31:19 2025] PERSON_RETURNED: Person=曹休 (ID:20), City=宛城 (ID:20), Reason=Order Completion
[Sun Jun 22 03:31:19 2025] ORDER_DELETED: Person=曹休 (ID:20), Order=出巡 (ID:5), City=宛城 (ID:20)
[Sun Jun 22 03:31:19 2025] ORDER_EXECUTED: Person=臧霸 (ID:44), Order=出巡 (ID:5), City=宛城 (ID:20)
[Sun Jun 22 03:31:19 2025] PERSON_RETURNED: Person=臧霸 (ID:44), City=宛城 (ID:20), Reason=Order Completion
[Sun Jun 22 03:31:19 2025] ORDER_DELETED: Person=臧霸 (ID:44), Order=出巡 (ID:5), City=宛城 (ID:20)
[Sun Jun 22 03:31:19 2025] ORDER_EXECUTED: Person=魏续 (ID:45), Order=招商 (ID:2), City=宛城 (ID:20)
[Sun Jun 22 03:31:19 2025] PERSON_RETURNED: Person=魏续 (ID:45), City=宛城 (ID:20), Reason=Order Completion
[Sun Jun 22 03:31:19 2025] ORDER_DELETED: Person=魏续 (ID:45), Order=招商 (ID:2), City=宛城 (ID:20)
[Sun Jun 22 03:31:19 2025] ORDER_EXECUTED: Person=王粲 (ID:50), Order=招商 (ID:2), City=宛城 (ID:20)
[Sun Jun 22 03:31:19 2025] PERSON_RETURNED: Person=王粲 (ID:50), City=宛城 (ID:20), Reason=Order Completion
[Sun Jun 22 03:31:19 2025] ORDER_DELETED: Person=王粲 (ID:50), Order=招商 (ID:2), City=宛城 (ID:20)
[Sun Jun 22 03:31:19 2025] ORDER_EXECUTED: Person=张绣 (ID:52), Order=招商 (ID:2), City=宛城 (ID:20)
[Sun Jun 22 03:31:19 2025] PERSON_RETURNED: Person=张绣 (ID:52), City=宛城 (ID:20), Reason=Order Completion
[Sun Jun 22 03:31:19 2025] ORDER_DELETED: Person=张绣 (ID:52), Order=招商 (ID:2), City=宛城 (ID:20)
[Sun Jun 22 03:31:19 2025] GAME_TURN: Year=248, Month=9
[Sun Jun 22 03:31:21 2025] COMPUTER_TACTIC: City=襄平 (ID:2), Tactic=Interior
[Sun Jun 22 03:31:21 2025] ORDER_CREATED: Person=郭淮 (ID:31), Order=治理 (ID:4), City= (ID:11)
[Sun Jun 22 03:31:21 2025] PERSON_REMOVED: Person=郭淮 (ID:31), City= (ID:11), Reason=Order Assignment
[Sun Jun 22 03:31:21 2025] ORDER_CREATED: Person=高览 (ID:34), Order=搜寻 (ID:3), City= (ID:11)
[Sun Jun 22 03:31:21 2025] PERSON_REMOVED: Person=高览 (ID:34), City= (ID:11), Reason=Order Assignment
[Sun Jun 22 03:31:21 2025] ORDER_CREATED: Person=文聘 (ID:57), Order=治理 (ID:4), City= (ID:11)
[Sun Jun 22 03:31:21 2025] PERSON_REMOVED: Person=文聘 (ID:57), City= (ID:11), Reason=Order Assignment
[Sun Jun 22 03:31:21 2025] COMPUTER_TACTIC: City= (ID:11), Tactic=Interior
[Sun Jun 22 03:31:21 2025] ORDER_CREATED: Person=程昱 (ID:23), Order=招揽 (ID:16), City=徐州 (ID:13), Target=Person ID 64 (ID:64)
[Sun Jun 22 03:31:21 2025] PERSON_REMOVED: Person=程昱 (ID:23), City=徐州 (ID:13), Reason=Order Assignment
[Sun Jun 22 03:31:21 2025] ORDER_CREATED: Person=张南 (ID:37), Order=招揽 (ID:16), City=徐州 (ID:13), Target=下邳 (ID:18)
[Sun Jun 22 03:31:21 2025] PERSON_REMOVED: Person=张南 (ID:37), City=徐州 (ID:13), Reason=Order Assignment
[Sun Jun 22 03:31:21 2025] ORDER_CREATED: Person=王修 (ID:39), Order=招揽 (ID:16), City=徐州 (ID:13), Target=Person ID 58 (ID:58)
[Sun Jun 22 03:31:21 2025] PERSON_REMOVED: Person=王修 (ID:39), City=徐州 (ID:13), Reason=Order Assignment
[Sun Jun 22 03:31:21 2025] ORDER_CREATED: Person=曹豹 (ID:43), Order=招揽 (ID:16), City=徐州 (ID:13), Target=Person ID 64 (ID:64)
[Sun Jun 22 03:31:21 2025] PERSON_REMOVED: Person=曹豹 (ID:43), City=徐州 (ID:13), Reason=Order Assignment
[Sun Jun 22 03:31:21 2025] ORDER_CREATED: Person=杨任 (ID:60), Order=招揽 (ID:16), City=徐州 (ID:13), Target=Person ID 131 (ID:131)
[Sun Jun 22 03:31:21 2025] PERSON_REMOVED: Person=杨任 (ID:60), City=徐州 (ID:13), Reason=Order Assignment
[Sun Jun 22 03:31:21 2025] COMPUTER_TACTIC: City=徐州 (ID:13), Tactic=AI_Diplomatism
[Sun Jun 22 03:31:21 2025] COMPUTER_TACTIC: City=汉中 (ID:14), Tactic=Diplomatism
[Sun Jun 22 03:31:21 2025] ORDER_CREATED: Person=曹仁 (ID:18), Order=招揽 (ID:16), City=洛阳 (ID:15), Target=Person ID 50 (ID:50)
[Sun Jun 22 03:31:21 2025] PERSON_REMOVED: Person=曹仁 (ID:18), City=洛阳 (ID:15), Reason=Order Assignment
[Sun Jun 22 03:31:21 2025] ORDER_CREATED: Person=牛金 (ID:19), Order=招揽 (ID:16), City=洛阳 (ID:15), Target=棉竹 (ID:25)
[Sun Jun 22 03:31:21 2025] PERSON_REMOVED: Person=牛金 (ID:19), City=洛阳 (ID:15), Reason=Order Assignment
[Sun Jun 22 03:31:21 2025] ORDER_CREATED: Person=高干 (ID:35), Order=招揽 (ID:16), City=洛阳 (ID:15), Target=Person ID 52 (ID:52)
[Sun Jun 22 03:31:21 2025] PERSON_REMOVED: Person=高干 (ID:35), City=洛阳 (ID:15), Reason=Order Assignment
[Sun Jun 22 03:31:21 2025] ORDER_CREATED: Person=王双 (ID:46), Order=招揽 (ID:16), City=洛阳 (ID:15), Target=Person ID 111 (ID:111)
[Sun Jun 22 03:31:21 2025] PERSON_REMOVED: Person=王双 (ID:46), City=洛阳 (ID:15), Reason=Order Assignment
[Sun Jun 22 03:31:21 2025] ORDER_CREATED: Person=侯成 (ID:47), Order=招揽 (ID:16), City=洛阳 (ID:15), Target=Person ID 123 (ID:123)
[Sun Jun 22 03:31:21 2025] PERSON_REMOVED: Person=侯成 (ID:47), City=洛阳 (ID:15), Reason=Order Assignment
[Sun Jun 22 03:31:21 2025] ORDER_CREATED: Person=王威 (ID:66), Order=招揽 (ID:16), City=洛阳 (ID:15), Target=Person ID 104 (ID:104)
[Sun Jun 22 03:31:21 2025] PERSON_REMOVED: Person=王威 (ID:66), City=洛阳 (ID:15), Reason=Order Assignment
[Sun Jun 22 03:31:21 2025] COMPUTER_TACTIC: City=洛阳 (ID:15), Tactic=AI_Diplomatism
[Sun Jun 22 03:31:21 2025] COMPUTER_TACTIC: City=梓潼 (ID:19), Tactic=Armament
[Sun Jun 22 03:31:21 2025] ORDER_CREATED: Person=乐进 (ID:16), Order=招揽 (ID:16), City=寿春 (ID:21), Target=Person ID 139 (ID:139)
[Sun Jun 22 03:31:21 2025] PERSON_REMOVED: Person=乐进 (ID:16), City=寿春 (ID:21), Reason=Order Assignment
[Sun Jun 22 03:31:21 2025] ORDER_CREATED: Person=徐晃 (ID:30), Order=招揽 (ID:16), City=寿春 (ID:21), Target=Person ID 140 (ID:140)
[Sun Jun 22 03:31:21 2025] PERSON_REMOVED: Person=徐晃 (ID:30), City=寿春 (ID:21), Reason=Order Assignment
[Sun Jun 22 03:31:21 2025] ORDER_CREATED: Person=高顺 (ID:48), Order=招揽 (ID:16), City=寿春 (ID:21), Target=Person ID 96 (ID:96)
[Sun Jun 22 03:31:21 2025] PERSON_REMOVED: Person=高顺 (ID:48), City=寿春 (ID:21), Reason=Order Assignment
[Sun Jun 22 03:31:21 2025] ORDER_CREATED: Person=文钦 (ID:67), Order=招揽 (ID:16), City=寿春 (ID:21), Target=Person ID 121 (ID:121)
[Sun Jun 22 03:31:21 2025] PERSON_REMOVED: Person=文钦 (ID:67), City=寿春 (ID:21), Reason=Order Assignment
[Sun Jun 22 03:31:21 2025] COMPUTER_TACTIC: City=寿春 (ID:21), Tactic=AI_Diplomatism
[Sun Jun 22 03:31:21 2025] COMPUTER_TACTIC: City=建业 (ID:22), Tactic=Armament
[Sun Jun 22 03:31:21 2025] COMPUTER_TACTIC: City= (ID:23), Tactic=Armament
[Sun Jun 22 03:31:21 2025] COMPUTER_TACTIC: City=成都 (ID:24), Tactic=Armament
[Sun Jun 22 03:31:21 2025] COMPUTER_TACTIC: City=棉竹 (ID:25), Tactic=Interior
[Sun Jun 22 03:31:21 2025] COMPUTER_TACTIC: City=襄阳 (ID:26), Tactic=Diplomatism
[Sun Jun 22 03:31:21 2025] COMPUTER_TACTIC: City=江夏 (ID:27), Tactic=Armament
[Sun Jun 22 03:31:21 2025] COMPUTER_TACTIC: City=庐江 (ID:28), Tactic=Armament
[Sun Jun 22 03:31:21 2025] COMPUTER_TACTIC: City=会稽 (ID:29), Tactic=Diplomatism
[Sun Jun 22 03:31:21 2025] COMPUTER_TACTIC: City=云南 (ID:30), Tactic=Interior
[Sun Jun 22 03:31:21 2025] COMPUTER_TACTIC: City=巴郡 (ID:31), Tactic=Armament
[Sun Jun 22 03:31:21 2025] COMPUTER_TACTIC: City=武陵 (ID:32), Tactic=Armament
[Sun Jun 22 03:31:21 2025] COMPUTER_TACTIC: City=长沙 (ID:33), Tactic=Diplomatism
[Sun Jun 22 03:31:21 2025] COMPUTER_TACTIC: City=柴桑 (ID:34), Tactic=Diplomatism
[Sun Jun 22 03:31:21 2025] COMPUTER_TACTIC: City=零陵 (ID:35), Tactic=Interior
[Sun Jun 22 03:31:21 2025] COMPUTER_TACTIC: City=桂阳 (ID:36), Tactic=Armament
[Sun Jun 22 03:31:21 2025] ORDER_EXECUTED: Person=郭淮 (ID:31), Order=治理 (ID:4), City= (ID:11)
[Sun Jun 22 03:31:21 2025] PERSON_RETURNED: Person=郭淮 (ID:31), City= (ID:11), Reason=Order Completion
[Sun Jun 22 03:31:21 2025] ORDER_DELETED: Person=郭淮 (ID:31), Order=治理 (ID:4), City= (ID:11)
[Sun Jun 22 03:31:21 2025] ORDER_EXECUTED: Person=高览 (ID:34), Order=搜寻 (ID:3), City= (ID:11)
[Sun Jun 22 03:31:21 2025] PERSON_RETURNED: Person=高览 (ID:34), City= (ID:11), Reason=Order Completion
[Sun Jun 22 03:31:21 2025] ORDER_DELETED: Person=高览 (ID:34), Order=搜寻 (ID:3), City= (ID:11)
[Sun Jun 22 03:31:21 2025] ORDER_EXECUTED: Person=文聘 (ID:57), Order=治理 (ID:4), City= (ID:11)
[Sun Jun 22 03:31:21 2025] PERSON_RETURNED: Person=文聘 (ID:57), City= (ID:11), Reason=Order Completion
[Sun Jun 22 03:31:21 2025] ORDER_DELETED: Person=文聘 (ID:57), Order=治理 (ID:4), City= (ID:11)
[Sun Jun 22 03:31:21 2025] ORDER_EXECUTED: Person=程昱 (ID:23), Order=招揽 (ID:16), City=徐州 (ID:13), Target=Person ID 64 (ID:64)
[Sun Jun 22 03:31:21 2025] PERSON_RETURNED: Person=程昱 (ID:23), City=徐州 (ID:13), Reason=Order Completion
[Sun Jun 22 03:31:21 2025] ORDER_DELETED: Person=程昱 (ID:23), Order=招揽 (ID:16), City=徐州 (ID:13), Target=Person ID 64 (ID:64)
[Sun Jun 22 03:31:21 2025] ORDER_EXECUTED: Person=张南 (ID:37), Order=招揽 (ID:16), City=徐州 (ID:13), Target=下邳 (ID:18)
[Sun Jun 22 03:31:21 2025] PERSON_RETURNED: Person=张南 (ID:37), City=徐州 (ID:13), Reason=Order Completion
[Sun Jun 22 03:31:21 2025] ORDER_DELETED: Person=张南 (ID:37), Order=招揽 (ID:16), City=徐州 (ID:13), Target=下邳 (ID:18)
[Sun Jun 22 03:31:21 2025] ORDER_EXECUTED: Person=王修 (ID:39), Order=招揽 (ID:16), City=徐州 (ID:13), Target=Person ID 58 (ID:58)
[Sun Jun 22 03:31:21 2025] PERSON_RETURNED: Person=王修 (ID:39), City=徐州 (ID:13), Reason=Order Completion
[Sun Jun 22 03:31:21 2025] ORDER_DELETED: Person=王修 (ID:39), Order=招揽 (ID:16), City=徐州 (ID:13), Target=Person ID 58 (ID:58)
[Sun Jun 22 03:31:21 2025] ORDER_EXECUTED: Person=曹豹 (ID:43), Order=招揽 (ID:16), City=徐州 (ID:13), Target=Person ID 64 (ID:64)
[Sun Jun 22 03:31:21 2025] PERSON_RETURNED: Person=曹豹 (ID:43), City=徐州 (ID:13), Reason=Order Completion
[Sun Jun 22 03:31:21 2025] ORDER_DELETED: Person=曹豹 (ID:43), Order=招揽 (ID:16), City=徐州 (ID:13), Target=Person ID 64 (ID:64)
[Sun Jun 22 03:31:21 2025] ORDER_EXECUTED: Person=杨任 (ID:60), Order=招揽 (ID:16), City=徐州 (ID:13), Target=Person ID 131 (ID:131)
[Sun Jun 22 03:31:21 2025] PERSON_RETURNED: Person=杨任 (ID:60), City=徐州 (ID:13), Reason=Order Completion
[Sun Jun 22 03:31:21 2025] ORDER_DELETED: Person=杨任 (ID:60), Order=招揽 (ID:16), City=徐州 (ID:13), Target=Person ID 131 (ID:131)
[Sun Jun 22 03:31:21 2025] ORDER_EXECUTED: Person=曹仁 (ID:18), Order=招揽 (ID:16), City=洛阳 (ID:15), Target=Person ID 50 (ID:50)
[Sun Jun 22 03:31:21 2025] PERSON_RETURNED: Person=曹仁 (ID:18), City=洛阳 (ID:15), Reason=Order Completion
[Sun Jun 22 03:31:21 2025] ORDER_DELETED: Person=曹仁 (ID:18), Order=招揽 (ID:16), City=洛阳 (ID:15), Target=Person ID 50 (ID:50)
[Sun Jun 22 03:31:21 2025] ORDER_EXECUTED: Person=牛金 (ID:19), Order=招揽 (ID:16), City=洛阳 (ID:15), Target=棉竹 (ID:25)
[Sun Jun 22 03:31:21 2025] PERSON_RETURNED: Person=牛金 (ID:19), City=洛阳 (ID:15), Reason=Order Completion
[Sun Jun 22 03:31:21 2025] ORDER_DELETED: Person=牛金 (ID:19), Order=招揽 (ID:16), City=洛阳 (ID:15), Target=棉竹 (ID:25)
[Sun Jun 22 03:31:21 2025] ORDER_EXECUTED: Person=高干 (ID:35), Order=招揽 (ID:16), City=洛阳 (ID:15), Target=Person ID 52 (ID:52)
[Sun Jun 22 03:31:21 2025] PERSON_RETURNED: Person=高干 (ID:35), City=洛阳 (ID:15), Reason=Order Completion
[Sun Jun 22 03:31:21 2025] ORDER_DELETED: Person=高干 (ID:35), Order=招揽 (ID:16), City=洛阳 (ID:15), Target=Person ID 52 (ID:52)
[Sun Jun 22 03:31:21 2025] ORDER_EXECUTED: Person=王双 (ID:46), Order=招揽 (ID:16), City=洛阳 (ID:15), Target=Person ID 111 (ID:111)
[Sun Jun 22 03:31:21 2025] PERSON_RETURNED: Person=王双 (ID:46), City=洛阳 (ID:15), Reason=Order Completion
[Sun Jun 22 03:31:21 2025] ORDER_DELETED: Person=王双 (ID:46), Order=招揽 (ID:16), City=洛阳 (ID:15), Target=Person ID 111 (ID:111)
[Sun Jun 22 03:31:21 2025] ORDER_EXECUTED: Person=侯成 (ID:47), Order=招揽 (ID:16), City=洛阳 (ID:15), Target=Person ID 123 (ID:123)
[Sun Jun 22 03:31:21 2025] PERSON_RETURNED: Person=侯成 (ID:47), City=洛阳 (ID:15), Reason=Order Completion
[Sun Jun 22 03:31:21 2025] ORDER_DELETED: Person=侯成 (ID:47), Order=招揽 (ID:16), City=洛阳 (ID:15), Target=Person ID 123 (ID:123)
[Sun Jun 22 03:31:21 2025] ORDER_EXECUTED: Person=王威 (ID:66), Order=招揽 (ID:16), City=洛阳 (ID:15), Target=Person ID 104 (ID:104)
[Sun Jun 22 03:31:21 2025] PERSON_RETURNED: Person=王威 (ID:66), City=洛阳 (ID:15), Reason=Order Completion
[Sun Jun 22 03:31:21 2025] ORDER_DELETED: Person=王威 (ID:66), Order=招揽 (ID:16), City=洛阳 (ID:15), Target=Person ID 104 (ID:104)
[Sun Jun 22 03:31:21 2025] ORDER_EXECUTED: Person=乐进 (ID:16), Order=招揽 (ID:16), City=寿春 (ID:21), Target=Person ID 139 (ID:139)
[Sun Jun 22 03:31:21 2025] PERSON_RETURNED: Person=乐进 (ID:16), City=寿春 (ID:21), Reason=Order Completion
[Sun Jun 22 03:31:21 2025] ORDER_DELETED: Person=乐进 (ID:16), Order=招揽 (ID:16), City=寿春 (ID:21), Target=Person ID 139 (ID:139)
[Sun Jun 22 03:31:21 2025] ORDER_EXECUTED: Person=徐晃 (ID:30), Order=招揽 (ID:16), City=寿春 (ID:21), Target=Person ID 140 (ID:140)
[Sun Jun 22 03:31:21 2025] PERSON_RETURNED: Person=徐晃 (ID:30), City=寿春 (ID:21), Reason=Order Completion
[Sun Jun 22 03:31:21 2025] ORDER_DELETED: Person=徐晃 (ID:30), Order=招揽 (ID:16), City=寿春 (ID:21), Target=Person ID 140 (ID:140)
[Sun Jun 22 03:31:21 2025] ORDER_EXECUTED: Person=高顺 (ID:48), Order=招揽 (ID:16), City=寿春 (ID:21), Target=Person ID 96 (ID:96)
[Sun Jun 22 03:31:21 2025] PERSON_RETURNED: Person=高顺 (ID:48), City=寿春 (ID:21), Reason=Order Completion
[Sun Jun 22 03:31:21 2025] ORDER_DELETED: Person=高顺 (ID:48), Order=招揽 (ID:16), City=寿春 (ID:21), Target=Person ID 96 (ID:96)
[Sun Jun 22 03:31:21 2025] ORDER_EXECUTED: Person=文钦 (ID:67), Order=招揽 (ID:16), City=寿春 (ID:21), Target=Person ID 121 (ID:121)
[Sun Jun 22 03:31:21 2025] PERSON_RETURNED: Person=文钦 (ID:67), City=寿春 (ID:21), Reason=Order Completion
[Sun Jun 22 03:31:21 2025] ORDER_DELETED: Person=文钦 (ID:67), Order=招揽 (ID:16), City=寿春 (ID:21), Target=Person ID 121 (ID:121)
[Sun Jun 22 03:31:22 2025] GAME_TURN: Year=248, Month=10
[Sun Jun 22 03:31:24 2025] COMPUTER_TACTIC: City=襄平 (ID:2), Tactic=Interior
[Sun Jun 22 03:31:24 2025] ORDER_CREATED: Person=崔琰 (ID:29), Order=招揽 (ID:16), City=晋阳 (ID:4), Target=Person ID 105 (ID:105)
[Sun Jun 22 03:31:24 2025] PERSON_REMOVED: Person=崔琰 (ID:29), City=晋阳 (ID:4), Reason=Order Assignment
[Sun Jun 22 03:31:24 2025] ORDER_CREATED: Person=ConversionError (ID:33), Order=招揽 (ID:16), City=晋阳 (ID:4), Target=Person ID 105 (ID:105)
[Sun Jun 22 03:31:24 2025] PERSON_REMOVED: Person=ConversionError (ID:33), City=晋阳 (ID:4), Reason=Order Assignment
[Sun Jun 22 03:31:24 2025] ORDER_CREATED: Person=阎圃 (ID:61), Order=招揽 (ID:16), City=晋阳 (ID:4), Target=Person ID 118 (ID:118)
[Sun Jun 22 03:31:24 2025] PERSON_REMOVED: Person=阎圃 (ID:61), City=晋阳 (ID:4), Reason=Order Assignment
[Sun Jun 22 03:31:24 2025] COMPUTER_TACTIC: City=晋阳 (ID:4), Tactic=AI_Diplomatism
[Sun Jun 22 03:31:24 2025] ORDER_CREATED: Person=满宠 (ID:26), Order=招揽 (ID:16), City=天水 (ID:8), Target=庐江 (ID:28)
[Sun Jun 22 03:31:24 2025] PERSON_REMOVED: Person=满宠 (ID:26), City=天水 (ID:8), Reason=Order Assignment
[Sun Jun 22 03:31:24 2025] ORDER_CREATED: Person=张卫 (ID:58), Order=招揽 (ID:16), City=天水 (ID:8), Target=Person ID 92 (ID:92)
[Sun Jun 22 03:31:24 2025] PERSON_REMOVED: Person=张卫 (ID:58), City=天水 (ID:8), Reason=Order Assignment
[Sun Jun 22 03:31:24 2025] COMPUTER_TACTIC: City=天水 (ID:8), Tactic=AI_Diplomatism
[Sun Jun 22 03:31:24 2025] ORDER_CREATED: Person=郭淮 (ID:31), Order=招揽 (ID:16), City= (ID:11), Target=Person ID 53 (ID:53)
[Sun Jun 22 03:31:24 2025] PERSON_REMOVED: Person=郭淮 (ID:31), City= (ID:11), Reason=Order Assignment
[Sun Jun 22 03:31:24 2025] ORDER_CREATED: Person=高览 (ID:34), Order=招揽 (ID:16), City= (ID:11), Target=Person ID 95 (ID:95)
[Sun Jun 22 03:31:24 2025] PERSON_REMOVED: Person=高览 (ID:34), City= (ID:11), Reason=Order Assignment
[Sun Jun 22 03:31:24 2025] ORDER_CREATED: Person=文聘 (ID:57), Order=招揽 (ID:16), City= (ID:11), Target=零陵 (ID:35)
[Sun Jun 22 03:31:24 2025] PERSON_REMOVED: Person=文聘 (ID:57), City= (ID:11), Reason=Order Assignment
[Sun Jun 22 03:31:24 2025] COMPUTER_TACTIC: City= (ID:11), Tactic=AI_Diplomatism
[Sun Jun 22 03:31:24 2025] ORDER_CREATED: Person=陈登 (ID:42), Order=搜寻 (ID:3), City=濮阳 (ID:12)
[Sun Jun 22 03:31:24 2025] PERSON_REMOVED: Person=陈登 (ID:42), City=濮阳 (ID:12), Reason=Order Assignment
[Sun Jun 22 03:31:24 2025] ORDER_CREATED: Person=董昭 (ID:56), Order=搜寻 (ID:3), City=濮阳 (ID:12)
[Sun Jun 22 03:31:24 2025] PERSON_REMOVED: Person=董昭 (ID:56), City=濮阳 (ID:12), Reason=Order Assignment
[Sun Jun 22 03:31:24 2025] COMPUTER_TACTIC: City=濮阳 (ID:12), Tactic=Interior
[Sun Jun 22 03:31:24 2025] COMPUTER_TACTIC: City=汉中 (ID:14), Tactic=Interior
[Sun Jun 22 03:31:24 2025] ORDER_CREATED: Person=曹丕 (ID:0), Order=招揽 (ID:16), City=许昌 (ID:16), Target=Person ID 69 (ID:69)
[Sun Jun 22 03:31:24 2025] PERSON_REMOVED: Person=曹丕 (ID:0), City=许昌 (ID:16), Reason=Order Assignment
[Sun Jun 22 03:31:24 2025] ORDER_CREATED: Person=辛毗 (ID:40), Order=招揽 (ID:16), City=许昌 (ID:16), Target=梓潼 (ID:19)
[Sun Jun 22 03:31:24 2025] PERSON_REMOVED: Person=辛毗 (ID:40), City=许昌 (ID:16), Reason=Order Assignment
[Sun Jun 22 03:31:24 2025] ORDER_CREATED: Person=王平 (ID:71), Order=招揽 (ID:16), City=许昌 (ID:16), Target=Person ID 130 (ID:130)
[Sun Jun 22 03:31:24 2025] PERSON_REMOVED: Person=王平 (ID:71), City=许昌 (ID:16), Reason=Order Assignment
[Sun Jun 22 03:31:24 2025] COMPUTER_TACTIC: City=许昌 (ID:16), Tactic=AI_Diplomatism
[Sun Jun 22 03:31:24 2025] COMPUTER_TACTIC: City=梓潼 (ID:19), Tactic=Interior
[Sun Jun 22 03:31:24 2025] ORDER_CREATED: Person=曹休 (ID:20), Order=招商 (ID:2), City=宛城 (ID:20)
[Sun Jun 22 03:31:24 2025] PERSON_REMOVED: Person=曹休 (ID:20), City=宛城 (ID:20), Reason=Order Assignment
[Sun Jun 22 03:31:24 2025] ORDER_CREATED: Person=臧霸 (ID:44), Order=出巡 (ID:5), City=宛城 (ID:20)
[Sun Jun 22 03:31:24 2025] PERSON_REMOVED: Person=臧霸 (ID:44), City=宛城 (ID:20), Reason=Order Assignment
[Sun Jun 22 03:31:24 2025] ORDER_CREATED: Person=魏续 (ID:45), Order=搜寻 (ID:3), City=宛城 (ID:20)
[Sun Jun 22 03:31:24 2025] PERSON_REMOVED: Person=魏续 (ID:45), City=宛城 (ID:20), Reason=Order Assignment
[Sun Jun 22 03:31:24 2025] ORDER_CREATED: Person=王粲 (ID:50), Order=招商 (ID:2), City=宛城 (ID:20)
[Sun Jun 22 03:31:24 2025] PERSON_REMOVED: Person=王粲 (ID:50), City=宛城 (ID:20), Reason=Order Assignment
[Sun Jun 22 03:31:24 2025] ORDER_CREATED: Person=张绣 (ID:52), Order=治理 (ID:4), City=宛城 (ID:20)
[Sun Jun 22 03:31:24 2025] PERSON_REMOVED: Person=张绣 (ID:52), City=宛城 (ID:20), Reason=Order Assignment
[Sun Jun 22 03:31:24 2025] COMPUTER_TACTIC: City=宛城 (ID:20), Tactic=Interior
[Sun Jun 22 03:31:24 2025] COMPUTER_TACTIC: City=建业 (ID:22), Tactic=Armament
[Sun Jun 22 03:31:24 2025] COMPUTER_TACTIC: City= (ID:23), Tactic=Armament
[Sun Jun 22 03:31:24 2025] COMPUTER_TACTIC: City=成都 (ID:24), Tactic=Interior
[Sun Jun 22 03:31:24 2025] COMPUTER_TACTIC: City=棉竹 (ID:25), Tactic=Interior
[Sun Jun 22 03:31:24 2025] COMPUTER_TACTIC: City=襄阳 (ID:26), Tactic=Interior
[Sun Jun 22 03:31:24 2025] COMPUTER_TACTIC: City=江夏 (ID:27), Tactic=Armament
[Sun Jun 22 03:31:24 2025] COMPUTER_TACTIC: City=庐江 (ID:28), Tactic=Armament
[Sun Jun 22 03:31:24 2025] COMPUTER_TACTIC: City=会稽 (ID:29), Tactic=Armament
[Sun Jun 22 03:31:24 2025] COMPUTER_TACTIC: City=云南 (ID:30), Tactic=Interior
[Sun Jun 22 03:31:24 2025] COMPUTER_TACTIC: City=巴郡 (ID:31), Tactic=Armament
[Sun Jun 22 03:31:24 2025] COMPUTER_TACTIC: City=武陵 (ID:32), Tactic=Armament
[Sun Jun 22 03:31:24 2025] COMPUTER_TACTIC: City=长沙 (ID:33), Tactic=Diplomatism
[Sun Jun 22 03:31:24 2025] COMPUTER_TACTIC: City=柴桑 (ID:34), Tactic=Armament
[Sun Jun 22 03:31:24 2025] COMPUTER_TACTIC: City=零陵 (ID:35), Tactic=Armament
[Sun Jun 22 03:31:24 2025] COMPUTER_TACTIC: City=桂阳 (ID:36), Tactic=Armament
[Sun Jun 22 03:31:24 2025] ORDER_EXECUTED: Person=崔琰 (ID:29), Order=招揽 (ID:16), City=晋阳 (ID:4), Target=Person ID 105 (ID:105)
[Sun Jun 22 03:31:24 2025] PERSON_RETURNED: Person=崔琰 (ID:29), City=晋阳 (ID:4), Reason=Order Completion
[Sun Jun 22 03:31:24 2025] ORDER_DELETED: Person=崔琰 (ID:29), Order=招揽 (ID:16), City=晋阳 (ID:4), Target=Person ID 105 (ID:105)
[Sun Jun 22 03:31:24 2025] ORDER_EXECUTED: Person=ConversionError (ID:33), Order=招揽 (ID:16), City=晋阳 (ID:4), Target=Person ID 105 (ID:105)
[Sun Jun 22 03:31:24 2025] PERSON_RETURNED: Person=ConversionError (ID:33), City=晋阳 (ID:4), Reason=Order Completion
[Sun Jun 22 03:31:24 2025] ORDER_DELETED: Person=ConversionError (ID:33), Order=招揽 (ID:16), City=晋阳 (ID:4), Target=Person ID 105 (ID:105)
[Sun Jun 22 03:31:24 2025] ORDER_EXECUTED: Person=阎圃 (ID:61), Order=招揽 (ID:16), City=晋阳 (ID:4), Target=Person ID 118 (ID:118)
[Sun Jun 22 03:31:24 2025] PERSON_RETURNED: Person=阎圃 (ID:61), City=晋阳 (ID:4), Reason=Order Completion
[Sun Jun 22 03:31:24 2025] ORDER_DELETED: Person=阎圃 (ID:61), Order=招揽 (ID:16), City=晋阳 (ID:4), Target=Person ID 118 (ID:118)
[Sun Jun 22 03:31:24 2025] ORDER_EXECUTED: Person=满宠 (ID:26), Order=招揽 (ID:16), City=天水 (ID:8), Target=庐江 (ID:28)
[Sun Jun 22 03:31:24 2025] PERSON_RETURNED: Person=满宠 (ID:26), City=天水 (ID:8), Reason=Order Completion
[Sun Jun 22 03:31:24 2025] ORDER_DELETED: Person=满宠 (ID:26), Order=招揽 (ID:16), City=天水 (ID:8), Target=庐江 (ID:28)
[Sun Jun 22 03:31:24 2025] ORDER_EXECUTED: Person=张卫 (ID:58), Order=招揽 (ID:16), City=天水 (ID:8), Target=Person ID 92 (ID:92)
[Sun Jun 22 03:31:24 2025] PERSON_RETURNED: Person=张卫 (ID:58), City=天水 (ID:8), Reason=Order Completion
[Sun Jun 22 03:31:24 2025] ORDER_DELETED: Person=张卫 (ID:58), Order=招揽 (ID:16), City=天水 (ID:8), Target=Person ID 92 (ID:92)
[Sun Jun 22 03:31:24 2025] ORDER_EXECUTED: Person=郭淮 (ID:31), Order=招揽 (ID:16), City= (ID:11), Target=Person ID 53 (ID:53)
[Sun Jun 22 03:31:24 2025] PERSON_RETURNED: Person=郭淮 (ID:31), City= (ID:11), Reason=Order Completion
[Sun Jun 22 03:31:24 2025] ORDER_DELETED: Person=郭淮 (ID:31), Order=招揽 (ID:16), City= (ID:11), Target=Person ID 53 (ID:53)
[Sun Jun 22 03:31:24 2025] ORDER_EXECUTED: Person=高览 (ID:34), Order=招揽 (ID:16), City= (ID:11), Target=Person ID 95 (ID:95)
[Sun Jun 22 03:31:24 2025] PERSON_RETURNED: Person=高览 (ID:34), City= (ID:11), Reason=Order Completion
[Sun Jun 22 03:31:24 2025] ORDER_DELETED: Person=高览 (ID:34), Order=招揽 (ID:16), City= (ID:11), Target=Person ID 95 (ID:95)
[Sun Jun 22 03:31:24 2025] ORDER_EXECUTED: Person=文聘 (ID:57), Order=招揽 (ID:16), City= (ID:11), Target=零陵 (ID:35)
[Sun Jun 22 03:31:24 2025] PERSON_RETURNED: Person=文聘 (ID:57), City= (ID:11), Reason=Order Completion
[Sun Jun 22 03:31:24 2025] ORDER_DELETED: Person=文聘 (ID:57), Order=招揽 (ID:16), City= (ID:11), Target=零陵 (ID:35)
[Sun Jun 22 03:31:24 2025] ORDER_EXECUTED: Person=陈登 (ID:42), Order=搜寻 (ID:3), City=濮阳 (ID:12)
[Sun Jun 22 03:31:24 2025] PERSON_RETURNED: Person=陈登 (ID:42), City=濮阳 (ID:12), Reason=Order Completion
[Sun Jun 22 03:31:24 2025] ORDER_DELETED: Person=陈登 (ID:42), Order=搜寻 (ID:3), City=濮阳 (ID:12)
[Sun Jun 22 03:31:24 2025] ORDER_EXECUTED: Person=董昭 (ID:56), Order=搜寻 (ID:3), City=濮阳 (ID:12)
[Sun Jun 22 03:31:24 2025] PERSON_RETURNED: Person=董昭 (ID:56), City=濮阳 (ID:12), Reason=Order Completion
[Sun Jun 22 03:31:24 2025] ORDER_DELETED: Person=董昭 (ID:56), Order=搜寻 (ID:3), City=濮阳 (ID:12)
[Sun Jun 22 03:31:24 2025] ORDER_EXECUTED: Person=曹丕 (ID:0), Order=招揽 (ID:16), City=许昌 (ID:16), Target=Person ID 69 (ID:69)
[Sun Jun 22 03:31:24 2025] PERSON_RETURNED: Person=曹丕 (ID:0), City=许昌 (ID:16), Reason=Order Completion
[Sun Jun 22 03:31:24 2025] ORDER_DELETED: Person=曹丕 (ID:0), Order=招揽 (ID:16), City=许昌 (ID:16), Target=Person ID 69 (ID:69)
[Sun Jun 22 03:31:24 2025] ORDER_EXECUTED: Person=辛毗 (ID:40), Order=招揽 (ID:16), City=许昌 (ID:16), Target=梓潼 (ID:19)
[Sun Jun 22 03:31:24 2025] PERSON_RETURNED: Person=辛毗 (ID:40), City=许昌 (ID:16), Reason=Order Completion
[Sun Jun 22 03:31:24 2025] ORDER_DELETED: Person=辛毗 (ID:40), Order=招揽 (ID:16), City=许昌 (ID:16), Target=梓潼 (ID:19)
[Sun Jun 22 03:31:24 2025] ORDER_EXECUTED: Person=王平 (ID:71), Order=招揽 (ID:16), City=许昌 (ID:16), Target=Person ID 130 (ID:130)
[Sun Jun 22 03:31:24 2025] PERSON_RETURNED: Person=王平 (ID:71), City=许昌 (ID:16), Reason=Order Completion
[Sun Jun 22 03:31:24 2025] ORDER_DELETED: Person=王平 (ID:71), Order=招揽 (ID:16), City=许昌 (ID:16), Target=Person ID 130 (ID:130)
[Sun Jun 22 03:31:24 2025] ORDER_EXECUTED: Person=曹休 (ID:20), Order=招商 (ID:2), City=宛城 (ID:20)
[Sun Jun 22 03:31:24 2025] PERSON_RETURNED: Person=曹休 (ID:20), City=宛城 (ID:20), Reason=Order Completion
[Sun Jun 22 03:31:24 2025] ORDER_DELETED: Person=曹休 (ID:20), Order=招商 (ID:2), City=宛城 (ID:20)
[Sun Jun 22 03:31:24 2025] ORDER_EXECUTED: Person=臧霸 (ID:44), Order=出巡 (ID:5), City=宛城 (ID:20)
[Sun Jun 22 03:31:24 2025] PERSON_RETURNED: Person=臧霸 (ID:44), City=宛城 (ID:20), Reason=Order Completion
[Sun Jun 22 03:31:24 2025] ORDER_DELETED: Person=臧霸 (ID:44), Order=出巡 (ID:5), City=宛城 (ID:20)
[Sun Jun 22 03:31:24 2025] ORDER_EXECUTED: Person=魏续 (ID:45), Order=搜寻 (ID:3), City=宛城 (ID:20)
[Sun Jun 22 03:31:24 2025] PERSON_RETURNED: Person=魏续 (ID:45), City=宛城 (ID:20), Reason=Order Completion
[Sun Jun 22 03:31:24 2025] ORDER_DELETED: Person=魏续 (ID:45), Order=搜寻 (ID:3), City=宛城 (ID:20)
[Sun Jun 22 03:31:24 2025] ORDER_EXECUTED: Person=王粲 (ID:50), Order=招商 (ID:2), City=宛城 (ID:20)
[Sun Jun 22 03:31:24 2025] PERSON_RETURNED: Person=王粲 (ID:50), City=宛城 (ID:20), Reason=Order Completion
[Sun Jun 22 03:31:24 2025] ORDER_DELETED: Person=王粲 (ID:50), Order=招商 (ID:2), City=宛城 (ID:20)
[Sun Jun 22 03:31:24 2025] ORDER_EXECUTED: Person=张绣 (ID:52), Order=治理 (ID:4), City=宛城 (ID:20)
[Sun Jun 22 03:31:24 2025] PERSON_RETURNED: Person=张绣 (ID:52), City=宛城 (ID:20), Reason=Order Completion
[Sun Jun 22 03:31:24 2025] ORDER_DELETED: Person=张绣 (ID:52), Order=治理 (ID:4), City=宛城 (ID:20)
[Sun Jun 22 03:31:26 2025] GAME_TURN: Year=248, Month=11
[Sun Jun 22 03:31:27 2025] ORDER_CREATED: Person=ConversionError (ID:156), Order=招揽 (ID:16), City=北平 (ID:1), Target=天水 (ID:8)
[Sun Jun 22 03:31:27 2025] PERSON_REMOVED: Person=ConversionError (ID:156), City=北平 (ID:1), Reason=Order Assignment
[Sun Jun 22 03:31:27 2025] ORDER_CREATED: Person=李典 (ID:14), Order=招揽 (ID:16), City=北平 (ID:1), Target=Person ID 129 (ID:129)
[Sun Jun 22 03:31:27 2025] PERSON_REMOVED: Person=李典 (ID:14), City=北平 (ID:1), Reason=Order Assignment
[Sun Jun 22 03:31:27 2025] ORDER_CREATED: Person=钟繇 (ID:49), Order=招揽 (ID:16), City=北平 (ID:1), Target=Person ID 57 (ID:57)
[Sun Jun 22 03:31:27 2025] PERSON_REMOVED: Person=钟繇 (ID:49), City=北平 (ID:1), Reason=Order Assignment
[Sun Jun 22 03:31:27 2025] ORDER_CREATED: Person=司马昭 (ID:65), Order=招揽 (ID:16), City=北平 (ID:1), Target=下邳 (ID:18)
[Sun Jun 22 03:31:27 2025] PERSON_REMOVED: Person=司马昭 (ID:65), City=北平 (ID:1), Reason=Order Assignment
[Sun Jun 22 03:31:27 2025] COMPUTER_TACTIC: City=北平 (ID:1), Tactic=AI_Diplomatism
[Sun Jun 22 03:31:27 2025] COMPUTER_TACTIC: City=襄平 (ID:2), Tactic=Diplomatism
[Sun Jun 22 03:31:27 2025] ORDER_CREATED: Person=夏侯尚 (ID:7), Order=出巡 (ID:5), City=平原 (ID:5)
[Sun Jun 22 03:31:27 2025] PERSON_REMOVED: Person=夏侯尚 (ID:7), City=平原 (ID:5), Reason=Order Assignment
[Sun Jun 22 03:31:27 2025] ORDER_CREATED: Person=杨松 (ID:59), Order=治理 (ID:4), City=平原 (ID:5)
[Sun Jun 22 03:31:27 2025] PERSON_REMOVED: Person=杨松 (ID:59), City=平原 (ID:5), Reason=Order Assignment
[Sun Jun 22 03:31:27 2025] ORDER_CREATED: Person=孟达 (ID:62), Order=出巡 (ID:5), City=平原 (ID:5)
[Sun Jun 22 03:31:27 2025] PERSON_REMOVED: Person=孟达 (ID:62), City=平原 (ID:5), Reason=Order Assignment
[Sun Jun 22 03:31:27 2025] COMPUTER_TACTIC: City=平原 (ID:5), Tactic=Interior
[Sun Jun 22 03:31:27 2025] ORDER_CREATED: Person=杨龄 (ID:6), Order=招商 (ID:2), City=北海 (ID:7)
[Sun Jun 22 03:31:27 2025] PERSON_REMOVED: Person=杨龄 (ID:6), City=北海 (ID:7), Reason=Order Assignment
[Sun Jun 22 03:31:27 2025] ORDER_CREATED: Person=曹植 (ID:12), Order=搜寻 (ID:3), City=北海 (ID:7)
[Sun Jun 22 03:31:27 2025] PERSON_REMOVED: Person=曹植 (ID:12), City=北海 (ID:7), Reason=Order Assignment
[Sun Jun 22 03:31:27 2025] ORDER_CREATED: Person=陈群 (ID:25), Order=治理 (ID:4), City=北海 (ID:7)
[Sun Jun 22 03:31:27 2025] PERSON_REMOVED: Person=陈群 (ID:25), City=北海 (ID:7), Reason=Order Assignment
[Sun Jun 22 03:31:27 2025] ORDER_CREATED: Person=ConversionError (ID:27), Order=出巡 (ID:5), City=北海 (ID:7)
[Sun Jun 22 03:31:27 2025] PERSON_REMOVED: Person=ConversionError (ID:27), City=北海 (ID:7), Reason=Order Assignment
[Sun Jun 22 03:31:27 2025] ORDER_CREATED: Person=许褚 (ID:28), Order=招商 (ID:2), City=北海 (ID:7)
[Sun Jun 22 03:31:27 2025] PERSON_REMOVED: Person=许褚 (ID:28), City=北海 (ID:7), Reason=Order Assignment
[Sun Jun 22 03:31:27 2025] ORDER_CREATED: Person=毋丘俭 (ID:68), Order=治理 (ID:4), City=北海 (ID:7)
[Sun Jun 22 03:31:27 2025] PERSON_REMOVED: Person=毋丘俭 (ID:68), City=北海 (ID:7), Reason=Order Assignment
[Sun Jun 22 03:31:27 2025] COMPUTER_TACTIC: City=北海 (ID:7), Tactic=Interior
[Sun Jun 22 03:31:27 2025] ORDER_CREATED: Person=夏侯霸 (ID:9), Order=治理 (ID:4), City=长安 (ID:10)
[Sun Jun 22 03:31:27 2025] PERSON_REMOVED: Person=夏侯霸 (ID:9), City=长安 (ID:10), Reason=Order Assignment
[Sun Jun 22 03:31:27 2025] ORDER_CREATED: Person=曹彰 (ID:10), Order=搜寻 (ID:3), City=长安 (ID:10)
[Sun Jun 22 03:31:27 2025] PERSON_REMOVED: Person=曹彰 (ID:10), City=长安 (ID:10), Reason=Order Assignment
[Sun Jun 22 03:31:27 2025] ORDER_CREATED: Person=曹真 (ID:11), Order=搜寻 (ID:3), City=长安 (ID:10)
[Sun Jun 22 03:31:27 2025] PERSON_REMOVED: Person=曹真 (ID:11), City=长安 (ID:10), Reason=Order Assignment
[Sun Jun 22 03:31:27 2025] ORDER_CREATED: Person=张燕 (ID:38), Order=治理 (ID:4), City=长安 (ID:10)
[Sun Jun 22 03:31:27 2025] PERSON_REMOVED: Person=张燕 (ID:38), City=长安 (ID:10), Reason=Order Assignment
[Sun Jun 22 03:31:27 2025] ORDER_CREATED: Person=陈琳 (ID:41), Order=搜寻 (ID:3), City=长安 (ID:10)
[Sun Jun 22 03:31:27 2025] PERSON_REMOVED: Person=陈琳 (ID:41), City=长安 (ID:10), Reason=Order Assignment
[Sun Jun 22 03:31:27 2025] ORDER_CREATED: Person=贾诩 (ID:53), Order=招商 (ID:2), City=长安 (ID:10)
[Sun Jun 22 03:31:27 2025] PERSON_REMOVED: Person=贾诩 (ID:53), City=长安 (ID:10), Reason=Order Assignment
[Sun Jun 22 03:31:27 2025] COMPUTER_TACTIC: City=长安 (ID:10), Tactic=Interior
[Sun Jun 22 03:31:27 2025] COMPUTER_TACTIC: City=汉中 (ID:14), Tactic=Interior
[Sun Jun 22 03:31:27 2025] ORDER_CREATED: Person=曹丕 (ID:0), Order=招揽 (ID:16), City=许昌 (ID:16), Target=Person ID 52 (ID:52)
[Sun Jun 22 03:31:27 2025] PERSON_REMOVED: Person=曹丕 (ID:0), City=许昌 (ID:16), Reason=Order Assignment
[Sun Jun 22 03:31:27 2025] ORDER_CREATED: Person=辛毗 (ID:40), Order=招揽 (ID:16), City=许昌 (ID:16), Target=Person ID 79 (ID:79)
[Sun Jun 22 03:31:27 2025] PERSON_REMOVED: Person=辛毗 (ID:40), City=许昌 (ID:16), Reason=Order Assignment
[Sun Jun 22 03:31:27 2025] ORDER_CREATED: Person=王平 (ID:71), Order=招揽 (ID:16), City=许昌 (ID:16), Target=Person ID 116 (ID:116)
[Sun Jun 22 03:31:27 2025] PERSON_REMOVED: Person=王平 (ID:71), City=许昌 (ID:16), Reason=Order Assignment
[Sun Jun 22 03:31:27 2025] COMPUTER_TACTIC: City=许昌 (ID:16), Tactic=AI_Diplomatism
[Sun Jun 22 03:31:27 2025] COMPUTER_TACTIC: City=梓潼 (ID:19), Tactic=Armament
[Sun Jun 22 03:31:27 2025] ORDER_CREATED: Person=曹休 (ID:20), Order=招揽 (ID:16), City=宛城 (ID:20), Target=Person ID 145 (ID:145)
[Sun Jun 22 03:31:27 2025] PERSON_REMOVED: Person=曹休 (ID:20), City=宛城 (ID:20), Reason=Order Assignment
[Sun Jun 22 03:31:27 2025] ORDER_CREATED: Person=臧霸 (ID:44), Order=招揽 (ID:16), City=宛城 (ID:20), Target=巴郡 (ID:31)
[Sun Jun 22 03:31:27 2025] PERSON_REMOVED: Person=臧霸 (ID:44), City=宛城 (ID:20), Reason=Order Assignment
[Sun Jun 22 03:31:27 2025] ORDER_CREATED: Person=魏续 (ID:45), Order=招揽 (ID:16), City=宛城 (ID:20), Target=Person ID 107 (ID:107)
[Sun Jun 22 03:31:27 2025] PERSON_REMOVED: Person=魏续 (ID:45), City=宛城 (ID:20), Reason=Order Assignment
[Sun Jun 22 03:31:27 2025] ORDER_CREATED: Person=王粲 (ID:50), Order=招揽 (ID:16), City=宛城 (ID:20), Target=Person ID 47 (ID:47)
[Sun Jun 22 03:31:27 2025] PERSON_REMOVED: Person=王粲 (ID:50), City=宛城 (ID:20), Reason=Order Assignment
[Sun Jun 22 03:31:27 2025] ORDER_CREATED: Person=张绣 (ID:52), Order=招揽 (ID:16), City=宛城 (ID:20), Target=Person ID 141 (ID:141)
[Sun Jun 22 03:31:27 2025] PERSON_REMOVED: Person=张绣 (ID:52), City=宛城 (ID:20), Reason=Order Assignment
[Sun Jun 22 03:31:27 2025] COMPUTER_TACTIC: City=宛城 (ID:20), Tactic=AI_Diplomatism
[Sun Jun 22 03:31:27 2025] ORDER_CREATED: Person=乐进 (ID:16), Order=招揽 (ID:16), City=寿春 (ID:21), Target=巴郡 (ID:31)
[Sun Jun 22 03:31:27 2025] PERSON_REMOVED: Person=乐进 (ID:16), City=寿春 (ID:21), Reason=Order Assignment
[Sun Jun 22 03:31:27 2025] ORDER_CREATED: Person=徐晃 (ID:30), Order=招揽 (ID:16), City=寿春 (ID:21), Target=Person ID 136 (ID:136)
[Sun Jun 22 03:31:27 2025] PERSON_REMOVED: Person=徐晃 (ID:30), City=寿春 (ID:21), Reason=Order Assignment
[Sun Jun 22 03:31:27 2025] ORDER_CREATED: Person=高顺 (ID:48), Order=招揽 (ID:16), City=寿春 (ID:21), Target=Person ID 143 (ID:143)
[Sun Jun 22 03:31:27 2025] PERSON_REMOVED: Person=高顺 (ID:48), City=寿春 (ID:21), Reason=Order Assignment
[Sun Jun 22 03:31:27 2025] ORDER_CREATED: Person=文钦 (ID:67), Order=招揽 (ID:16), City=寿春 (ID:21), Target=建宁 (ID:37)
[Sun Jun 22 03:31:27 2025] PERSON_REMOVED: Person=文钦 (ID:67), City=寿春 (ID:21), Reason=Order Assignment
[Sun Jun 22 03:31:27 2025] COMPUTER_TACTIC: City=寿春 (ID:21), Tactic=AI_Diplomatism
[Sun Jun 22 03:31:27 2025] COMPUTER_TACTIC: City=建业 (ID:22), Tactic=Armament
[Sun Jun 22 03:31:27 2025] COMPUTER_TACTIC: City= (ID:23), Tactic=Armament
[Sun Jun 22 03:31:27 2025] COMPUTER_TACTIC: City=成都 (ID:24), Tactic=Armament
[Sun Jun 22 03:31:27 2025] COMPUTER_TACTIC: City=棉竹 (ID:25), Tactic=Diplomatism
[Sun Jun 22 03:31:27 2025] COMPUTER_TACTIC: City=襄阳 (ID:26), Tactic=Armament
[Sun Jun 22 03:31:27 2025] COMPUTER_TACTIC: City=江夏 (ID:27), Tactic=Armament
[Sun Jun 22 03:31:27 2025] COMPUTER_TACTIC: City=庐江 (ID:28), Tactic=Armament
[Sun Jun 22 03:31:27 2025] COMPUTER_TACTIC: City=会稽 (ID:29), Tactic=Interior
[Sun Jun 22 03:31:27 2025] COMPUTER_TACTIC: City=云南 (ID:30), Tactic=Diplomatism
[Sun Jun 22 03:31:27 2025] COMPUTER_TACTIC: City=巴郡 (ID:31), Tactic=Diplomatism
[Sun Jun 22 03:31:27 2025] COMPUTER_TACTIC: City=武陵 (ID:32), Tactic=Armament
[Sun Jun 22 03:31:27 2025] COMPUTER_TACTIC: City=长沙 (ID:33), Tactic=Armament
[Sun Jun 22 03:31:27 2025] COMPUTER_TACTIC: City=柴桑 (ID:34), Tactic=Armament
[Sun Jun 22 03:31:27 2025] COMPUTER_TACTIC: City=零陵 (ID:35), Tactic=Armament
[Sun Jun 22 03:31:27 2025] COMPUTER_TACTIC: City=桂阳 (ID:36), Tactic=Armament
[Sun Jun 22 03:31:27 2025] ORDER_EXECUTED: Person=ConversionError (ID:156), Order=招揽 (ID:16), City=北平 (ID:1), Target=天水 (ID:8)
[Sun Jun 22 03:31:27 2025] PERSON_RETURNED: Person=ConversionError (ID:156), City=北平 (ID:1), Reason=Order Completion
[Sun Jun 22 03:31:27 2025] ORDER_DELETED: Person=ConversionError (ID:156), Order=招揽 (ID:16), City=北平 (ID:1), Target=天水 (ID:8)
[Sun Jun 22 03:31:27 2025] ORDER_EXECUTED: Person=李典 (ID:14), Order=招揽 (ID:16), City=北平 (ID:1), Target=Person ID 129 (ID:129)
[Sun Jun 22 03:31:27 2025] PERSON_RETURNED: Person=李典 (ID:14), City=北平 (ID:1), Reason=Order Completion
[Sun Jun 22 03:31:27 2025] ORDER_DELETED: Person=李典 (ID:14), Order=招揽 (ID:16), City=北平 (ID:1), Target=Person ID 129 (ID:129)
[Sun Jun 22 03:31:27 2025] ORDER_EXECUTED: Person=钟繇 (ID:49), Order=招揽 (ID:16), City=北平 (ID:1), Target=Person ID 57 (ID:57)
[Sun Jun 22 03:31:27 2025] PERSON_RETURNED: Person=钟繇 (ID:49), City=北平 (ID:1), Reason=Order Completion
[Sun Jun 22 03:31:27 2025] ORDER_DELETED: Person=钟繇 (ID:49), Order=招揽 (ID:16), City=北平 (ID:1), Target=Person ID 57 (ID:57)
[Sun Jun 22 03:31:27 2025] ORDER_EXECUTED: Person=司马昭 (ID:65), Order=招揽 (ID:16), City=北平 (ID:1), Target=下邳 (ID:18)
[Sun Jun 22 03:31:27 2025] PERSON_RETURNED: Person=司马昭 (ID:65), City=北平 (ID:1), Reason=Order Completion
[Sun Jun 22 03:31:27 2025] ORDER_DELETED: Person=司马昭 (ID:65), Order=招揽 (ID:16), City=北平 (ID:1), Target=下邳 (ID:18)
[Sun Jun 22 03:31:27 2025] ORDER_EXECUTED: Person=夏侯尚 (ID:7), Order=出巡 (ID:5), City=平原 (ID:5)
[Sun Jun 22 03:31:27 2025] PERSON_RETURNED: Person=夏侯尚 (ID:7), City=平原 (ID:5), Reason=Order Completion
[Sun Jun 22 03:31:27 2025] ORDER_DELETED: Person=夏侯尚 (ID:7), Order=出巡 (ID:5), City=平原 (ID:5)
[Sun Jun 22 03:31:27 2025] ORDER_EXECUTED: Person=杨松 (ID:59), Order=治理 (ID:4), City=平原 (ID:5)
[Sun Jun 22 03:31:27 2025] PERSON_RETURNED: Person=杨松 (ID:59), City=平原 (ID:5), Reason=Order Completion
[Sun Jun 22 03:31:27 2025] ORDER_DELETED: Person=杨松 (ID:59), Order=治理 (ID:4), City=平原 (ID:5)
[Sun Jun 22 03:31:27 2025] ORDER_EXECUTED: Person=孟达 (ID:62), Order=出巡 (ID:5), City=平原 (ID:5)
[Sun Jun 22 03:31:27 2025] PERSON_RETURNED: Person=孟达 (ID:62), City=平原 (ID:5), Reason=Order Completion
[Sun Jun 22 03:31:27 2025] ORDER_DELETED: Person=孟达 (ID:62), Order=出巡 (ID:5), City=平原 (ID:5)
[Sun Jun 22 03:31:27 2025] ORDER_EXECUTED: Person=杨龄 (ID:6), Order=招商 (ID:2), City=北海 (ID:7)
[Sun Jun 22 03:31:27 2025] PERSON_RETURNED: Person=杨龄 (ID:6), City=北海 (ID:7), Reason=Order Completion
[Sun Jun 22 03:31:27 2025] ORDER_DELETED: Person=杨龄 (ID:6), Order=招商 (ID:2), City=北海 (ID:7)
[Sun Jun 22 03:31:27 2025] ORDER_EXECUTED: Person=曹植 (ID:12), Order=搜寻 (ID:3), City=北海 (ID:7)
[Sun Jun 22 03:31:27 2025] PERSON_RETURNED: Person=曹植 (ID:12), City=北海 (ID:7), Reason=Order Completion
[Sun Jun 22 03:31:27 2025] ORDER_DELETED: Person=曹植 (ID:12), Order=搜寻 (ID:3), City=北海 (ID:7)
[Sun Jun 22 03:31:27 2025] ORDER_EXECUTED: Person=陈群 (ID:25), Order=治理 (ID:4), City=北海 (ID:7)
[Sun Jun 22 03:31:27 2025] PERSON_RETURNED: Person=陈群 (ID:25), City=北海 (ID:7), Reason=Order Completion
[Sun Jun 22 03:31:27 2025] ORDER_DELETED: Person=陈群 (ID:25), Order=治理 (ID:4), City=北海 (ID:7)
[Sun Jun 22 03:31:27 2025] ORDER_EXECUTED: Person=ConversionError (ID:27), Order=出巡 (ID:5), City=北海 (ID:7)
[Sun Jun 22 03:31:27 2025] PERSON_RETURNED: Person=ConversionError (ID:27), City=北海 (ID:7), Reason=Order Completion
[Sun Jun 22 03:31:27 2025] ORDER_DELETED: Person=ConversionError (ID:27), Order=出巡 (ID:5), City=北海 (ID:7)
[Sun Jun 22 03:31:27 2025] ORDER_EXECUTED: Person=许褚 (ID:28), Order=招商 (ID:2), City=北海 (ID:7)
[Sun Jun 22 03:31:27 2025] PERSON_RETURNED: Person=许褚 (ID:28), City=北海 (ID:7), Reason=Order Completion
[Sun Jun 22 03:31:27 2025] ORDER_DELETED: Person=许褚 (ID:28), Order=招商 (ID:2), City=北海 (ID:7)
[Sun Jun 22 03:31:27 2025] ORDER_EXECUTED: Person=毋丘俭 (ID:68), Order=治理 (ID:4), City=北海 (ID:7)
[Sun Jun 22 03:31:27 2025] PERSON_RETURNED: Person=毋丘俭 (ID:68), City=北海 (ID:7), Reason=Order Completion
[Sun Jun 22 03:31:27 2025] ORDER_DELETED: Person=毋丘俭 (ID:68), Order=治理 (ID:4), City=北海 (ID:7)
[Sun Jun 22 03:31:27 2025] ORDER_EXECUTED: Person=夏侯霸 (ID:9), Order=治理 (ID:4), City=长安 (ID:10)
[Sun Jun 22 03:31:27 2025] PERSON_RETURNED: Person=夏侯霸 (ID:9), City=长安 (ID:10), Reason=Order Completion
[Sun Jun 22 03:31:27 2025] ORDER_DELETED: Person=夏侯霸 (ID:9), Order=治理 (ID:4), City=长安 (ID:10)
[Sun Jun 22 03:31:27 2025] ORDER_EXECUTED: Person=曹彰 (ID:10), Order=搜寻 (ID:3), City=长安 (ID:10)
[Sun Jun 22 03:31:27 2025] PERSON_RETURNED: Person=曹彰 (ID:10), City=长安 (ID:10), Reason=Order Completion
[Sun Jun 22 03:31:27 2025] ORDER_DELETED: Person=曹彰 (ID:10), Order=搜寻 (ID:3), City=长安 (ID:10)
[Sun Jun 22 03:31:27 2025] ORDER_EXECUTED: Person=曹真 (ID:11), Order=搜寻 (ID:3), City=长安 (ID:10)
[Sun Jun 22 03:31:27 2025] PERSON_RETURNED: Person=曹真 (ID:11), City=长安 (ID:10), Reason=Order Completion
[Sun Jun 22 03:31:27 2025] ORDER_DELETED: Person=曹真 (ID:11), Order=搜寻 (ID:3), City=长安 (ID:10)
[Sun Jun 22 03:31:27 2025] ORDER_EXECUTED: Person=张燕 (ID:38), Order=治理 (ID:4), City=长安 (ID:10)
[Sun Jun 22 03:31:27 2025] PERSON_RETURNED: Person=张燕 (ID:38), City=长安 (ID:10), Reason=Order Completion
[Sun Jun 22 03:31:27 2025] ORDER_DELETED: Person=张燕 (ID:38), Order=治理 (ID:4), City=长安 (ID:10)
[Sun Jun 22 03:31:27 2025] ORDER_EXECUTED: Person=陈琳 (ID:41), Order=搜寻 (ID:3), City=长安 (ID:10)
[Sun Jun 22 03:31:27 2025] PERSON_RETURNED: Person=陈琳 (ID:41), City=长安 (ID:10), Reason=Order Completion
[Sun Jun 22 03:31:27 2025] ORDER_DELETED: Person=陈琳 (ID:41), Order=搜寻 (ID:3), City=长安 (ID:10)
[Sun Jun 22 03:31:27 2025] ORDER_EXECUTED: Person=贾诩 (ID:53), Order=招商 (ID:2), City=长安 (ID:10)
[Sun Jun 22 03:31:27 2025] PERSON_RETURNED: Person=贾诩 (ID:53), City=长安 (ID:10), Reason=Order Completion
[Sun Jun 22 03:31:27 2025] ORDER_DELETED: Person=贾诩 (ID:53), Order=招商 (ID:2), City=长安 (ID:10)
[Sun Jun 22 03:31:27 2025] ORDER_EXECUTED: Person=曹丕 (ID:0), Order=招揽 (ID:16), City=许昌 (ID:16), Target=Person ID 52 (ID:52)
[Sun Jun 22 03:31:27 2025] PERSON_RETURNED: Person=曹丕 (ID:0), City=许昌 (ID:16), Reason=Order Completion
[Sun Jun 22 03:31:27 2025] ORDER_DELETED: Person=曹丕 (ID:0), Order=招揽 (ID:16), City=许昌 (ID:16), Target=Person ID 52 (ID:52)
[Sun Jun 22 03:31:27 2025] ORDER_EXECUTED: Person=辛毗 (ID:40), Order=招揽 (ID:16), City=许昌 (ID:16), Target=Person ID 79 (ID:79)
[Sun Jun 22 03:31:27 2025] PERSON_RETURNED: Person=辛毗 (ID:40), City=许昌 (ID:16), Reason=Order Completion
[Sun Jun 22 03:31:27 2025] ORDER_DELETED: Person=辛毗 (ID:40), Order=招揽 (ID:16), City=许昌 (ID:16), Target=Person ID 79 (ID:79)
[Sun Jun 22 03:31:27 2025] ORDER_EXECUTED: Person=王平 (ID:71), Order=招揽 (ID:16), City=许昌 (ID:16), Target=Person ID 116 (ID:116)
[Sun Jun 22 03:31:27 2025] PERSON_RETURNED: Person=王平 (ID:71), City=许昌 (ID:16), Reason=Order Completion
[Sun Jun 22 03:31:27 2025] ORDER_DELETED: Person=王平 (ID:71), Order=招揽 (ID:16), City=许昌 (ID:16), Target=Person ID 116 (ID:116)
[Sun Jun 22 03:31:27 2025] ORDER_EXECUTED: Person=曹休 (ID:20), Order=招揽 (ID:16), City=宛城 (ID:20), Target=Person ID 145 (ID:145)
[Sun Jun 22 03:31:27 2025] PERSON_RETURNED: Person=曹休 (ID:20), City=宛城 (ID:20), Reason=Order Completion
[Sun Jun 22 03:31:27 2025] ORDER_DELETED: Person=曹休 (ID:20), Order=招揽 (ID:16), City=宛城 (ID:20), Target=Person ID 145 (ID:145)
[Sun Jun 22 03:31:27 2025] ORDER_EXECUTED: Person=臧霸 (ID:44), Order=招揽 (ID:16), City=宛城 (ID:20), Target=巴郡 (ID:31)
[Sun Jun 22 03:31:27 2025] PERSON_RETURNED: Person=臧霸 (ID:44), City=宛城 (ID:20), Reason=Order Completion
[Sun Jun 22 03:31:27 2025] ORDER_DELETED: Person=臧霸 (ID:44), Order=招揽 (ID:16), City=宛城 (ID:20), Target=巴郡 (ID:31)
[Sun Jun 22 03:31:27 2025] ORDER_EXECUTED: Person=魏续 (ID:45), Order=招揽 (ID:16), City=宛城 (ID:20), Target=Person ID 107 (ID:107)
[Sun Jun 22 03:31:27 2025] PERSON_RETURNED: Person=魏续 (ID:45), City=宛城 (ID:20), Reason=Order Completion
[Sun Jun 22 03:31:27 2025] ORDER_DELETED: Person=魏续 (ID:45), Order=招揽 (ID:16), City=宛城 (ID:20), Target=Person ID 107 (ID:107)
[Sun Jun 22 03:31:27 2025] ORDER_EXECUTED: Person=王粲 (ID:50), Order=招揽 (ID:16), City=宛城 (ID:20), Target=Person ID 47 (ID:47)
[Sun Jun 22 03:31:27 2025] PERSON_RETURNED: Person=王粲 (ID:50), City=宛城 (ID:20), Reason=Order Completion
[Sun Jun 22 03:31:27 2025] ORDER_DELETED: Person=王粲 (ID:50), Order=招揽 (ID:16), City=宛城 (ID:20), Target=Person ID 47 (ID:47)
[Sun Jun 22 03:31:27 2025] ORDER_EXECUTED: Person=张绣 (ID:52), Order=招揽 (ID:16), City=宛城 (ID:20), Target=Person ID 141 (ID:141)
[Sun Jun 22 03:31:27 2025] PERSON_RETURNED: Person=张绣 (ID:52), City=宛城 (ID:20), Reason=Order Completion
[Sun Jun 22 03:31:27 2025] ORDER_DELETED: Person=张绣 (ID:52), Order=招揽 (ID:16), City=宛城 (ID:20), Target=Person ID 141 (ID:141)
[Sun Jun 22 03:31:27 2025] ORDER_EXECUTED: Person=乐进 (ID:16), Order=招揽 (ID:16), City=寿春 (ID:21), Target=巴郡 (ID:31)
[Sun Jun 22 03:31:27 2025] PERSON_RETURNED: Person=乐进 (ID:16), City=寿春 (ID:21), Reason=Order Completion
[Sun Jun 22 03:31:27 2025] ORDER_DELETED: Person=乐进 (ID:16), Order=招揽 (ID:16), City=寿春 (ID:21), Target=巴郡 (ID:31)
[Sun Jun 22 03:31:27 2025] ORDER_EXECUTED: Person=徐晃 (ID:30), Order=招揽 (ID:16), City=寿春 (ID:21), Target=Person ID 136 (ID:136)
[Sun Jun 22 03:31:27 2025] PERSON_RETURNED: Person=徐晃 (ID:30), City=寿春 (ID:21), Reason=Order Completion
[Sun Jun 22 03:31:27 2025] ORDER_DELETED: Person=徐晃 (ID:30), Order=招揽 (ID:16), City=寿春 (ID:21), Target=Person ID 136 (ID:136)
[Sun Jun 22 03:31:27 2025] ORDER_EXECUTED: Person=高顺 (ID:48), Order=招揽 (ID:16), City=寿春 (ID:21), Target=Person ID 143 (ID:143)
[Sun Jun 22 03:31:27 2025] PERSON_RETURNED: Person=高顺 (ID:48), City=寿春 (ID:21), Reason=Order Completion
[Sun Jun 22 03:31:27 2025] ORDER_DELETED: Person=高顺 (ID:48), Order=招揽 (ID:16), City=寿春 (ID:21), Target=Person ID 143 (ID:143)
[Sun Jun 22 03:31:27 2025] ORDER_EXECUTED: Person=文钦 (ID:67), Order=招揽 (ID:16), City=寿春 (ID:21), Target=建宁 (ID:37)
[Sun Jun 22 03:31:27 2025] PERSON_RETURNED: Person=文钦 (ID:67), City=寿春 (ID:21), Reason=Order Completion
[Sun Jun 22 03:31:27 2025] ORDER_DELETED: Person=文钦 (ID:67), Order=招揽 (ID:16), City=寿春 (ID:21), Target=建宁 (ID:37)
[Sun Jun 22 03:31:28 2025] GAME_TURN: Year=248, Month=12
[Sun Jun 22 03:31:29 2025] COMPUTER_TACTIC: City=襄平 (ID:2), Tactic=Interior
[Sun Jun 22 03:31:29 2025] ORDER_CREATED: Person=崔琰 (ID:29), Order=招揽 (ID:16), City=晋阳 (ID:4), Target=Person ID 144 (ID:144)
[Sun Jun 22 03:31:29 2025] PERSON_REMOVED: Person=崔琰 (ID:29), City=晋阳 (ID:4), Reason=Order Assignment
[Sun Jun 22 03:31:29 2025] ORDER_CREATED: Person=ConversionError (ID:33), Order=招揽 (ID:16), City=晋阳 (ID:4), Target=Person ID 123 (ID:123)
[Sun Jun 22 03:31:29 2025] PERSON_REMOVED: Person=ConversionError (ID:33), City=晋阳 (ID:4), Reason=Order Assignment
[Sun Jun 22 03:31:29 2025] ORDER_CREATED: Person=阎圃 (ID:61), Order=招揽 (ID:16), City=晋阳 (ID:4), Target=Person ID 124 (ID:124)
[Sun Jun 22 03:31:29 2025] PERSON_REMOVED: Person=阎圃 (ID:61), City=晋阳 (ID:4), Reason=Order Assignment
[Sun Jun 22 03:31:29 2025] COMPUTER_TACTIC: City=晋阳 (ID:4), Tactic=AI_Diplomatism
[Sun Jun 22 03:31:29 2025] ORDER_CREATED: Person=夏侯尚 (ID:7), Order=招揽 (ID:16), City=平原 (ID:5), Target=Person ID 81 (ID:81)
[Sun Jun 22 03:31:29 2025] PERSON_REMOVED: Person=夏侯尚 (ID:7), City=平原 (ID:5), Reason=Order Assignment
[Sun Jun 22 03:31:29 2025] ORDER_CREATED: Person=杨松 (ID:59), Order=招揽 (ID:16), City=平原 (ID:5), Target=Person ID 123 (ID:123)
[Sun Jun 22 03:31:29 2025] PERSON_REMOVED: Person=杨松 (ID:59), City=平原 (ID:5), Reason=Order Assignment
[Sun Jun 22 03:31:29 2025] ORDER_CREATED: Person=孟达 (ID:62), Order=招揽 (ID:16), City=平原 (ID:5), Target=Person ID 100 (ID:100)
[Sun Jun 22 03:31:29 2025] PERSON_REMOVED: Person=孟达 (ID:62), City=平原 (ID:5), Reason=Order Assignment
[Sun Jun 22 03:31:29 2025] COMPUTER_TACTIC: City=平原 (ID:5), Tactic=AI_Diplomatism
[Sun Jun 22 03:31:29 2025] ORDER_CREATED: Person=徐庶 (ID:5), Order=搜寻 (ID:3), City=南皮 (ID:6)
[Sun Jun 22 03:31:29 2025] PERSON_REMOVED: Person=徐庶 (ID:5), City=南皮 (ID:6), Reason=Order Assignment
[Sun Jun 22 03:31:29 2025] ORDER_CREATED: Person=于禁 (ID:21), Order=治理 (ID:4), City=南皮 (ID:6)
[Sun Jun 22 03:31:29 2025] PERSON_REMOVED: Person=于禁 (ID:21), City=南皮 (ID:6), Reason=Order Assignment
[Sun Jun 22 03:31:29 2025] ORDER_CREATED: Person=博士仁 (ID:36), Order=治理 (ID:4), City=南皮 (ID:6)
[Sun Jun 22 03:31:29 2025] PERSON_REMOVED: Person=博士仁 (ID:36), City=南皮 (ID:6), Reason=Order Assignment
[Sun Jun 22 03:31:29 2025] ORDER_CREATED: Person=马延 (ID:51), Order=出巡 (ID:5), City=南皮 (ID:6)
[Sun Jun 22 03:31:29 2025] PERSON_REMOVED: Person=马延 (ID:51), City=南皮 (ID:6), Reason=Order Assignment
[Sun Jun 22 03:31:29 2025] ORDER_CREATED: Person=司马懿 (ID:63), Order=治理 (ID:4), City=南皮 (ID:6)
[Sun Jun 22 03:31:29 2025] PERSON_REMOVED: Person=司马懿 (ID:63), City=南皮 (ID:6), Reason=Order Assignment
[Sun Jun 22 03:31:29 2025] COMPUTER_TACTIC: City=南皮 (ID:6), Tactic=Interior
[Sun Jun 22 03:31:29 2025] ORDER_CREATED: Person=杨龄 (ID:6), Order=招商 (ID:2), City=北海 (ID:7)
[Sun Jun 22 03:31:29 2025] PERSON_REMOVED: Person=杨龄 (ID:6), City=北海 (ID:7), Reason=Order Assignment
[Sun Jun 22 03:31:29 2025] ORDER_CREATED: Person=曹植 (ID:12), Order=出巡 (ID:5), City=北海 (ID:7)
[Sun Jun 22 03:31:29 2025] PERSON_REMOVED: Person=曹植 (ID:12), City=北海 (ID:7), Reason=Order Assignment
[Sun Jun 22 03:31:29 2025] ORDER_CREATED: Person=陈群 (ID:25), Order=出巡 (ID:5), City=北海 (ID:7)
[Sun Jun 22 03:31:29 2025] PERSON_REMOVED: Person=陈群 (ID:25), City=北海 (ID:7), Reason=Order Assignment
[Sun Jun 22 03:31:29 2025] ORDER_CREATED: Person=ConversionError (ID:27), Order=招商 (ID:2), City=北海 (ID:7)
[Sun Jun 22 03:31:29 2025] PERSON_REMOVED: Person=ConversionError (ID:27), City=北海 (ID:7), Reason=Order Assignment
[Sun Jun 22 03:31:29 2025] ORDER_CREATED: Person=许褚 (ID:28), Order=招商 (ID:2), City=北海 (ID:7)
[Sun Jun 22 03:31:29 2025] PERSON_REMOVED: Person=许褚 (ID:28), City=北海 (ID:7), Reason=Order Assignment
[Sun Jun 22 03:31:29 2025] ORDER_CREATED: Person=毋丘俭 (ID:68), Order=治理 (ID:4), City=北海 (ID:7)
[Sun Jun 22 03:31:29 2025] PERSON_REMOVED: Person=毋丘俭 (ID:68), City=北海 (ID:7), Reason=Order Assignment
[Sun Jun 22 03:31:29 2025] COMPUTER_TACTIC: City=北海 (ID:7), Tactic=Interior
[Sun Jun 22 03:31:29 2025] ORDER_CREATED: Person=满宠 (ID:26), Order=招揽 (ID:16), City=天水 (ID:8), Target=Person ID 95 (ID:95)
[Sun Jun 22 03:31:29 2025] PERSON_REMOVED: Person=满宠 (ID:26), City=天水 (ID:8), Reason=Order Assignment
[Sun Jun 22 03:31:29 2025] ORDER_CREATED: Person=张卫 (ID:58), Order=招揽 (ID:16), City=天水 (ID:8), Target=Person ID 135 (ID:135)
[Sun Jun 22 03:31:29 2025] PERSON_REMOVED: Person=张卫 (ID:58), City=天水 (ID:8), Reason=Order Assignment
[Sun Jun 22 03:31:29 2025] COMPUTER_TACTIC: City=天水 (ID:8), Tactic=AI_Diplomatism
[Sun Jun 22 03:31:29 2025] ORDER_CREATED: Person=夏侯德 (ID:8), Order=招揽 (ID:16), City=河内 (ID:9), Target=Person ID 99 (ID:99)
[Sun Jun 22 03:31:29 2025] PERSON_REMOVED: Person=夏侯德 (ID:8), City=河内 (ID:9), Reason=Order Assignment
[Sun Jun 22 03:31:29 2025] ORDER_CREATED: Person=曹洪 (ID:17), Order=招揽 (ID:16), City=河内 (ID:9), Target=Person ID 95 (ID:95)
[Sun Jun 22 03:31:29 2025] PERSON_REMOVED: Person=曹洪 (ID:17), City=河内 (ID:9), Reason=Order Assignment
[Sun Jun 22 03:31:29 2025] ORDER_CREATED: Person=荀攸 (ID:22), Order=招揽 (ID:16), City=河内 (ID:9), Target=Person ID 73 (ID:73)
[Sun Jun 22 03:31:29 2025] PERSON_REMOVED: Person=荀攸 (ID:22), City=河内 (ID:9), Reason=Order Assignment
[Sun Jun 22 03:31:29 2025] ORDER_CREATED: Person=刘晔 (ID:24), Order=招揽 (ID:16), City=河内 (ID:9), Target=Person ID 142 (ID:142)
[Sun Jun 22 03:31:29 2025] PERSON_REMOVED: Person=刘晔 (ID:24), City=河内 (ID:9), Reason=Order Assignment
[Sun Jun 22 03:31:29 2025] ORDER_CREATED: Person=蒋干 (ID:32), Order=招揽 (ID:16), City=河内 (ID:9), Target=Person ID 101 (ID:101)
[Sun Jun 22 03:31:29 2025] PERSON_REMOVED: Person=蒋干 (ID:32), City=河内 (ID:9), Reason=Order Assignment
[Sun Jun 22 03:31:29 2025] ORDER_CREATED: Person=张嶷 (ID:94), Order=招揽 (ID:16), City=河内 (ID:9), Target=Person ID 41 (ID:41)
[Sun Jun 22 03:31:29 2025] PERSON_REMOVED: Person=张嶷 (ID:94), City=河内 (ID:9), Reason=Order Assignment
[Sun Jun 22 03:31:29 2025] ORDER_CREATED: Person=蒯越 (ID:54), Order=招揽 (ID:16), City=河内 (ID:9), Target=Person ID 72 (ID:72)
[Sun Jun 22 03:31:29 2025] PERSON_REMOVED: Person=蒯越 (ID:54), City=河内 (ID:9), Reason=Order Assignment
[Sun Jun 22 03:31:29 2025] ORDER_CREATED: Person=韩嵩 (ID:55), Order=招揽 (ID:16), City=河内 (ID:9), Target=Person ID 74 (ID:74)
[Sun Jun 22 03:31:29 2025] PERSON_REMOVED: Person=韩嵩 (ID:55), City=河内 (ID:9), Reason=Order Assignment
[Sun Jun 22 03:31:29 2025] ORDER_CREATED: Person=司马师 (ID:64), Order=招揽 (ID:16), City=河内 (ID:9), Target= (ID:23)
[Sun Jun 22 03:31:29 2025] PERSON_REMOVED: Person=司马师 (ID:64), City=河内 (ID:9), Reason=Order Assignment
[Sun Jun 22 03:31:29 2025] ORDER_CREATED: Person=典满 (ID:69), Order=招揽 (ID:16), City=河内 (ID:9), Target=汉中 (ID:14)
[Sun Jun 22 03:31:29 2025] PERSON_REMOVED: Person=典满 (ID:69), City=河内 (ID:9), Reason=Order Assignment
[Sun Jun 22 03:31:29 2025] ORDER_CREATED: Person=郝昭 (ID:70), Order=招揽 (ID:16), City=河内 (ID:9), Target=Person ID 139 (ID:139)
[Sun Jun 22 03:31:29 2025] PERSON_REMOVED: Person=郝昭 (ID:70), City=河内 (ID:9), Reason=Order Assignment
[Sun Jun 22 03:31:29 2025] COMPUTER_TACTIC: City=河内 (ID:9), Tactic=AI_Diplomatism
[Sun Jun 22 03:31:29 2025] ORDER_CREATED: Person=郭淮 (ID:31), Order=开垦 (ID:1), City= (ID:11)
[Sun Jun 22 03:31:29 2025] PERSON_REMOVED: Person=郭淮 (ID:31), City= (ID:11), Reason=Order Assignment
[Sun Jun 22 03:31:29 2025] ORDER_CREATED: Person=高览 (ID:34), Order=招商 (ID:2), City= (ID:11)
[Sun Jun 22 03:31:29 2025] PERSON_REMOVED: Person=高览 (ID:34), City= (ID:11), Reason=Order Assignment
[Sun Jun 22 03:31:29 2025] ORDER_CREATED: Person=文聘 (ID:57), Order=招商 (ID:2), City= (ID:11)
[Sun Jun 22 03:31:29 2025] PERSON_REMOVED: Person=文聘 (ID:57), City= (ID:11), Reason=Order Assignment
[Sun Jun 22 03:31:29 2025] COMPUTER_TACTIC: City= (ID:11), Tactic=Interior
[Sun Jun 22 03:31:29 2025] COMPUTER_TACTIC: City=汉中 (ID:14), Tactic=Diplomatism
[Sun Jun 22 03:31:29 2025] COMPUTER_TACTIC: City=梓潼 (ID:19), Tactic=Armament
[Sun Jun 22 03:31:29 2025] ORDER_CREATED: Person=曹休 (ID:20), Order=出巡 (ID:5), City=宛城 (ID:20)
[Sun Jun 22 03:31:29 2025] PERSON_REMOVED: Person=曹休 (ID:20), City=宛城 (ID:20), Reason=Order Assignment
[Sun Jun 22 03:31:29 2025] ORDER_CREATED: Person=臧霸 (ID:44), Order=治理 (ID:4), City=宛城 (ID:20)
[Sun Jun 22 03:31:29 2025] PERSON_REMOVED: Person=臧霸 (ID:44), City=宛城 (ID:20), Reason=Order Assignment
[Sun Jun 22 03:31:29 2025] ORDER_CREATED: Person=魏续 (ID:45), Order=出巡 (ID:5), City=宛城 (ID:20)
[Sun Jun 22 03:31:29 2025] PERSON_REMOVED: Person=魏续 (ID:45), City=宛城 (ID:20), Reason=Order Assignment
[Sun Jun 22 03:31:29 2025] ORDER_CREATED: Person=王粲 (ID:50), Order=治理 (ID:4), City=宛城 (ID:20)
[Sun Jun 22 03:31:29 2025] PERSON_REMOVED: Person=王粲 (ID:50), City=宛城 (ID:20), Reason=Order Assignment
[Sun Jun 22 03:31:29 2025] ORDER_CREATED: Person=张绣 (ID:52), Order=出巡 (ID:5), City=宛城 (ID:20)
[Sun Jun 22 03:31:29 2025] PERSON_REMOVED: Person=张绣 (ID:52), City=宛城 (ID:20), Reason=Order Assignment
[Sun Jun 22 03:31:29 2025] COMPUTER_TACTIC: City=宛城 (ID:20), Tactic=Interior
[Sun Jun 22 03:31:29 2025] COMPUTER_TACTIC: City=建业 (ID:22), Tactic=Interior
[Sun Jun 22 03:31:29 2025] COMPUTER_TACTIC: City= (ID:23), Tactic=Armament
[Sun Jun 22 03:31:29 2025] COMPUTER_TACTIC: City=成都 (ID:24), Tactic=Interior
[Sun Jun 22 03:31:29 2025] COMPUTER_TACTIC: City=棉竹 (ID:25), Tactic=Interior
[Sun Jun 22 03:31:29 2025] COMPUTER_TACTIC: City=襄阳 (ID:26), Tactic=Interior
[Sun Jun 22 03:31:29 2025] COMPUTER_TACTIC: City=江夏 (ID:27), Tactic=Diplomatism
[Sun Jun 22 03:31:29 2025] COMPUTER_TACTIC: City=庐江 (ID:28), Tactic=Armament
[Sun Jun 22 03:31:29 2025] COMPUTER_TACTIC: City=会稽 (ID:29), Tactic=Armament
[Sun Jun 22 03:31:29 2025] COMPUTER_TACTIC: City=云南 (ID:30), Tactic=Armament
[Sun Jun 22 03:31:29 2025] COMPUTER_TACTIC: City=巴郡 (ID:31), Tactic=Diplomatism
[Sun Jun 22 03:31:29 2025] COMPUTER_TACTIC: City=武陵 (ID:32), Tactic=Armament
[Sun Jun 22 03:31:29 2025] COMPUTER_TACTIC: City=长沙 (ID:33), Tactic=Armament
[Sun Jun 22 03:31:29 2025] COMPUTER_TACTIC: City=柴桑 (ID:34), Tactic=Armament
[Sun Jun 22 03:31:29 2025] COMPUTER_TACTIC: City=零陵 (ID:35), Tactic=Armament
[Sun Jun 22 03:31:29 2025] COMPUTER_TACTIC: City=桂阳 (ID:36), Tactic=Armament
[Sun Jun 22 03:31:29 2025] ORDER_EXECUTED: Person=崔琰 (ID:29), Order=招揽 (ID:16), City=晋阳 (ID:4), Target=Person ID 144 (ID:144)
[Sun Jun 22 03:31:29 2025] PERSON_RETURNED: Person=崔琰 (ID:29), City=晋阳 (ID:4), Reason=Order Completion
[Sun Jun 22 03:31:29 2025] ORDER_DELETED: Person=崔琰 (ID:29), Order=招揽 (ID:16), City=晋阳 (ID:4), Target=Person ID 144 (ID:144)
[Sun Jun 22 03:31:29 2025] ORDER_EXECUTED: Person=ConversionError (ID:33), Order=招揽 (ID:16), City=晋阳 (ID:4), Target=Person ID 123 (ID:123)
[Sun Jun 22 03:31:29 2025] PERSON_RETURNED: Person=ConversionError (ID:33), City=晋阳 (ID:4), Reason=Order Completion
[Sun Jun 22 03:31:29 2025] ORDER_DELETED: Person=ConversionError (ID:33), Order=招揽 (ID:16), City=晋阳 (ID:4), Target=Person ID 123 (ID:123)
[Sun Jun 22 03:31:29 2025] ORDER_EXECUTED: Person=阎圃 (ID:61), Order=招揽 (ID:16), City=晋阳 (ID:4), Target=Person ID 124 (ID:124)
[Sun Jun 22 03:31:29 2025] PERSON_RETURNED: Person=阎圃 (ID:61), City=晋阳 (ID:4), Reason=Order Completion
[Sun Jun 22 03:31:29 2025] ORDER_DELETED: Person=阎圃 (ID:61), Order=招揽 (ID:16), City=晋阳 (ID:4), Target=Person ID 124 (ID:124)
[Sun Jun 22 03:31:29 2025] ORDER_EXECUTED: Person=夏侯尚 (ID:7), Order=招揽 (ID:16), City=平原 (ID:5), Target=Person ID 81 (ID:81)
[Sun Jun 22 03:31:29 2025] PERSON_RETURNED: Person=夏侯尚 (ID:7), City=平原 (ID:5), Reason=Order Completion
[Sun Jun 22 03:31:29 2025] ORDER_DELETED: Person=夏侯尚 (ID:7), Order=招揽 (ID:16), City=平原 (ID:5), Target=Person ID 81 (ID:81)
[Sun Jun 22 03:31:29 2025] ORDER_EXECUTED: Person=杨松 (ID:59), Order=招揽 (ID:16), City=平原 (ID:5), Target=Person ID 123 (ID:123)
[Sun Jun 22 03:31:29 2025] PERSON_RETURNED: Person=杨松 (ID:59), City=平原 (ID:5), Reason=Order Completion
[Sun Jun 22 03:31:29 2025] ORDER_DELETED: Person=杨松 (ID:59), Order=招揽 (ID:16), City=平原 (ID:5), Target=Person ID 123 (ID:123)
[Sun Jun 22 03:31:29 2025] ORDER_EXECUTED: Person=孟达 (ID:62), Order=招揽 (ID:16), City=平原 (ID:5), Target=Person ID 100 (ID:100)
[Sun Jun 22 03:31:29 2025] PERSON_RETURNED: Person=孟达 (ID:62), City=平原 (ID:5), Reason=Order Completion
[Sun Jun 22 03:31:29 2025] ORDER_DELETED: Person=孟达 (ID:62), Order=招揽 (ID:16), City=平原 (ID:5), Target=Person ID 100 (ID:100)
[Sun Jun 22 03:31:29 2025] ORDER_EXECUTED: Person=徐庶 (ID:5), Order=搜寻 (ID:3), City=南皮 (ID:6)
[Sun Jun 22 03:31:29 2025] PERSON_RETURNED: Person=徐庶 (ID:5), City=南皮 (ID:6), Reason=Order Completion
[Sun Jun 22 03:31:29 2025] ORDER_DELETED: Person=徐庶 (ID:5), Order=搜寻 (ID:3), City=南皮 (ID:6)
[Sun Jun 22 03:31:29 2025] ORDER_EXECUTED: Person=于禁 (ID:21), Order=治理 (ID:4), City=南皮 (ID:6)
[Sun Jun 22 03:31:29 2025] PERSON_RETURNED: Person=于禁 (ID:21), City=南皮 (ID:6), Reason=Order Completion
[Sun Jun 22 03:31:29 2025] ORDER_DELETED: Person=于禁 (ID:21), Order=治理 (ID:4), City=南皮 (ID:6)
[Sun Jun 22 03:31:29 2025] ORDER_EXECUTED: Person=博士仁 (ID:36), Order=治理 (ID:4), City=南皮 (ID:6)
[Sun Jun 22 03:31:29 2025] PERSON_RETURNED: Person=博士仁 (ID:36), City=南皮 (ID:6), Reason=Order Completion
[Sun Jun 22 03:31:29 2025] ORDER_DELETED: Person=博士仁 (ID:36), Order=治理 (ID:4), City=南皮 (ID:6)
[Sun Jun 22 03:31:29 2025] ORDER_EXECUTED: Person=马延 (ID:51), Order=出巡 (ID:5), City=南皮 (ID:6)
[Sun Jun 22 03:31:29 2025] PERSON_RETURNED: Person=马延 (ID:51), City=南皮 (ID:6), Reason=Order Completion
[Sun Jun 22 03:31:29 2025] ORDER_DELETED: Person=马延 (ID:51), Order=出巡 (ID:5), City=南皮 (ID:6)
[Sun Jun 22 03:31:29 2025] ORDER_EXECUTED: Person=司马懿 (ID:63), Order=治理 (ID:4), City=南皮 (ID:6)
[Sun Jun 22 03:31:29 2025] PERSON_RETURNED: Person=司马懿 (ID:63), City=南皮 (ID:6), Reason=Order Completion
[Sun Jun 22 03:31:29 2025] ORDER_DELETED: Person=司马懿 (ID:63), Order=治理 (ID:4), City=南皮 (ID:6)
[Sun Jun 22 03:31:29 2025] ORDER_EXECUTED: Person=杨龄 (ID:6), Order=招商 (ID:2), City=北海 (ID:7)
[Sun Jun 22 03:31:29 2025] PERSON_RETURNED: Person=杨龄 (ID:6), City=北海 (ID:7), Reason=Order Completion
[Sun Jun 22 03:31:29 2025] ORDER_DELETED: Person=杨龄 (ID:6), Order=招商 (ID:2), City=北海 (ID:7)
[Sun Jun 22 03:31:29 2025] ORDER_EXECUTED: Person=曹植 (ID:12), Order=出巡 (ID:5), City=北海 (ID:7)
[Sun Jun 22 03:31:29 2025] PERSON_RETURNED: Person=曹植 (ID:12), City=北海 (ID:7), Reason=Order Completion
[Sun Jun 22 03:31:29 2025] ORDER_DELETED: Person=曹植 (ID:12), Order=出巡 (ID:5), City=北海 (ID:7)
[Sun Jun 22 03:31:29 2025] ORDER_EXECUTED: Person=陈群 (ID:25), Order=出巡 (ID:5), City=北海 (ID:7)
[Sun Jun 22 03:31:29 2025] PERSON_RETURNED: Person=陈群 (ID:25), City=北海 (ID:7), Reason=Order Completion
[Sun Jun 22 03:31:29 2025] ORDER_DELETED: Person=陈群 (ID:25), Order=出巡 (ID:5), City=北海 (ID:7)
[Sun Jun 22 03:31:29 2025] ORDER_EXECUTED: Person=ConversionError (ID:27), Order=招商 (ID:2), City=北海 (ID:7)
[Sun Jun 22 03:31:29 2025] PERSON_RETURNED: Person=ConversionError (ID:27), City=北海 (ID:7), Reason=Order Completion
[Sun Jun 22 03:31:29 2025] ORDER_DELETED: Person=ConversionError (ID:27), Order=招商 (ID:2), City=北海 (ID:7)
[Sun Jun 22 03:31:29 2025] ORDER_EXECUTED: Person=许褚 (ID:28), Order=招商 (ID:2), City=北海 (ID:7)
[Sun Jun 22 03:31:29 2025] PERSON_RETURNED: Person=许褚 (ID:28), City=北海 (ID:7), Reason=Order Completion
[Sun Jun 22 03:31:29 2025] ORDER_DELETED: Person=许褚 (ID:28), Order=招商 (ID:2), City=北海 (ID:7)
[Sun Jun 22 03:31:29 2025] ORDER_EXECUTED: Person=毋丘俭 (ID:68), Order=治理 (ID:4), City=北海 (ID:7)
[Sun Jun 22 03:31:29 2025] PERSON_RETURNED: Person=毋丘俭 (ID:68), City=北海 (ID:7), Reason=Order Completion
[Sun Jun 22 03:31:29 2025] ORDER_DELETED: Person=毋丘俭 (ID:68), Order=治理 (ID:4), City=北海 (ID:7)
[Sun Jun 22 03:31:29 2025] ORDER_EXECUTED: Person=满宠 (ID:26), Order=招揽 (ID:16), City=天水 (ID:8), Target=Person ID 95 (ID:95)
[Sun Jun 22 03:31:29 2025] PERSON_RETURNED: Person=满宠 (ID:26), City=天水 (ID:8), Reason=Order Completion
[Sun Jun 22 03:31:29 2025] ORDER_DELETED: Person=满宠 (ID:26), Order=招揽 (ID:16), City=天水 (ID:8), Target=Person ID 95 (ID:95)
[Sun Jun 22 03:31:29 2025] ORDER_EXECUTED: Person=张卫 (ID:58), Order=招揽 (ID:16), City=天水 (ID:8), Target=Person ID 135 (ID:135)
[Sun Jun 22 03:31:29 2025] PERSON_RETURNED: Person=张卫 (ID:58), City=天水 (ID:8), Reason=Order Completion
[Sun Jun 22 03:31:29 2025] ORDER_DELETED: Person=张卫 (ID:58), Order=招揽 (ID:16), City=天水 (ID:8), Target=Person ID 135 (ID:135)
[Sun Jun 22 03:31:29 2025] ORDER_EXECUTED: Person=夏侯德 (ID:8), Order=招揽 (ID:16), City=河内 (ID:9), Target=Person ID 99 (ID:99)
[Sun Jun 22 03:31:29 2025] PERSON_RETURNED: Person=夏侯德 (ID:8), City=河内 (ID:9), Reason=Order Completion
[Sun Jun 22 03:31:29 2025] ORDER_DELETED: Person=夏侯德 (ID:8), Order=招揽 (ID:16), City=河内 (ID:9), Target=Person ID 99 (ID:99)
[Sun Jun 22 03:31:29 2025] ORDER_EXECUTED: Person=曹洪 (ID:17), Order=招揽 (ID:16), City=河内 (ID:9), Target=Person ID 95 (ID:95)
[Sun Jun 22 03:31:29 2025] PERSON_RETURNED: Person=曹洪 (ID:17), City=河内 (ID:9), Reason=Order Completion
[Sun Jun 22 03:31:29 2025] ORDER_DELETED: Person=曹洪 (ID:17), Order=招揽 (ID:16), City=河内 (ID:9), Target=Person ID 95 (ID:95)
[Sun Jun 22 03:31:29 2025] ORDER_EXECUTED: Person=荀攸 (ID:22), Order=招揽 (ID:16), City=河内 (ID:9), Target=Person ID 73 (ID:73)
[Sun Jun 22 03:31:29 2025] PERSON_RETURNED: Person=荀攸 (ID:22), City=河内 (ID:9), Reason=Order Completion
[Sun Jun 22 03:31:29 2025] ORDER_DELETED: Person=荀攸 (ID:22), Order=招揽 (ID:16), City=河内 (ID:9), Target=Person ID 73 (ID:73)
[Sun Jun 22 03:31:29 2025] ORDER_EXECUTED: Person=刘晔 (ID:24), Order=招揽 (ID:16), City=河内 (ID:9), Target=Person ID 142 (ID:142)
[Sun Jun 22 03:31:29 2025] PERSON_RETURNED: Person=刘晔 (ID:24), City=河内 (ID:9), Reason=Order Completion
[Sun Jun 22 03:31:29 2025] ORDER_DELETED: Person=刘晔 (ID:24), Order=招揽 (ID:16), City=河内 (ID:9), Target=Person ID 142 (ID:142)
[Sun Jun 22 03:31:29 2025] ORDER_EXECUTED: Person=蒋干 (ID:32), Order=招揽 (ID:16), City=河内 (ID:9), Target=Person ID 101 (ID:101)
[Sun Jun 22 03:31:29 2025] PERSON_RETURNED: Person=蒋干 (ID:32), City=河内 (ID:9), Reason=Order Completion
[Sun Jun 22 03:31:29 2025] ORDER_DELETED: Person=蒋干 (ID:32), Order=招揽 (ID:16), City=河内 (ID:9), Target=Person ID 101 (ID:101)
[Sun Jun 22 03:31:29 2025] ORDER_EXECUTED: Person=张嶷 (ID:94), Order=招揽 (ID:16), City=河内 (ID:9), Target=Person ID 41 (ID:41)
[Sun Jun 22 03:31:29 2025] PERSON_RETURNED: Person=张嶷 (ID:94), City=河内 (ID:9), Reason=Order Completion
[Sun Jun 22 03:31:29 2025] ORDER_DELETED: Person=张嶷 (ID:94), Order=招揽 (ID:16), City=河内 (ID:9), Target=Person ID 41 (ID:41)
[Sun Jun 22 03:31:29 2025] ORDER_EXECUTED: Person=蒯越 (ID:54), Order=招揽 (ID:16), City=河内 (ID:9), Target=Person ID 72 (ID:72)
[Sun Jun 22 03:31:29 2025] PERSON_RETURNED: Person=蒯越 (ID:54), City=河内 (ID:9), Reason=Order Completion
[Sun Jun 22 03:31:29 2025] ORDER_DELETED: Person=蒯越 (ID:54), Order=招揽 (ID:16), City=河内 (ID:9), Target=Person ID 72 (ID:72)
[Sun Jun 22 03:31:29 2025] ORDER_EXECUTED: Person=韩嵩 (ID:55), Order=招揽 (ID:16), City=河内 (ID:9), Target=Person ID 74 (ID:74)
[Sun Jun 22 03:31:29 2025] PERSON_RETURNED: Person=韩嵩 (ID:55), City=河内 (ID:9), Reason=Order Completion
[Sun Jun 22 03:31:29 2025] ORDER_DELETED: Person=韩嵩 (ID:55), Order=招揽 (ID:16), City=河内 (ID:9), Target=Person ID 74 (ID:74)
[Sun Jun 22 03:31:29 2025] ORDER_EXECUTED: Person=司马师 (ID:64), Order=招揽 (ID:16), City=河内 (ID:9), Target= (ID:23)
[Sun Jun 22 03:31:29 2025] PERSON_RETURNED: Person=司马师 (ID:64), City=河内 (ID:9), Reason=Order Completion
[Sun Jun 22 03:31:29 2025] ORDER_DELETED: Person=司马师 (ID:64), Order=招揽 (ID:16), City=河内 (ID:9), Target= (ID:23)
[Sun Jun 22 03:31:29 2025] ORDER_EXECUTED: Person=典满 (ID:69), Order=招揽 (ID:16), City=河内 (ID:9), Target=汉中 (ID:14)
[Sun Jun 22 03:31:29 2025] PERSON_RETURNED: Person=典满 (ID:69), City=河内 (ID:9), Reason=Order Completion
[Sun Jun 22 03:31:29 2025] ORDER_DELETED: Person=典满 (ID:69), Order=招揽 (ID:16), City=河内 (ID:9), Target=汉中 (ID:14)
[Sun Jun 22 03:31:29 2025] ORDER_EXECUTED: Person=郝昭 (ID:70), Order=招揽 (ID:16), City=河内 (ID:9), Target=Person ID 139 (ID:139)
[Sun Jun 22 03:31:29 2025] PERSON_RETURNED: Person=郝昭 (ID:70), City=河内 (ID:9), Reason=Order Completion
[Sun Jun 22 03:31:29 2025] ORDER_DELETED: Person=郝昭 (ID:70), Order=招揽 (ID:16), City=河内 (ID:9), Target=Person ID 139 (ID:139)
[Sun Jun 22 03:31:29 2025] ORDER_EXECUTED: Person=郭淮 (ID:31), Order=开垦 (ID:1), City= (ID:11)
[Sun Jun 22 03:31:29 2025] PERSON_RETURNED: Person=郭淮 (ID:31), City= (ID:11), Reason=Order Completion
[Sun Jun 22 03:31:29 2025] ORDER_DELETED: Person=郭淮 (ID:31), Order=开垦 (ID:1), City= (ID:11)
[Sun Jun 22 03:31:29 2025] ORDER_EXECUTED: Person=高览 (ID:34), Order=招商 (ID:2), City= (ID:11)
[Sun Jun 22 03:31:29 2025] PERSON_RETURNED: Person=高览 (ID:34), City= (ID:11), Reason=Order Completion
[Sun Jun 22 03:31:29 2025] ORDER_DELETED: Person=高览 (ID:34), Order=招商 (ID:2), City= (ID:11)
[Sun Jun 22 03:31:29 2025] ORDER_EXECUTED: Person=文聘 (ID:57), Order=招商 (ID:2), City= (ID:11)
[Sun Jun 22 03:31:29 2025] PERSON_RETURNED: Person=文聘 (ID:57), City= (ID:11), Reason=Order Completion
[Sun Jun 22 03:31:29 2025] ORDER_DELETED: Person=文聘 (ID:57), Order=招商 (ID:2), City= (ID:11)
[Sun Jun 22 03:31:29 2025] ORDER_EXECUTED: Person=曹休 (ID:20), Order=出巡 (ID:5), City=宛城 (ID:20)
[Sun Jun 22 03:31:29 2025] PERSON_RETURNED: Person=曹休 (ID:20), City=宛城 (ID:20), Reason=Order Completion
[Sun Jun 22 03:31:29 2025] ORDER_DELETED: Person=曹休 (ID:20), Order=出巡 (ID:5), City=宛城 (ID:20)
[Sun Jun 22 03:31:29 2025] ORDER_EXECUTED: Person=臧霸 (ID:44), Order=治理 (ID:4), City=宛城 (ID:20)
[Sun Jun 22 03:31:29 2025] PERSON_RETURNED: Person=臧霸 (ID:44), City=宛城 (ID:20), Reason=Order Completion
[Sun Jun 22 03:31:29 2025] ORDER_DELETED: Person=臧霸 (ID:44), Order=治理 (ID:4), City=宛城 (ID:20)
[Sun Jun 22 03:31:29 2025] ORDER_EXECUTED: Person=魏续 (ID:45), Order=出巡 (ID:5), City=宛城 (ID:20)
[Sun Jun 22 03:31:29 2025] PERSON_RETURNED: Person=魏续 (ID:45), City=宛城 (ID:20), Reason=Order Completion
[Sun Jun 22 03:31:29 2025] ORDER_DELETED: Person=魏续 (ID:45), Order=出巡 (ID:5), City=宛城 (ID:20)
[Sun Jun 22 03:31:29 2025] ORDER_EXECUTED: Person=王粲 (ID:50), Order=治理 (ID:4), City=宛城 (ID:20)
[Sun Jun 22 03:31:29 2025] PERSON_RETURNED: Person=王粲 (ID:50), City=宛城 (ID:20), Reason=Order Completion
[Sun Jun 22 03:31:29 2025] ORDER_DELETED: Person=王粲 (ID:50), Order=治理 (ID:4), City=宛城 (ID:20)
[Sun Jun 22 03:31:29 2025] ORDER_EXECUTED: Person=张绣 (ID:52), Order=出巡 (ID:5), City=宛城 (ID:20)
[Sun Jun 22 03:31:29 2025] PERSON_RETURNED: Person=张绣 (ID:52), City=宛城 (ID:20), Reason=Order Completion
[Sun Jun 22 03:31:29 2025] ORDER_DELETED: Person=张绣 (ID:52), Order=出巡 (ID:5), City=宛城 (ID:20)
[Sun Jun 22 03:31:32 2025] GAME_TURN: Year=249, Month=1
[Sun Jun 22 03:31:33 2025] ORDER_CREATED: Person=ConversionError (ID:156), Order=招商 (ID:2), City=北平 (ID:1)
[Sun Jun 22 03:31:33 2025] PERSON_REMOVED: Person=ConversionError (ID:156), City=北平 (ID:1), Reason=Order Assignment
[Sun Jun 22 03:31:33 2025] ORDER_CREATED: Person=李典 (ID:14), Order=开垦 (ID:1), City=北平 (ID:1)
[Sun Jun 22 03:31:33 2025] PERSON_REMOVED: Person=李典 (ID:14), City=北平 (ID:1), Reason=Order Assignment
[Sun Jun 22 03:31:33 2025] ORDER_CREATED: Person=钟繇 (ID:49), Order=招商 (ID:2), City=北平 (ID:1)
[Sun Jun 22 03:31:33 2025] PERSON_REMOVED: Person=钟繇 (ID:49), City=北平 (ID:1), Reason=Order Assignment
[Sun Jun 22 03:31:33 2025] ORDER_CREATED: Person=司马昭 (ID:65), Order=搜寻 (ID:3), City=北平 (ID:1)
[Sun Jun 22 03:31:33 2025] PERSON_REMOVED: Person=司马昭 (ID:65), City=北平 (ID:1), Reason=Order Assignment
[Sun Jun 22 03:31:33 2025] COMPUTER_TACTIC: City=北平 (ID:1), Tactic=Interior
[Sun Jun 22 03:31:33 2025] COMPUTER_TACTIC: City=襄平 (ID:2), Tactic=Interior
[Sun Jun 22 03:31:33 2025] ORDER_CREATED: Person=夏侯德 (ID:8), Order=治理 (ID:4), City=河内 (ID:9)
[Sun Jun 22 03:31:33 2025] PERSON_REMOVED: Person=夏侯德 (ID:8), City=河内 (ID:9), Reason=Order Assignment
[Sun Jun 22 03:31:33 2025] ORDER_CREATED: Person=曹洪 (ID:17), Order=出巡 (ID:5), City=河内 (ID:9)
[Sun Jun 22 03:31:33 2025] PERSON_REMOVED: Person=曹洪 (ID:17), City=河内 (ID:9), Reason=Order Assignment
[Sun Jun 22 03:31:33 2025] ORDER_CREATED: Person=荀攸 (ID:22), Order=搜寻 (ID:3), City=河内 (ID:9)
[Sun Jun 22 03:31:33 2025] PERSON_REMOVED: Person=荀攸 (ID:22), City=河内 (ID:9), Reason=Order Assignment
[Sun Jun 22 03:31:33 2025] ORDER_CREATED: Person=刘晔 (ID:24), Order=出巡 (ID:5), City=河内 (ID:9)
[Sun Jun 22 03:31:33 2025] PERSON_REMOVED: Person=刘晔 (ID:24), City=河内 (ID:9), Reason=Order Assignment
[Sun Jun 22 03:31:33 2025] ORDER_CREATED: Person=蒋干 (ID:32), Order=搜寻 (ID:3), City=河内 (ID:9)
[Sun Jun 22 03:31:33 2025] PERSON_REMOVED: Person=蒋干 (ID:32), City=河内 (ID:9), Reason=Order Assignment
[Sun Jun 22 03:31:33 2025] ORDER_CREATED: Person=张嶷 (ID:94), Order=治理 (ID:4), City=河内 (ID:9)
[Sun Jun 22 03:31:33 2025] PERSON_REMOVED: Person=张嶷 (ID:94), City=河内 (ID:9), Reason=Order Assignment
[Sun Jun 22 03:31:33 2025] ORDER_CREATED: Person=蒯越 (ID:54), Order=出巡 (ID:5), City=河内 (ID:9)
[Sun Jun 22 03:31:33 2025] PERSON_REMOVED: Person=蒯越 (ID:54), City=河内 (ID:9), Reason=Order Assignment
[Sun Jun 22 03:31:33 2025] ORDER_CREATED: Person=韩嵩 (ID:55), Order=出巡 (ID:5), City=河内 (ID:9)
[Sun Jun 22 03:31:33 2025] PERSON_REMOVED: Person=韩嵩 (ID:55), City=河内 (ID:9), Reason=Order Assignment
[Sun Jun 22 03:31:33 2025] ORDER_CREATED: Person=司马师 (ID:64), Order=搜寻 (ID:3), City=河内 (ID:9)
[Sun Jun 22 03:31:33 2025] PERSON_REMOVED: Person=司马师 (ID:64), City=河内 (ID:9), Reason=Order Assignment
[Sun Jun 22 03:31:33 2025] ORDER_CREATED: Person=典满 (ID:69), Order=出巡 (ID:5), City=河内 (ID:9)
[Sun Jun 22 03:31:33 2025] PERSON_REMOVED: Person=典满 (ID:69), City=河内 (ID:9), Reason=Order Assignment
[Sun Jun 22 03:31:33 2025] ORDER_CREATED: Person=郝昭 (ID:70), Order=出巡 (ID:5), City=河内 (ID:9)
[Sun Jun 22 03:31:33 2025] PERSON_REMOVED: Person=郝昭 (ID:70), City=河内 (ID:9), Reason=Order Assignment
[Sun Jun 22 03:31:33 2025] COMPUTER_TACTIC: City=河内 (ID:9), Tactic=Interior
[Sun Jun 22 03:31:33 2025] ORDER_CREATED: Person=夏侯霸 (ID:9), Order=招商 (ID:2), City=长安 (ID:10)
[Sun Jun 22 03:31:33 2025] PERSON_REMOVED: Person=夏侯霸 (ID:9), City=长安 (ID:10), Reason=Order Assignment
[Sun Jun 22 03:31:33 2025] ORDER_CREATED: Person=曹彰 (ID:10), Order=治理 (ID:4), City=长安 (ID:10)
[Sun Jun 22 03:31:33 2025] PERSON_REMOVED: Person=曹彰 (ID:10), City=长安 (ID:10), Reason=Order Assignment
[Sun Jun 22 03:31:33 2025] ORDER_CREATED: Person=曹真 (ID:11), Order=开垦 (ID:1), City=长安 (ID:10)
[Sun Jun 22 03:31:33 2025] PERSON_REMOVED: Person=曹真 (ID:11), City=长安 (ID:10), Reason=Order Assignment
[Sun Jun 22 03:31:33 2025] ORDER_CREATED: Person=张燕 (ID:38), Order=治理 (ID:4), City=长安 (ID:10)
[Sun Jun 22 03:31:33 2025] PERSON_REMOVED: Person=张燕 (ID:38), City=长安 (ID:10), Reason=Order Assignment
[Sun Jun 22 03:31:33 2025] ORDER_CREATED: Person=陈琳 (ID:41), Order=搜寻 (ID:3), City=长安 (ID:10)
[Sun Jun 22 03:31:33 2025] PERSON_REMOVED: Person=陈琳 (ID:41), City=长安 (ID:10), Reason=Order Assignment
[Sun Jun 22 03:31:33 2025] ORDER_CREATED: Person=贾诩 (ID:53), Order=开垦 (ID:1), City=长安 (ID:10)
[Sun Jun 22 03:31:33 2025] PERSON_REMOVED: Person=贾诩 (ID:53), City=长安 (ID:10), Reason=Order Assignment
[Sun Jun 22 03:31:33 2025] COMPUTER_TACTIC: City=长安 (ID:10), Tactic=Interior
[Sun Jun 22 03:31:33 2025] ORDER_CREATED: Person=程昱 (ID:23), Order=招揽 (ID:16), City=徐州 (ID:13), Target=Person ID 126 (ID:126)
[Sun Jun 22 03:31:33 2025] PERSON_REMOVED: Person=程昱 (ID:23), City=徐州 (ID:13), Reason=Order Assignment
[Sun Jun 22 03:31:33 2025] ORDER_CREATED: Person=张南 (ID:37), Order=招揽 (ID:16), City=徐州 (ID:13), Target=Person ID 51 (ID:51)
[Sun Jun 22 03:31:33 2025] PERSON_REMOVED: Person=张南 (ID:37), City=徐州 (ID:13), Reason=Order Assignment
[Sun Jun 22 03:31:33 2025] ORDER_CREATED: Person=王修 (ID:39), Order=招揽 (ID:16), City=徐州 (ID:13), Target=宛城 (ID:20)
[Sun Jun 22 03:31:33 2025] PERSON_REMOVED: Person=王修 (ID:39), City=徐州 (ID:13), Reason=Order Assignment
[Sun Jun 22 03:31:33 2025] ORDER_CREATED: Person=曹豹 (ID:43), Order=招揽 (ID:16), City=徐州 (ID:13), Target=襄阳 (ID:26)
[Sun Jun 22 03:31:33 2025] PERSON_REMOVED: Person=曹豹 (ID:43), City=徐州 (ID:13), Reason=Order Assignment
[Sun Jun 22 03:31:33 2025] ORDER_CREATED: Person=杨任 (ID:60), Order=招揽 (ID:16), City=徐州 (ID:13), Target=Person ID 101 (ID:101)
[Sun Jun 22 03:31:33 2025] PERSON_REMOVED: Person=杨任 (ID:60), City=徐州 (ID:13), Reason=Order Assignment
[Sun Jun 22 03:31:33 2025] COMPUTER_TACTIC: City=徐州 (ID:13), Tactic=AI_Diplomatism
[Sun Jun 22 03:31:33 2025] COMPUTER_TACTIC: City=汉中 (ID:14), Tactic=Armament
[Sun Jun 22 03:31:33 2025] COMPUTER_TACTIC: City=梓潼 (ID:19), Tactic=Armament
[Sun Jun 22 03:31:33 2025] ORDER_CREATED: Person=曹休 (ID:20), Order=治理 (ID:4), City=宛城 (ID:20)
[Sun Jun 22 03:31:33 2025] PERSON_REMOVED: Person=曹休 (ID:20), City=宛城 (ID:20), Reason=Order Assignment
[Sun Jun 22 03:31:33 2025] ORDER_CREATED: Person=臧霸 (ID:44), Order=治理 (ID:4), City=宛城 (ID:20)
[Sun Jun 22 03:31:33 2025] PERSON_REMOVED: Person=臧霸 (ID:44), City=宛城 (ID:20), Reason=Order Assignment
[Sun Jun 22 03:31:33 2025] ORDER_CREATED: Person=魏续 (ID:45), Order=出巡 (ID:5), City=宛城 (ID:20)
[Sun Jun 22 03:31:33 2025] PERSON_REMOVED: Person=魏续 (ID:45), City=宛城 (ID:20), Reason=Order Assignment
[Sun Jun 22 03:31:33 2025] ORDER_CREATED: Person=王粲 (ID:50), Order=出巡 (ID:5), City=宛城 (ID:20)
[Sun Jun 22 03:31:33 2025] PERSON_REMOVED: Person=王粲 (ID:50), City=宛城 (ID:20), Reason=Order Assignment
[Sun Jun 22 03:31:33 2025] ORDER_CREATED: Person=张绣 (ID:52), Order=出巡 (ID:5), City=宛城 (ID:20)
[Sun Jun 22 03:31:33 2025] PERSON_REMOVED: Person=张绣 (ID:52), City=宛城 (ID:20), Reason=Order Assignment
[Sun Jun 22 03:31:33 2025] COMPUTER_TACTIC: City=宛城 (ID:20), Tactic=Interior
[Sun Jun 22 03:31:33 2025] ORDER_CREATED: Person=乐进 (ID:16), Order=招商 (ID:2), City=寿春 (ID:21)
[Sun Jun 22 03:31:33 2025] PERSON_REMOVED: Person=乐进 (ID:16), City=寿春 (ID:21), Reason=Order Assignment
[Sun Jun 22 03:31:33 2025] ORDER_CREATED: Person=徐晃 (ID:30), Order=招商 (ID:2), City=寿春 (ID:21)
[Sun Jun 22 03:31:33 2025] PERSON_REMOVED: Person=徐晃 (ID:30), City=寿春 (ID:21), Reason=Order Assignment
[Sun Jun 22 03:31:33 2025] ORDER_CREATED: Person=高顺 (ID:48), Order=搜寻 (ID:3), City=寿春 (ID:21)
[Sun Jun 22 03:31:33 2025] PERSON_REMOVED: Person=高顺 (ID:48), City=寿春 (ID:21), Reason=Order Assignment
[Sun Jun 22 03:31:33 2025] ORDER_CREATED: Person=文钦 (ID:67), Order=招商 (ID:2), City=寿春 (ID:21)
[Sun Jun 22 03:31:33 2025] PERSON_REMOVED: Person=文钦 (ID:67), City=寿春 (ID:21), Reason=Order Assignment
[Sun Jun 22 03:31:33 2025] COMPUTER_TACTIC: City=寿春 (ID:21), Tactic=Interior
[Sun Jun 22 03:31:33 2025] COMPUTER_TACTIC: City=建业 (ID:22), Tactic=Armament
[Sun Jun 22 03:31:33 2025] COMPUTER_TACTIC: City= (ID:23), Tactic=Armament
[Sun Jun 22 03:31:33 2025] COMPUTER_TACTIC: City=成都 (ID:24), Tactic=Interior
[Sun Jun 22 03:31:33 2025] COMPUTER_TACTIC: City=棉竹 (ID:25), Tactic=Armament
[Sun Jun 22 03:31:33 2025] COMPUTER_TACTIC: City=襄阳 (ID:26), Tactic=Diplomatism
[Sun Jun 22 03:31:33 2025] COMPUTER_TACTIC: City=江夏 (ID:27), Tactic=Armament
[Sun Jun 22 03:31:33 2025] COMPUTER_TACTIC: City=庐江 (ID:28), Tactic=Armament
[Sun Jun 22 03:31:33 2025] COMPUTER_TACTIC: City=会稽 (ID:29), Tactic=Armament
[Sun Jun 22 03:31:33 2025] COMPUTER_TACTIC: City=云南 (ID:30), Tactic=Interior
[Sun Jun 22 03:31:33 2025] COMPUTER_TACTIC: City=巴郡 (ID:31), Tactic=Diplomatism
[Sun Jun 22 03:31:33 2025] COMPUTER_TACTIC: City=武陵 (ID:32), Tactic=Armament
[Sun Jun 22 03:31:33 2025] COMPUTER_TACTIC: City=长沙 (ID:33), Tactic=Armament
[Sun Jun 22 03:31:33 2025] COMPUTER_TACTIC: City=柴桑 (ID:34), Tactic=Interior
[Sun Jun 22 03:31:33 2025] COMPUTER_TACTIC: City=零陵 (ID:35), Tactic=Interior
[Sun Jun 22 03:31:33 2025] COMPUTER_TACTIC: City=桂阳 (ID:36), Tactic=Armament
[Sun Jun 22 03:31:33 2025] ORDER_EXECUTED: Person=ConversionError (ID:156), Order=招商 (ID:2), City=北平 (ID:1)
[Sun Jun 22 03:31:33 2025] PERSON_RETURNED: Person=ConversionError (ID:156), City=北平 (ID:1), Reason=Order Completion
[Sun Jun 22 03:31:33 2025] ORDER_DELETED: Person=ConversionError (ID:156), Order=招商 (ID:2), City=北平 (ID:1)
[Sun Jun 22 03:31:33 2025] ORDER_EXECUTED: Person=李典 (ID:14), Order=开垦 (ID:1), City=北平 (ID:1)
[Sun Jun 22 03:31:33 2025] PERSON_RETURNED: Person=李典 (ID:14), City=北平 (ID:1), Reason=Order Completion
[Sun Jun 22 03:31:33 2025] ORDER_DELETED: Person=李典 (ID:14), Order=开垦 (ID:1), City=北平 (ID:1)
[Sun Jun 22 03:31:33 2025] ORDER_EXECUTED: Person=钟繇 (ID:49), Order=招商 (ID:2), City=北平 (ID:1)
[Sun Jun 22 03:31:33 2025] PERSON_RETURNED: Person=钟繇 (ID:49), City=北平 (ID:1), Reason=Order Completion
[Sun Jun 22 03:31:33 2025] ORDER_DELETED: Person=钟繇 (ID:49), Order=招商 (ID:2), City=北平 (ID:1)
[Sun Jun 22 03:31:33 2025] ORDER_EXECUTED: Person=司马昭 (ID:65), Order=搜寻 (ID:3), City=北平 (ID:1)
[Sun Jun 22 03:31:33 2025] PERSON_RETURNED: Person=司马昭 (ID:65), City=北平 (ID:1), Reason=Order Completion
[Sun Jun 22 03:31:33 2025] ORDER_DELETED: Person=司马昭 (ID:65), Order=搜寻 (ID:3), City=北平 (ID:1)
[Sun Jun 22 03:31:33 2025] ORDER_EXECUTED: Person=夏侯德 (ID:8), Order=治理 (ID:4), City=河内 (ID:9)
[Sun Jun 22 03:31:33 2025] PERSON_RETURNED: Person=夏侯德 (ID:8), City=河内 (ID:9), Reason=Order Completion
[Sun Jun 22 03:31:33 2025] ORDER_DELETED: Person=夏侯德 (ID:8), Order=治理 (ID:4), City=河内 (ID:9)
[Sun Jun 22 03:31:33 2025] ORDER_EXECUTED: Person=曹洪 (ID:17), Order=出巡 (ID:5), City=河内 (ID:9)
[Sun Jun 22 03:31:33 2025] PERSON_RETURNED: Person=曹洪 (ID:17), City=河内 (ID:9), Reason=Order Completion
[Sun Jun 22 03:31:33 2025] ORDER_DELETED: Person=曹洪 (ID:17), Order=出巡 (ID:5), City=河内 (ID:9)
[Sun Jun 22 03:31:33 2025] ORDER_EXECUTED: Person=荀攸 (ID:22), Order=搜寻 (ID:3), City=河内 (ID:9)
[Sun Jun 22 03:31:33 2025] PERSON_RETURNED: Person=荀攸 (ID:22), City=河内 (ID:9), Reason=Order Completion
[Sun Jun 22 03:31:33 2025] ORDER_DELETED: Person=荀攸 (ID:22), Order=搜寻 (ID:3), City=河内 (ID:9)
[Sun Jun 22 03:31:33 2025] ORDER_EXECUTED: Person=刘晔 (ID:24), Order=出巡 (ID:5), City=河内 (ID:9)
[Sun Jun 22 03:31:33 2025] PERSON_RETURNED: Person=刘晔 (ID:24), City=河内 (ID:9), Reason=Order Completion
[Sun Jun 22 03:31:33 2025] ORDER_DELETED: Person=刘晔 (ID:24), Order=出巡 (ID:5), City=河内 (ID:9)
[Sun Jun 22 03:31:33 2025] ORDER_EXECUTED: Person=蒋干 (ID:32), Order=搜寻 (ID:3), City=河内 (ID:9)
[Sun Jun 22 03:31:33 2025] PERSON_RETURNED: Person=蒋干 (ID:32), City=河内 (ID:9), Reason=Order Completion
[Sun Jun 22 03:31:33 2025] ORDER_DELETED: Person=蒋干 (ID:32), Order=搜寻 (ID:3), City=河内 (ID:9)
[Sun Jun 22 03:31:33 2025] ORDER_EXECUTED: Person=张嶷 (ID:94), Order=治理 (ID:4), City=河内 (ID:9)
[Sun Jun 22 03:31:33 2025] PERSON_RETURNED: Person=张嶷 (ID:94), City=河内 (ID:9), Reason=Order Completion
[Sun Jun 22 03:31:33 2025] ORDER_DELETED: Person=张嶷 (ID:94), Order=治理 (ID:4), City=河内 (ID:9)
[Sun Jun 22 03:31:33 2025] ORDER_EXECUTED: Person=蒯越 (ID:54), Order=出巡 (ID:5), City=河内 (ID:9)
[Sun Jun 22 03:31:33 2025] PERSON_RETURNED: Person=蒯越 (ID:54), City=河内 (ID:9), Reason=Order Completion
[Sun Jun 22 03:31:33 2025] ORDER_DELETED: Person=蒯越 (ID:54), Order=出巡 (ID:5), City=河内 (ID:9)
[Sun Jun 22 03:31:33 2025] ORDER_EXECUTED: Person=韩嵩 (ID:55), Order=出巡 (ID:5), City=河内 (ID:9)
[Sun Jun 22 03:31:33 2025] PERSON_RETURNED: Person=韩嵩 (ID:55), City=河内 (ID:9), Reason=Order Completion
[Sun Jun 22 03:31:33 2025] ORDER_DELETED: Person=韩嵩 (ID:55), Order=出巡 (ID:5), City=河内 (ID:9)
[Sun Jun 22 03:31:33 2025] ORDER_EXECUTED: Person=司马师 (ID:64), Order=搜寻 (ID:3), City=河内 (ID:9)
[Sun Jun 22 03:31:34 2025] PERSON_RETURNED: Person=司马师 (ID:64), City=河内 (ID:9), Reason=Order Completion
[Sun Jun 22 03:31:34 2025] ORDER_DELETED: Person=司马师 (ID:64), Order=搜寻 (ID:3), City=河内 (ID:9)
[Sun Jun 22 03:31:34 2025] ORDER_EXECUTED: Person=典满 (ID:69), Order=出巡 (ID:5), City=河内 (ID:9)
[Sun Jun 22 03:31:34 2025] PERSON_RETURNED: Person=典满 (ID:69), City=河内 (ID:9), Reason=Order Completion
[Sun Jun 22 03:31:34 2025] ORDER_DELETED: Person=典满 (ID:69), Order=出巡 (ID:5), City=河内 (ID:9)
[Sun Jun 22 03:31:34 2025] ORDER_EXECUTED: Person=郝昭 (ID:70), Order=出巡 (ID:5), City=河内 (ID:9)
[Sun Jun 22 03:31:34 2025] PERSON_RETURNED: Person=郝昭 (ID:70), City=河内 (ID:9), Reason=Order Completion
[Sun Jun 22 03:31:34 2025] ORDER_DELETED: Person=郝昭 (ID:70), Order=出巡 (ID:5), City=河内 (ID:9)
[Sun Jun 22 03:31:34 2025] ORDER_EXECUTED: Person=夏侯霸 (ID:9), Order=招商 (ID:2), City=长安 (ID:10)
[Sun Jun 22 03:31:34 2025] PERSON_RETURNED: Person=夏侯霸 (ID:9), City=长安 (ID:10), Reason=Order Completion
[Sun Jun 22 03:31:34 2025] ORDER_DELETED: Person=夏侯霸 (ID:9), Order=招商 (ID:2), City=长安 (ID:10)
[Sun Jun 22 03:31:34 2025] ORDER_EXECUTED: Person=曹彰 (ID:10), Order=治理 (ID:4), City=长安 (ID:10)
[Sun Jun 22 03:31:34 2025] PERSON_RETURNED: Person=曹彰 (ID:10), City=长安 (ID:10), Reason=Order Completion
[Sun Jun 22 03:31:34 2025] ORDER_DELETED: Person=曹彰 (ID:10), Order=治理 (ID:4), City=长安 (ID:10)
[Sun Jun 22 03:31:34 2025] ORDER_EXECUTED: Person=曹真 (ID:11), Order=开垦 (ID:1), City=长安 (ID:10)
[Sun Jun 22 03:31:34 2025] PERSON_RETURNED: Person=曹真 (ID:11), City=长安 (ID:10), Reason=Order Completion
[Sun Jun 22 03:31:34 2025] ORDER_DELETED: Person=曹真 (ID:11), Order=开垦 (ID:1), City=长安 (ID:10)
[Sun Jun 22 03:31:34 2025] ORDER_EXECUTED: Person=张燕 (ID:38), Order=治理 (ID:4), City=长安 (ID:10)
[Sun Jun 22 03:31:34 2025] PERSON_RETURNED: Person=张燕 (ID:38), City=长安 (ID:10), Reason=Order Completion
[Sun Jun 22 03:31:34 2025] ORDER_DELETED: Person=张燕 (ID:38), Order=治理 (ID:4), City=长安 (ID:10)
[Sun Jun 22 03:31:34 2025] ORDER_EXECUTED: Person=陈琳 (ID:41), Order=搜寻 (ID:3), City=长安 (ID:10)
[Sun Jun 22 03:31:34 2025] PERSON_RETURNED: Person=陈琳 (ID:41), City=长安 (ID:10), Reason=Order Completion
[Sun Jun 22 03:31:34 2025] ORDER_DELETED: Person=陈琳 (ID:41), Order=搜寻 (ID:3), City=长安 (ID:10)
[Sun Jun 22 03:31:34 2025] ORDER_EXECUTED: Person=贾诩 (ID:53), Order=开垦 (ID:1), City=长安 (ID:10)
[Sun Jun 22 03:31:34 2025] PERSON_RETURNED: Person=贾诩 (ID:53), City=长安 (ID:10), Reason=Order Completion
[Sun Jun 22 03:31:34 2025] ORDER_DELETED: Person=贾诩 (ID:53), Order=开垦 (ID:1), City=长安 (ID:10)
[Sun Jun 22 03:31:34 2025] ORDER_EXECUTED: Person=程昱 (ID:23), Order=招揽 (ID:16), City=徐州 (ID:13), Target=Person ID 126 (ID:126)
[Sun Jun 22 03:31:34 2025] PERSON_RETURNED: Person=程昱 (ID:23), City=徐州 (ID:13), Reason=Order Completion
[Sun Jun 22 03:31:34 2025] ORDER_DELETED: Person=程昱 (ID:23), Order=招揽 (ID:16), City=徐州 (ID:13), Target=Person ID 126 (ID:126)
[Sun Jun 22 03:31:34 2025] ORDER_EXECUTED: Person=张南 (ID:37), Order=招揽 (ID:16), City=徐州 (ID:13), Target=Person ID 51 (ID:51)
[Sun Jun 22 03:31:34 2025] PERSON_RETURNED: Person=张南 (ID:37), City=徐州 (ID:13), Reason=Order Completion
[Sun Jun 22 03:31:34 2025] ORDER_DELETED: Person=张南 (ID:37), Order=招揽 (ID:16), City=徐州 (ID:13), Target=Person ID 51 (ID:51)
[Sun Jun 22 03:31:34 2025] ORDER_EXECUTED: Person=王修 (ID:39), Order=招揽 (ID:16), City=徐州 (ID:13), Target=宛城 (ID:20)
[Sun Jun 22 03:31:34 2025] PERSON_RETURNED: Person=王修 (ID:39), City=徐州 (ID:13), Reason=Order Completion
[Sun Jun 22 03:31:34 2025] ORDER_DELETED: Person=王修 (ID:39), Order=招揽 (ID:16), City=徐州 (ID:13), Target=宛城 (ID:20)
[Sun Jun 22 03:31:34 2025] ORDER_EXECUTED: Person=曹豹 (ID:43), Order=招揽 (ID:16), City=徐州 (ID:13), Target=襄阳 (ID:26)
[Sun Jun 22 03:31:34 2025] PERSON_RETURNED: Person=曹豹 (ID:43), City=徐州 (ID:13), Reason=Order Completion
[Sun Jun 22 03:31:34 2025] ORDER_DELETED: Person=曹豹 (ID:43), Order=招揽 (ID:16), City=徐州 (ID:13), Target=襄阳 (ID:26)
[Sun Jun 22 03:31:34 2025] ORDER_EXECUTED: Person=杨任 (ID:60), Order=招揽 (ID:16), City=徐州 (ID:13), Target=Person ID 101 (ID:101)
[Sun Jun 22 03:31:34 2025] PERSON_RETURNED: Person=杨任 (ID:60), City=徐州 (ID:13), Reason=Order Completion
[Sun Jun 22 03:31:34 2025] ORDER_DELETED: Person=杨任 (ID:60), Order=招揽 (ID:16), City=徐州 (ID:13), Target=Person ID 101 (ID:101)
[Sun Jun 22 03:31:34 2025] ORDER_EXECUTED: Person=曹休 (ID:20), Order=治理 (ID:4), City=宛城 (ID:20)
[Sun Jun 22 03:31:34 2025] PERSON_RETURNED: Person=曹休 (ID:20), City=宛城 (ID:20), Reason=Order Completion
[Sun Jun 22 03:31:34 2025] ORDER_DELETED: Person=曹休 (ID:20), Order=治理 (ID:4), City=宛城 (ID:20)
[Sun Jun 22 03:31:34 2025] ORDER_EXECUTED: Person=臧霸 (ID:44), Order=治理 (ID:4), City=宛城 (ID:20)
[Sun Jun 22 03:31:34 2025] PERSON_RETURNED: Person=臧霸 (ID:44), City=宛城 (ID:20), Reason=Order Completion
[Sun Jun 22 03:31:34 2025] ORDER_DELETED: Person=臧霸 (ID:44), Order=治理 (ID:4), City=宛城 (ID:20)
[Sun Jun 22 03:31:34 2025] ORDER_EXECUTED: Person=魏续 (ID:45), Order=出巡 (ID:5), City=宛城 (ID:20)
[Sun Jun 22 03:31:34 2025] PERSON_RETURNED: Person=魏续 (ID:45), City=宛城 (ID:20), Reason=Order Completion
[Sun Jun 22 03:31:34 2025] ORDER_DELETED: Person=魏续 (ID:45), Order=出巡 (ID:5), City=宛城 (ID:20)
[Sun Jun 22 03:31:34 2025] ORDER_EXECUTED: Person=王粲 (ID:50), Order=出巡 (ID:5), City=宛城 (ID:20)
[Sun Jun 22 03:31:34 2025] PERSON_RETURNED: Person=王粲 (ID:50), City=宛城 (ID:20), Reason=Order Completion
[Sun Jun 22 03:31:34 2025] ORDER_DELETED: Person=王粲 (ID:50), Order=出巡 (ID:5), City=宛城 (ID:20)
[Sun Jun 22 03:31:34 2025] ORDER_EXECUTED: Person=张绣 (ID:52), Order=出巡 (ID:5), City=宛城 (ID:20)
[Sun Jun 22 03:31:34 2025] PERSON_RETURNED: Person=张绣 (ID:52), City=宛城 (ID:20), Reason=Order Completion
[Sun Jun 22 03:31:34 2025] ORDER_DELETED: Person=张绣 (ID:52), Order=出巡 (ID:5), City=宛城 (ID:20)
[Sun Jun 22 03:31:34 2025] ORDER_EXECUTED: Person=乐进 (ID:16), Order=招商 (ID:2), City=寿春 (ID:21)
[Sun Jun 22 03:31:34 2025] PERSON_RETURNED: Person=乐进 (ID:16), City=寿春 (ID:21), Reason=Order Completion
[Sun Jun 22 03:31:34 2025] ORDER_DELETED: Person=乐进 (ID:16), Order=招商 (ID:2), City=寿春 (ID:21)
[Sun Jun 22 03:31:34 2025] ORDER_EXECUTED: Person=徐晃 (ID:30), Order=招商 (ID:2), City=寿春 (ID:21)
[Sun Jun 22 03:31:34 2025] PERSON_RETURNED: Person=徐晃 (ID:30), City=寿春 (ID:21), Reason=Order Completion
[Sun Jun 22 03:31:34 2025] ORDER_DELETED: Person=徐晃 (ID:30), Order=招商 (ID:2), City=寿春 (ID:21)
[Sun Jun 22 03:31:34 2025] ORDER_EXECUTED: Person=高顺 (ID:48), Order=搜寻 (ID:3), City=寿春 (ID:21)
[Sun Jun 22 03:31:34 2025] PERSON_RETURNED: Person=高顺 (ID:48), City=寿春 (ID:21), Reason=Order Completion
[Sun Jun 22 03:31:34 2025] ORDER_DELETED: Person=高顺 (ID:48), Order=搜寻 (ID:3), City=寿春 (ID:21)
[Sun Jun 22 03:31:34 2025] ORDER_EXECUTED: Person=文钦 (ID:67), Order=招商 (ID:2), City=寿春 (ID:21)
[Sun Jun 22 03:31:34 2025] PERSON_RETURNED: Person=文钦 (ID:67), City=寿春 (ID:21), Reason=Order Completion
[Sun Jun 22 03:31:34 2025] ORDER_DELETED: Person=文钦 (ID:67), Order=招商 (ID:2), City=寿春 (ID:21)
[Sun Jun 22 03:31:34 2025] GAME_TURN: Year=249, Month=2
[Sun Jun 22 03:31:35 2025] COMPUTER_TACTIC: City=襄平 (ID:2), Tactic=Interior
[Sun Jun 22 03:31:35 2025] ORDER_CREATED: Person=夏侯尚 (ID:7), Order=招揽 (ID:16), City=平原 (ID:5), Target=Person ID 109 (ID:109)
[Sun Jun 22 03:31:35 2025] PERSON_REMOVED: Person=夏侯尚 (ID:7), City=平原 (ID:5), Reason=Order Assignment
[Sun Jun 22 03:31:35 2025] ORDER_CREATED: Person=杨松 (ID:59), Order=招揽 (ID:16), City=平原 (ID:5), Target=Person ID 125 (ID:125)
[Sun Jun 22 03:31:35 2025] PERSON_REMOVED: Person=杨松 (ID:59), City=平原 (ID:5), Reason=Order Assignment
[Sun Jun 22 03:31:35 2025] ORDER_CREATED: Person=孟达 (ID:62), Order=招揽 (ID:16), City=平原 (ID:5), Target=Person ID 38 (ID:38)
[Sun Jun 22 03:31:35 2025] PERSON_REMOVED: Person=孟达 (ID:62), City=平原 (ID:5), Reason=Order Assignment
[Sun Jun 22 03:31:35 2025] COMPUTER_TACTIC: City=平原 (ID:5), Tactic=AI_Diplomatism
[Sun Jun 22 03:31:35 2025] ORDER_CREATED: Person=何晏 (ID:155), Order=招揽 (ID:16), City=河内 (ID:9), Target=Person ID 111 (ID:111)
[Sun Jun 22 03:31:35 2025] PERSON_REMOVED: Person=何晏 (ID:155), City=河内 (ID:9), Reason=Order Assignment
[Sun Jun 22 03:31:35 2025] ORDER_CREATED: Person=夏侯德 (ID:8), Order=招揽 (ID:16), City=河内 (ID:9), Target=Person ID 136 (ID:136)
[Sun Jun 22 03:31:35 2025] PERSON_REMOVED: Person=夏侯德 (ID:8), City=河内 (ID:9), Reason=Order Assignment
[Sun Jun 22 03:31:35 2025] ORDER_CREATED: Person=曹洪 (ID:17), Order=招揽 (ID:16), City=河内 (ID:9), Target=Person ID 126 (ID:126)
[Sun Jun 22 03:31:35 2025] PERSON_REMOVED: Person=曹洪 (ID:17), City=河内 (ID:9), Reason=Order Assignment
[Sun Jun 22 03:31:35 2025] ORDER_CREATED: Person=荀攸 (ID:22), Order=招揽 (ID:16), City=河内 (ID:9), Target=Person ID 125 (ID:125)
[Sun Jun 22 03:31:35 2025] PERSON_REMOVED: Person=荀攸 (ID:22), City=河内 (ID:9), Reason=Order Assignment
[Sun Jun 22 03:31:35 2025] ORDER_CREATED: Person=刘晔 (ID:24), Order=招揽 (ID:16), City=河内 (ID:9), Target=Person ID 85 (ID:85)
[Sun Jun 22 03:31:35 2025] PERSON_REMOVED: Person=刘晔 (ID:24), City=河内 (ID:9), Reason=Order Assignment
[Sun Jun 22 03:31:35 2025] ORDER_CREATED: Person=蒋干 (ID:32), Order=招揽 (ID:16), City=河内 (ID:9), Target=Person ID 48 (ID:48)
[Sun Jun 22 03:31:35 2025] PERSON_REMOVED: Person=蒋干 (ID:32), City=河内 (ID:9), Reason=Order Assignment
[Sun Jun 22 03:31:35 2025] ORDER_CREATED: Person=张嶷 (ID:94), Order=招揽 (ID:16), City=河内 (ID:9), Target=Person ID 91 (ID:91)
[Sun Jun 22 03:31:35 2025] PERSON_REMOVED: Person=张嶷 (ID:94), City=河内 (ID:9), Reason=Order Assignment
[Sun Jun 22 03:31:35 2025] ORDER_CREATED: Person=蒯越 (ID:54), Order=招揽 (ID:16), City=河内 (ID:9), Target=Person ID 109 (ID:109)
[Sun Jun 22 03:31:35 2025] PERSON_REMOVED: Person=蒯越 (ID:54), City=河内 (ID:9), Reason=Order Assignment
[Sun Jun 22 03:31:35 2025] ORDER_CREATED: Person=韩嵩 (ID:55), Order=招揽 (ID:16), City=河内 (ID:9), Target=Person ID 46 (ID:46)
[Sun Jun 22 03:31:35 2025] PERSON_REMOVED: Person=韩嵩 (ID:55), City=河内 (ID:9), Reason=Order Assignment
[Sun Jun 22 03:31:35 2025] ORDER_CREATED: Person=司马师 (ID:64), Order=招揽 (ID:16), City=河内 (ID:9), Target=Person ID 88 (ID:88)
[Sun Jun 22 03:31:35 2025] PERSON_REMOVED: Person=司马师 (ID:64), City=河内 (ID:9), Reason=Order Assignment
[Sun Jun 22 03:31:35 2025] ORDER_CREATED: Person=典满 (ID:69), Order=招揽 (ID:16), City=河内 (ID:9), Target=长沙 (ID:33)
[Sun Jun 22 03:31:35 2025] PERSON_REMOVED: Person=典满 (ID:69), City=河内 (ID:9), Reason=Order Assignment
[Sun Jun 22 03:31:35 2025] ORDER_CREATED: Person=郝昭 (ID:70), Order=招揽 (ID:16), City=河内 (ID:9), Target=庐江 (ID:28)
[Sun Jun 22 03:31:35 2025] PERSON_REMOVED: Person=郝昭 (ID:70), City=河内 (ID:9), Reason=Order Assignment
[Sun Jun 22 03:31:35 2025] COMPUTER_TACTIC: City=河内 (ID:9), Tactic=AI_Diplomatism
[Sun Jun 22 03:31:35 2025] ORDER_CREATED: Person=夏侯霸 (ID:9), Order=招揽 (ID:16), City=长安 (ID:10), Target=Person ID 108 (ID:108)
[Sun Jun 22 03:31:35 2025] PERSON_REMOVED: Person=夏侯霸 (ID:9), City=长安 (ID:10), Reason=Order Assignment
[Sun Jun 22 03:31:35 2025] ORDER_CREATED: Person=曹彰 (ID:10), Order=招揽 (ID:16), City=长安 (ID:10), Target=Person ID 140 (ID:140)
[Sun Jun 22 03:31:35 2025] PERSON_REMOVED: Person=曹彰 (ID:10), City=长安 (ID:10), Reason=Order Assignment
[Sun Jun 22 03:31:35 2025] ORDER_CREATED: Person=曹真 (ID:11), Order=招揽 (ID:16), City=长安 (ID:10), Target=Person ID 91 (ID:91)
[Sun Jun 22 03:31:35 2025] PERSON_REMOVED: Person=曹真 (ID:11), City=长安 (ID:10), Reason=Order Assignment
[Sun Jun 22 03:31:35 2025] ORDER_CREATED: Person=张燕 (ID:38), Order=招揽 (ID:16), City=长安 (ID:10), Target=Person ID 73 (ID:73)
[Sun Jun 22 03:31:35 2025] PERSON_REMOVED: Person=张燕 (ID:38), City=长安 (ID:10), Reason=Order Assignment
[Sun Jun 22 03:31:35 2025] ORDER_CREATED: Person=陈琳 (ID:41), Order=招揽 (ID:16), City=长安 (ID:10), Target=Person ID 99 (ID:99)
[Sun Jun 22 03:31:35 2025] PERSON_REMOVED: Person=陈琳 (ID:41), City=长安 (ID:10), Reason=Order Assignment
[Sun Jun 22 03:31:35 2025] ORDER_CREATED: Person=贾诩 (ID:53), Order=招揽 (ID:16), City=长安 (ID:10), Target=Person ID 147 (ID:147)
[Sun Jun 22 03:31:35 2025] PERSON_REMOVED: Person=贾诩 (ID:53), City=长安 (ID:10), Reason=Order Assignment
[Sun Jun 22 03:31:35 2025] COMPUTER_TACTIC: City=长安 (ID:10), Tactic=AI_Diplomatism
[Sun Jun 22 03:31:35 2025] ORDER_CREATED: Person=郭淮 (ID:31), Order=招揽 (ID:16), City= (ID:11), Target=Person ID 131 (ID:131)
[Sun Jun 22 03:31:35 2025] PERSON_REMOVED: Person=郭淮 (ID:31), City= (ID:11), Reason=Order Assignment
[Sun Jun 22 03:31:35 2025] ORDER_CREATED: Person=高览 (ID:34), Order=招揽 (ID:16), City= (ID:11), Target=Person ID 49 (ID:49)
[Sun Jun 22 03:31:35 2025] PERSON_REMOVED: Person=高览 (ID:34), City= (ID:11), Reason=Order Assignment
[Sun Jun 22 03:31:35 2025] ORDER_CREATED: Person=文聘 (ID:57), Order=招揽 (ID:16), City= (ID:11), Target=Person ID 141 (ID:141)
[Sun Jun 22 03:31:35 2025] PERSON_REMOVED: Person=文聘 (ID:57), City= (ID:11), Reason=Order Assignment
[Sun Jun 22 03:31:35 2025] COMPUTER_TACTIC: City= (ID:11), Tactic=AI_Diplomatism
[Sun Jun 22 03:31:35 2025] ORDER_CREATED: Person=陈登 (ID:42), Order=开垦 (ID:1), City=濮阳 (ID:12)
[Sun Jun 22 03:31:35 2025] PERSON_REMOVED: Person=陈登 (ID:42), City=濮阳 (ID:12), Reason=Order Assignment
[Sun Jun 22 03:31:35 2025] ORDER_CREATED: Person=董昭 (ID:56), Order=出巡 (ID:5), City=濮阳 (ID:12)
[Sun Jun 22 03:31:35 2025] PERSON_REMOVED: Person=董昭 (ID:56), City=濮阳 (ID:12), Reason=Order Assignment
[Sun Jun 22 03:31:35 2025] COMPUTER_TACTIC: City=濮阳 (ID:12), Tactic=Interior
[Sun Jun 22 03:31:35 2025] COMPUTER_TACTIC: City=汉中 (ID:14), Tactic=Diplomatism
[Sun Jun 22 03:31:35 2025] COMPUTER_TACTIC: City=梓潼 (ID:19), Tactic=Interior
[Sun Jun 22 03:31:35 2025] ORDER_CREATED: Person=乐进 (ID:16), Order=招揽 (ID:16), City=寿春 (ID:21), Target=江夏 (ID:27)
[Sun Jun 22 03:31:35 2025] PERSON_REMOVED: Person=乐进 (ID:16), City=寿春 (ID:21), Reason=Order Assignment
[Sun Jun 22 03:31:35 2025] ORDER_CREATED: Person=徐晃 (ID:30), Order=招揽 (ID:16), City=寿春 (ID:21), Target=Person ID 117 (ID:117)
[Sun Jun 22 03:31:35 2025] PERSON_REMOVED: Person=徐晃 (ID:30), City=寿春 (ID:21), Reason=Order Assignment
[Sun Jun 22 03:31:35 2025] ORDER_CREATED: Person=高顺 (ID:48), Order=招揽 (ID:16), City=寿春 (ID:21), Target=Person ID 105 (ID:105)
[Sun Jun 22 03:31:35 2025] PERSON_REMOVED: Person=高顺 (ID:48), City=寿春 (ID:21), Reason=Order Assignment
[Sun Jun 22 03:31:35 2025] ORDER_CREATED: Person=文钦 (ID:67), Order=招揽 (ID:16), City=寿春 (ID:21), Target=Person ID 63 (ID:63)
[Sun Jun 22 03:31:35 2025] PERSON_REMOVED: Person=文钦 (ID:67), City=寿春 (ID:21), Reason=Order Assignment
[Sun Jun 22 03:31:35 2025] COMPUTER_TACTIC: City=寿春 (ID:21), Tactic=AI_Diplomatism
[Sun Jun 22 03:31:35 2025] COMPUTER_TACTIC: City=建业 (ID:22), Tactic=Armament
[Sun Jun 22 03:31:35 2025] COMPUTER_TACTIC: City= (ID:23), Tactic=Interior
[Sun Jun 22 03:31:35 2025] COMPUTER_TACTIC: City=成都 (ID:24), Tactic=Armament
[Sun Jun 22 03:31:35 2025] COMPUTER_TACTIC: City=棉竹 (ID:25), Tactic=Interior
[Sun Jun 22 03:31:35 2025] COMPUTER_TACTIC: City=襄阳 (ID:26), Tactic=Armament
[Sun Jun 22 03:31:35 2025] COMPUTER_TACTIC: City=江夏 (ID:27), Tactic=Interior
[Sun Jun 22 03:31:35 2025] COMPUTER_TACTIC: City=庐江 (ID:28), Tactic=Armament
[Sun Jun 22 03:31:35 2025] COMPUTER_TACTIC: City=会稽 (ID:29), Tactic=Armament
[Sun Jun 22 03:31:35 2025] COMPUTER_TACTIC: City=云南 (ID:30), Tactic=Interior
[Sun Jun 22 03:31:35 2025] COMPUTER_TACTIC: City=巴郡 (ID:31), Tactic=Diplomatism
[Sun Jun 22 03:31:35 2025] COMPUTER_TACTIC: City=武陵 (ID:32), Tactic=Diplomatism
[Sun Jun 22 03:31:35 2025] COMPUTER_TACTIC: City=长沙 (ID:33), Tactic=Armament
[Sun Jun 22 03:31:35 2025] COMPUTER_TACTIC: City=柴桑 (ID:34), Tactic=Armament
[Sun Jun 22 03:31:35 2025] COMPUTER_TACTIC: City=零陵 (ID:35), Tactic=Armament
[Sun Jun 22 03:31:35 2025] COMPUTER_TACTIC: City=桂阳 (ID:36), Tactic=Interior
[Sun Jun 22 03:31:35 2025] ORDER_EXECUTED: Person=夏侯尚 (ID:7), Order=招揽 (ID:16), City=平原 (ID:5), Target=Person ID 109 (ID:109)
[Sun Jun 22 03:31:35 2025] PERSON_RETURNED: Person=夏侯尚 (ID:7), City=平原 (ID:5), Reason=Order Completion
[Sun Jun 22 03:31:35 2025] ORDER_DELETED: Person=夏侯尚 (ID:7), Order=招揽 (ID:16), City=平原 (ID:5), Target=Person ID 109 (ID:109)
[Sun Jun 22 03:31:35 2025] ORDER_EXECUTED: Person=杨松 (ID:59), Order=招揽 (ID:16), City=平原 (ID:5), Target=Person ID 125 (ID:125)
[Sun Jun 22 03:31:35 2025] PERSON_RETURNED: Person=杨松 (ID:59), City=平原 (ID:5), Reason=Order Completion
[Sun Jun 22 03:31:35 2025] ORDER_DELETED: Person=杨松 (ID:59), Order=招揽 (ID:16), City=平原 (ID:5), Target=Person ID 125 (ID:125)
[Sun Jun 22 03:31:35 2025] ORDER_EXECUTED: Person=孟达 (ID:62), Order=招揽 (ID:16), City=平原 (ID:5), Target=Person ID 38 (ID:38)
[Sun Jun 22 03:31:35 2025] PERSON_RETURNED: Person=孟达 (ID:62), City=平原 (ID:5), Reason=Order Completion
[Sun Jun 22 03:31:35 2025] ORDER_DELETED: Person=孟达 (ID:62), Order=招揽 (ID:16), City=平原 (ID:5), Target=Person ID 38 (ID:38)
[Sun Jun 22 03:31:35 2025] ORDER_EXECUTED: Person=何晏 (ID:155), Order=招揽 (ID:16), City=河内 (ID:9), Target=Person ID 111 (ID:111)
[Sun Jun 22 03:31:35 2025] PERSON_RETURNED: Person=何晏 (ID:155), City=河内 (ID:9), Reason=Order Completion
[Sun Jun 22 03:31:35 2025] ORDER_DELETED: Person=何晏 (ID:155), Order=招揽 (ID:16), City=河内 (ID:9), Target=Person ID 111 (ID:111)
[Sun Jun 22 03:31:35 2025] ORDER_EXECUTED: Person=夏侯德 (ID:8), Order=招揽 (ID:16), City=河内 (ID:9), Target=Person ID 136 (ID:136)
[Sun Jun 22 03:31:35 2025] PERSON_RETURNED: Person=夏侯德 (ID:8), City=河内 (ID:9), Reason=Order Completion
[Sun Jun 22 03:31:35 2025] ORDER_DELETED: Person=夏侯德 (ID:8), Order=招揽 (ID:16), City=河内 (ID:9), Target=Person ID 136 (ID:136)
[Sun Jun 22 03:31:35 2025] ORDER_EXECUTED: Person=曹洪 (ID:17), Order=招揽 (ID:16), City=河内 (ID:9), Target=Person ID 126 (ID:126)
[Sun Jun 22 03:31:35 2025] PERSON_RETURNED: Person=曹洪 (ID:17), City=河内 (ID:9), Reason=Order Completion
[Sun Jun 22 03:31:35 2025] ORDER_DELETED: Person=曹洪 (ID:17), Order=招揽 (ID:16), City=河内 (ID:9), Target=Person ID 126 (ID:126)
[Sun Jun 22 03:31:35 2025] ORDER_EXECUTED: Person=荀攸 (ID:22), Order=招揽 (ID:16), City=河内 (ID:9), Target=Person ID 125 (ID:125)
[Sun Jun 22 03:31:35 2025] PERSON_RETURNED: Person=荀攸 (ID:22), City=河内 (ID:9), Reason=Order Completion
[Sun Jun 22 03:31:35 2025] ORDER_DELETED: Person=荀攸 (ID:22), Order=招揽 (ID:16), City=河内 (ID:9), Target=Person ID 125 (ID:125)
[Sun Jun 22 03:31:35 2025] ORDER_EXECUTED: Person=刘晔 (ID:24), Order=招揽 (ID:16), City=河内 (ID:9), Target=Person ID 85 (ID:85)
[Sun Jun 22 03:31:35 2025] PERSON_RETURNED: Person=刘晔 (ID:24), City=河内 (ID:9), Reason=Order Completion
[Sun Jun 22 03:31:35 2025] ORDER_DELETED: Person=刘晔 (ID:24), Order=招揽 (ID:16), City=河内 (ID:9), Target=Person ID 85 (ID:85)
[Sun Jun 22 03:31:35 2025] ORDER_EXECUTED: Person=蒋干 (ID:32), Order=招揽 (ID:16), City=河内 (ID:9), Target=Person ID 48 (ID:48)
[Sun Jun 22 03:31:35 2025] PERSON_RETURNED: Person=蒋干 (ID:32), City=河内 (ID:9), Reason=Order Completion
[Sun Jun 22 03:31:35 2025] ORDER_DELETED: Person=蒋干 (ID:32), Order=招揽 (ID:16), City=河内 (ID:9), Target=Person ID 48 (ID:48)
[Sun Jun 22 03:31:35 2025] ORDER_EXECUTED: Person=张嶷 (ID:94), Order=招揽 (ID:16), City=河内 (ID:9), Target=Person ID 91 (ID:91)
[Sun Jun 22 03:31:35 2025] PERSON_RETURNED: Person=张嶷 (ID:94), City=河内 (ID:9), Reason=Order Completion
[Sun Jun 22 03:31:35 2025] ORDER_DELETED: Person=张嶷 (ID:94), Order=招揽 (ID:16), City=河内 (ID:9), Target=Person ID 91 (ID:91)
[Sun Jun 22 03:31:35 2025] ORDER_EXECUTED: Person=蒯越 (ID:54), Order=招揽 (ID:16), City=河内 (ID:9), Target=Person ID 109 (ID:109)
[Sun Jun 22 03:31:35 2025] PERSON_RETURNED: Person=蒯越 (ID:54), City=河内 (ID:9), Reason=Order Completion
[Sun Jun 22 03:31:35 2025] ORDER_DELETED: Person=蒯越 (ID:54), Order=招揽 (ID:16), City=河内 (ID:9), Target=Person ID 109 (ID:109)
[Sun Jun 22 03:31:35 2025] ORDER_EXECUTED: Person=韩嵩 (ID:55), Order=招揽 (ID:16), City=河内 (ID:9), Target=Person ID 46 (ID:46)
[Sun Jun 22 03:31:35 2025] PERSON_RETURNED: Person=韩嵩 (ID:55), City=河内 (ID:9), Reason=Order Completion
[Sun Jun 22 03:31:35 2025] ORDER_DELETED: Person=韩嵩 (ID:55), Order=招揽 (ID:16), City=河内 (ID:9), Target=Person ID 46 (ID:46)
[Sun Jun 22 03:31:35 2025] ORDER_EXECUTED: Person=司马师 (ID:64), Order=招揽 (ID:16), City=河内 (ID:9), Target=Person ID 88 (ID:88)
[Sun Jun 22 03:31:35 2025] PERSON_RETURNED: Person=司马师 (ID:64), City=河内 (ID:9), Reason=Order Completion
[Sun Jun 22 03:31:35 2025] ORDER_DELETED: Person=司马师 (ID:64), Order=招揽 (ID:16), City=河内 (ID:9), Target=Person ID 88 (ID:88)
[Sun Jun 22 03:31:35 2025] ORDER_EXECUTED: Person=典满 (ID:69), Order=招揽 (ID:16), City=河内 (ID:9), Target=长沙 (ID:33)
[Sun Jun 22 03:31:35 2025] PERSON_RETURNED: Person=典满 (ID:69), City=河内 (ID:9), Reason=Order Completion
[Sun Jun 22 03:31:35 2025] ORDER_DELETED: Person=典满 (ID:69), Order=招揽 (ID:16), City=河内 (ID:9), Target=长沙 (ID:33)
[Sun Jun 22 03:31:35 2025] ORDER_EXECUTED: Person=郝昭 (ID:70), Order=招揽 (ID:16), City=河内 (ID:9), Target=庐江 (ID:28)
[Sun Jun 22 03:31:35 2025] PERSON_RETURNED: Person=郝昭 (ID:70), City=河内 (ID:9), Reason=Order Completion
[Sun Jun 22 03:31:35 2025] ORDER_DELETED: Person=郝昭 (ID:70), Order=招揽 (ID:16), City=河内 (ID:9), Target=庐江 (ID:28)
[Sun Jun 22 03:31:35 2025] ORDER_EXECUTED: Person=夏侯霸 (ID:9), Order=招揽 (ID:16), City=长安 (ID:10), Target=Person ID 108 (ID:108)
[Sun Jun 22 03:31:35 2025] PERSON_RETURNED: Person=夏侯霸 (ID:9), City=长安 (ID:10), Reason=Order Completion
[Sun Jun 22 03:31:35 2025] ORDER_DELETED: Person=夏侯霸 (ID:9), Order=招揽 (ID:16), City=长安 (ID:10), Target=Person ID 108 (ID:108)
[Sun Jun 22 03:31:35 2025] ORDER_EXECUTED: Person=曹彰 (ID:10), Order=招揽 (ID:16), City=长安 (ID:10), Target=Person ID 140 (ID:140)
[Sun Jun 22 03:31:35 2025] PERSON_RETURNED: Person=曹彰 (ID:10), City=长安 (ID:10), Reason=Order Completion
[Sun Jun 22 03:31:35 2025] ORDER_DELETED: Person=曹彰 (ID:10), Order=招揽 (ID:16), City=长安 (ID:10), Target=Person ID 140 (ID:140)
[Sun Jun 22 03:31:35 2025] ORDER_EXECUTED: Person=曹真 (ID:11), Order=招揽 (ID:16), City=长安 (ID:10), Target=Person ID 91 (ID:91)
[Sun Jun 22 03:31:35 2025] PERSON_RETURNED: Person=曹真 (ID:11), City=长安 (ID:10), Reason=Order Completion
[Sun Jun 22 03:31:35 2025] ORDER_DELETED: Person=曹真 (ID:11), Order=招揽 (ID:16), City=长安 (ID:10), Target=Person ID 91 (ID:91)
[Sun Jun 22 03:31:35 2025] ORDER_EXECUTED: Person=张燕 (ID:38), Order=招揽 (ID:16), City=长安 (ID:10), Target=Person ID 73 (ID:73)
[Sun Jun 22 03:31:35 2025] PERSON_RETURNED: Person=张燕 (ID:38), City=长安 (ID:10), Reason=Order Completion
[Sun Jun 22 03:31:35 2025] ORDER_DELETED: Person=张燕 (ID:38), Order=招揽 (ID:16), City=长安 (ID:10), Target=Person ID 73 (ID:73)
[Sun Jun 22 03:31:35 2025] ORDER_EXECUTED: Person=陈琳 (ID:41), Order=招揽 (ID:16), City=长安 (ID:10), Target=Person ID 99 (ID:99)
[Sun Jun 22 03:31:35 2025] PERSON_RETURNED: Person=陈琳 (ID:41), City=长安 (ID:10), Reason=Order Completion
[Sun Jun 22 03:31:35 2025] ORDER_DELETED: Person=陈琳 (ID:41), Order=招揽 (ID:16), City=长安 (ID:10), Target=Person ID 99 (ID:99)
[Sun Jun 22 03:31:35 2025] ORDER_EXECUTED: Person=贾诩 (ID:53), Order=招揽 (ID:16), City=长安 (ID:10), Target=Person ID 147 (ID:147)
[Sun Jun 22 03:31:35 2025] PERSON_RETURNED: Person=贾诩 (ID:53), City=长安 (ID:10), Reason=Order Completion
[Sun Jun 22 03:31:35 2025] ORDER_DELETED: Person=贾诩 (ID:53), Order=招揽 (ID:16), City=长安 (ID:10), Target=Person ID 147 (ID:147)
[Sun Jun 22 03:31:35 2025] ORDER_EXECUTED: Person=郭淮 (ID:31), Order=招揽 (ID:16), City= (ID:11), Target=Person ID 131 (ID:131)
[Sun Jun 22 03:31:35 2025] PERSON_RETURNED: Person=郭淮 (ID:31), City= (ID:11), Reason=Order Completion
[Sun Jun 22 03:31:35 2025] ORDER_DELETED: Person=郭淮 (ID:31), Order=招揽 (ID:16), City= (ID:11), Target=Person ID 131 (ID:131)
[Sun Jun 22 03:31:35 2025] ORDER_EXECUTED: Person=高览 (ID:34), Order=招揽 (ID:16), City= (ID:11), Target=Person ID 49 (ID:49)
[Sun Jun 22 03:31:35 2025] PERSON_RETURNED: Person=高览 (ID:34), City= (ID:11), Reason=Order Completion
[Sun Jun 22 03:31:35 2025] ORDER_DELETED: Person=高览 (ID:34), Order=招揽 (ID:16), City= (ID:11), Target=Person ID 49 (ID:49)
[Sun Jun 22 03:31:35 2025] ORDER_EXECUTED: Person=文聘 (ID:57), Order=招揽 (ID:16), City= (ID:11), Target=Person ID 141 (ID:141)
[Sun Jun 22 03:31:35 2025] PERSON_RETURNED: Person=文聘 (ID:57), City= (ID:11), Reason=Order Completion
[Sun Jun 22 03:31:35 2025] ORDER_DELETED: Person=文聘 (ID:57), Order=招揽 (ID:16), City= (ID:11), Target=Person ID 141 (ID:141)
[Sun Jun 22 03:31:35 2025] ORDER_EXECUTED: Person=陈登 (ID:42), Order=开垦 (ID:1), City=濮阳 (ID:12)
[Sun Jun 22 03:31:35 2025] PERSON_RETURNED: Person=陈登 (ID:42), City=濮阳 (ID:12), Reason=Order Completion
[Sun Jun 22 03:31:35 2025] ORDER_DELETED: Person=陈登 (ID:42), Order=开垦 (ID:1), City=濮阳 (ID:12)
[Sun Jun 22 03:31:35 2025] ORDER_EXECUTED: Person=董昭 (ID:56), Order=出巡 (ID:5), City=濮阳 (ID:12)
[Sun Jun 22 03:31:35 2025] PERSON_RETURNED: Person=董昭 (ID:56), City=濮阳 (ID:12), Reason=Order Completion
[Sun Jun 22 03:31:35 2025] ORDER_DELETED: Person=董昭 (ID:56), Order=出巡 (ID:5), City=濮阳 (ID:12)
[Sun Jun 22 03:31:35 2025] ORDER_EXECUTED: Person=乐进 (ID:16), Order=招揽 (ID:16), City=寿春 (ID:21), Target=江夏 (ID:27)
[Sun Jun 22 03:31:35 2025] PERSON_RETURNED: Person=乐进 (ID:16), City=寿春 (ID:21), Reason=Order Completion
[Sun Jun 22 03:31:35 2025] ORDER_DELETED: Person=乐进 (ID:16), Order=招揽 (ID:16), City=寿春 (ID:21), Target=江夏 (ID:27)
[Sun Jun 22 03:31:35 2025] ORDER_EXECUTED: Person=徐晃 (ID:30), Order=招揽 (ID:16), City=寿春 (ID:21), Target=Person ID 117 (ID:117)
[Sun Jun 22 03:31:35 2025] PERSON_RETURNED: Person=徐晃 (ID:30), City=寿春 (ID:21), Reason=Order Completion
[Sun Jun 22 03:31:35 2025] ORDER_DELETED: Person=徐晃 (ID:30), Order=招揽 (ID:16), City=寿春 (ID:21), Target=Person ID 117 (ID:117)
[Sun Jun 22 03:31:35 2025] ORDER_EXECUTED: Person=高顺 (ID:48), Order=招揽 (ID:16), City=寿春 (ID:21), Target=Person ID 105 (ID:105)
[Sun Jun 22 03:31:35 2025] PERSON_RETURNED: Person=高顺 (ID:48), City=寿春 (ID:21), Reason=Order Completion
[Sun Jun 22 03:31:35 2025] ORDER_DELETED: Person=高顺 (ID:48), Order=招揽 (ID:16), City=寿春 (ID:21), Target=Person ID 105 (ID:105)
[Sun Jun 22 03:31:35 2025] ORDER_EXECUTED: Person=文钦 (ID:67), Order=招揽 (ID:16), City=寿春 (ID:21), Target=Person ID 63 (ID:63)
[Sun Jun 22 03:31:35 2025] PERSON_RETURNED: Person=文钦 (ID:67), City=寿春 (ID:21), Reason=Order Completion
[Sun Jun 22 03:31:35 2025] ORDER_DELETED: Person=文钦 (ID:67), Order=招揽 (ID:16), City=寿春 (ID:21), Target=Person ID 63 (ID:63)
[Sun Jun 22 03:31:36 2025] GAME_TURN: Year=249, Month=3
[Sun Jun 22 03:36:23 2025] ORDER_TYPE_TEST_START: OrderType comparison test
[Sun Jun 22 03:36:23 2025] ORDER_TYPE_SIZE_COMPARISON: sizeof(OrderType)=12 sizeof(OrderTypeNew)=12
[Sun Jun 22 03:36:23 2025] ORDER_TYPE_TEST_RESULT: SUCCESS: All 100 orders match perfectly
[Sun Jun 22 03:36:23 2025] ORDER_TYPE_TEST_END: OrderType comparison test completed
[Sun Jun 22 03:37:17 2025] ORDER_TYPE_TEST_START: OrderType comparison test
[Sun Jun 22 03:37:17 2025] ORDER_TYPE_SIZE_COMPARISON: sizeof(OrderType)=12 sizeof(OrderTypeNew)=12
[Sun Jun 22 03:37:17 2025] ORDER_TYPE_TEST_RESULT: SUCCESS: All 100 orders match perfectly
[Sun Jun 22 03:37:17 2025] ORDER_TYPE_TEST_END: OrderType comparison test completed
[Sun Jun 22 03:38:37 2025] ORDER_TYPE_TEST_START: OrderType comparison test
[Sun Jun 22 03:38:37 2025] ORDER_TYPE_SIZE_COMPARISON: sizeof(OrderType)=12 sizeof(OrderTypeNew)=12
[Sun Jun 22 03:38:37 2025] ORDER_TYPE_TEST_RESULT: SUCCESS: All 100 orders match perfectly
[Sun Jun 22 03:38:37 2025] ORDER_TYPE_TEST_END: OrderType comparison test completed
[Sun Jun 22 03:38:40 2025] COMPUTER_TACTIC: City=襄平 (ID:2), Tactic=Diplomatism
[Sun Jun 22 03:38:40 2025] ORDER_CREATED: Person=杨龄 (ID:6), Order=招商 (ID:2), City=北海 (ID:7)
[Sun Jun 22 03:38:40 2025] PERSON_REMOVED: Person=杨龄 (ID:6), City=北海 (ID:7), Reason=Order Assignment
[Sun Jun 22 03:38:40 2025] ORDER_CREATED: Person=曹植 (ID:12), Order=招商 (ID:2), City=北海 (ID:7)
[Sun Jun 22 03:38:40 2025] PERSON_REMOVED: Person=曹植 (ID:12), City=北海 (ID:7), Reason=Order Assignment
[Sun Jun 22 03:38:40 2025] ORDER_CREATED: Person=陈群 (ID:25), Order=出巡 (ID:5), City=北海 (ID:7)
[Sun Jun 22 03:38:40 2025] PERSON_REMOVED: Person=陈群 (ID:25), City=北海 (ID:7), Reason=Order Assignment
[Sun Jun 22 03:38:40 2025] ORDER_CREATED: Person=ConversionError (ID:27), Order=招商 (ID:2), City=北海 (ID:7)
[Sun Jun 22 03:38:40 2025] PERSON_REMOVED: Person=ConversionError (ID:27), City=北海 (ID:7), Reason=Order Assignment
[Sun Jun 22 03:38:40 2025] ORDER_CREATED: Person=许褚 (ID:28), Order=招商 (ID:2), City=北海 (ID:7)
[Sun Jun 22 03:38:40 2025] PERSON_REMOVED: Person=许褚 (ID:28), City=北海 (ID:7), Reason=Order Assignment
[Sun Jun 22 03:38:40 2025] ORDER_CREATED: Person=毋丘俭 (ID:68), Order=招商 (ID:2), City=北海 (ID:7)
[Sun Jun 22 03:38:40 2025] PERSON_REMOVED: Person=毋丘俭 (ID:68), City=北海 (ID:7), Reason=Order Assignment
[Sun Jun 22 03:38:40 2025] COMPUTER_TACTIC: City=北海 (ID:7), Tactic=Interior
[Sun Jun 22 03:38:40 2025] ORDER_CREATED: Person=何晏 (ID:155), Order=招揽 (ID:16), City=河内 (ID:9), Target=Person ID 126 (ID:126)
[Sun Jun 22 03:38:40 2025] PERSON_REMOVED: Person=何晏 (ID:155), City=河内 (ID:9), Reason=Order Assignment
[Sun Jun 22 03:38:40 2025] ORDER_CREATED: Person=夏侯德 (ID:8), Order=招揽 (ID:16), City=河内 (ID:9), Target=Person ID 94 (ID:94)
[Sun Jun 22 03:38:40 2025] PERSON_REMOVED: Person=夏侯德 (ID:8), City=河内 (ID:9), Reason=Order Assignment
[Sun Jun 22 03:38:40 2025] ORDER_CREATED: Person=曹洪 (ID:17), Order=招揽 (ID:16), City=河内 (ID:9), Target=Person ID 55 (ID:55)
[Sun Jun 22 03:38:40 2025] PERSON_REMOVED: Person=曹洪 (ID:17), City=河内 (ID:9), Reason=Order Assignment
[Sun Jun 22 03:38:40 2025] ORDER_CREATED: Person=荀攸 (ID:22), Order=招揽 (ID:16), City=河内 (ID:9), Target=襄阳 (ID:26)
[Sun Jun 22 03:38:40 2025] PERSON_REMOVED: Person=荀攸 (ID:22), City=河内 (ID:9), Reason=Order Assignment
[Sun Jun 22 03:38:40 2025] ORDER_CREATED: Person=刘晔 (ID:24), Order=招揽 (ID:16), City=河内 (ID:9), Target=Person ID 94 (ID:94)
[Sun Jun 22 03:38:40 2025] PERSON_REMOVED: Person=刘晔 (ID:24), City=河内 (ID:9), Reason=Order Assignment
[Sun Jun 22 03:38:40 2025] ORDER_CREATED: Person=蒋干 (ID:32), Order=招揽 (ID:16), City=河内 (ID:9), Target=Person ID 38 (ID:38)
[Sun Jun 22 03:38:40 2025] PERSON_REMOVED: Person=蒋干 (ID:32), City=河内 (ID:9), Reason=Order Assignment
[Sun Jun 22 03:38:40 2025] ORDER_CREATED: Person=张嶷 (ID:94), Order=招揽 (ID:16), City=河内 (ID:9), Target=Person ID 108 (ID:108)
[Sun Jun 22 03:38:40 2025] PERSON_REMOVED: Person=张嶷 (ID:94), City=河内 (ID:9), Reason=Order Assignment
[Sun Jun 22 03:38:40 2025] ORDER_CREATED: Person=蒯越 (ID:54), Order=招揽 (ID:16), City=河内 (ID:9), Target=汉中 (ID:14)
[Sun Jun 22 03:38:40 2025] PERSON_REMOVED: Person=蒯越 (ID:54), City=河内 (ID:9), Reason=Order Assignment
[Sun Jun 22 03:38:40 2025] ORDER_CREATED: Person=韩嵩 (ID:55), Order=招揽 (ID:16), City=河内 (ID:9), Target=平原 (ID:5)
[Sun Jun 22 03:38:40 2025] PERSON_REMOVED: Person=韩嵩 (ID:55), City=河内 (ID:9), Reason=Order Assignment
[Sun Jun 22 03:38:40 2025] ORDER_CREATED: Person=司马师 (ID:64), Order=招揽 (ID:16), City=河内 (ID:9), Target=长沙 (ID:33)
[Sun Jun 22 03:38:40 2025] PERSON_REMOVED: Person=司马师 (ID:64), City=河内 (ID:9), Reason=Order Assignment
[Sun Jun 22 03:38:40 2025] ORDER_CREATED: Person=典满 (ID:69), Order=招揽 (ID:16), City=河内 (ID:9), Target=Person ID 126 (ID:126)
[Sun Jun 22 03:38:40 2025] PERSON_REMOVED: Person=典满 (ID:69), City=河内 (ID:9), Reason=Order Assignment
[Sun Jun 22 03:38:40 2025] ORDER_CREATED: Person=郝昭 (ID:70), Order=招揽 (ID:16), City=河内 (ID:9), Target=Person ID 56 (ID:56)
[Sun Jun 22 03:38:40 2025] PERSON_REMOVED: Person=郝昭 (ID:70), City=河内 (ID:9), Reason=Order Assignment
[Sun Jun 22 03:38:40 2025] COMPUTER_TACTIC: City=河内 (ID:9), Tactic=AI_Diplomatism
[Sun Jun 22 03:38:40 2025] ORDER_CREATED: Person=夏侯霸 (ID:9), Order=招揽 (ID:16), City=长安 (ID:10), Target=Person ID 38 (ID:38)
[Sun Jun 22 03:38:40 2025] PERSON_REMOVED: Person=夏侯霸 (ID:9), City=长安 (ID:10), Reason=Order Assignment
[Sun Jun 22 03:38:40 2025] ORDER_CREATED: Person=曹彰 (ID:10), Order=招揽 (ID:16), City=长安 (ID:10), Target=长沙 (ID:33)
[Sun Jun 22 03:38:40 2025] PERSON_REMOVED: Person=曹彰 (ID:10), City=长安 (ID:10), Reason=Order Assignment
[Sun Jun 22 03:38:40 2025] ORDER_CREATED: Person=曹真 (ID:11), Order=招揽 (ID:16), City=长安 (ID:10), Target=Person ID 57 (ID:57)
[Sun Jun 22 03:38:40 2025] PERSON_REMOVED: Person=曹真 (ID:11), City=长安 (ID:10), Reason=Order Assignment
[Sun Jun 22 03:38:40 2025] ORDER_CREATED: Person=张燕 (ID:38), Order=招揽 (ID:16), City=长安 (ID:10), Target= (ID:23)
[Sun Jun 22 03:38:40 2025] PERSON_REMOVED: Person=张燕 (ID:38), City=长安 (ID:10), Reason=Order Assignment
[Sun Jun 22 03:38:40 2025] ORDER_CREATED: Person=陈琳 (ID:41), Order=招揽 (ID:16), City=长安 (ID:10), Target=Person ID 63 (ID:63)
[Sun Jun 22 03:38:40 2025] PERSON_REMOVED: Person=陈琳 (ID:41), City=长安 (ID:10), Reason=Order Assignment
[Sun Jun 22 03:38:40 2025] ORDER_CREATED: Person=贾诩 (ID:53), Order=招揽 (ID:16), City=长安 (ID:10), Target=巴郡 (ID:31)
[Sun Jun 22 03:38:40 2025] PERSON_REMOVED: Person=贾诩 (ID:53), City=长安 (ID:10), Reason=Order Assignment
[Sun Jun 22 03:38:40 2025] COMPUTER_TACTIC: City=长安 (ID:10), Tactic=AI_Diplomatism
[Sun Jun 22 03:38:40 2025] ORDER_CREATED: Person=郭淮 (ID:31), Order=招揽 (ID:16), City= (ID:11), Target=Person ID 58 (ID:58)
[Sun Jun 22 03:38:40 2025] PERSON_REMOVED: Person=郭淮 (ID:31), City= (ID:11), Reason=Order Assignment
[Sun Jun 22 03:38:40 2025] ORDER_CREATED: Person=高览 (ID:34), Order=招揽 (ID:16), City= (ID:11), Target=Person ID 83 (ID:83)
[Sun Jun 22 03:38:40 2025] PERSON_REMOVED: Person=高览 (ID:34), City= (ID:11), Reason=Order Assignment
[Sun Jun 22 03:38:40 2025] ORDER_CREATED: Person=文聘 (ID:57), Order=招揽 (ID:16), City= (ID:11), Target=Person ID 138 (ID:138)
[Sun Jun 22 03:38:40 2025] PERSON_REMOVED: Person=文聘 (ID:57), City= (ID:11), Reason=Order Assignment
[Sun Jun 22 03:38:40 2025] COMPUTER_TACTIC: City= (ID:11), Tactic=AI_Diplomatism
[Sun Jun 22 03:38:40 2025] ORDER_CREATED: Person=陈登 (ID:42), Order=招揽 (ID:16), City=濮阳 (ID:12), Target=Person ID 135 (ID:135)
[Sun Jun 22 03:38:40 2025] PERSON_REMOVED: Person=陈登 (ID:42), City=濮阳 (ID:12), Reason=Order Assignment
[Sun Jun 22 03:38:40 2025] ORDER_CREATED: Person=董昭 (ID:56), Order=招揽 (ID:16), City=濮阳 (ID:12), Target=Person ID 127 (ID:127)
[Sun Jun 22 03:38:40 2025] PERSON_REMOVED: Person=董昭 (ID:56), City=濮阳 (ID:12), Reason=Order Assignment
[Sun Jun 22 03:38:40 2025] COMPUTER_TACTIC: City=濮阳 (ID:12), Tactic=AI_Diplomatism
[Sun Jun 22 03:38:40 2025] COMPUTER_TACTIC: City=汉中 (ID:14), Tactic=Diplomatism
[Sun Jun 22 03:38:40 2025] COMPUTER_TACTIC: City=梓潼 (ID:19), Tactic=Armament
[Sun Jun 22 03:38:40 2025] COMPUTER_TACTIC: City=建业 (ID:22), Tactic=Armament
[Sun Jun 22 03:38:40 2025] COMPUTER_TACTIC: City= (ID:23), Tactic=Armament
[Sun Jun 22 03:38:40 2025] COMPUTER_TACTIC: City=成都 (ID:24), Tactic=Diplomatism
[Sun Jun 22 03:38:40 2025] COMPUTER_TACTIC: City=棉竹 (ID:25), Tactic=Diplomatism
[Sun Jun 22 03:38:40 2025] COMPUTER_TACTIC: City=襄阳 (ID:26), Tactic=Armament
[Sun Jun 22 03:38:40 2025] COMPUTER_TACTIC: City=江夏 (ID:27), Tactic=Diplomatism
[Sun Jun 22 03:38:40 2025] COMPUTER_TACTIC: City=庐江 (ID:28), Tactic=Armament
[Sun Jun 22 03:38:40 2025] COMPUTER_TACTIC: City=会稽 (ID:29), Tactic=Armament
[Sun Jun 22 03:38:40 2025] COMPUTER_TACTIC: City=云南 (ID:30), Tactic=Armament
[Sun Jun 22 03:38:40 2025] COMPUTER_TACTIC: City=巴郡 (ID:31), Tactic=Interior
[Sun Jun 22 03:38:40 2025] COMPUTER_TACTIC: City=武陵 (ID:32), Tactic=Armament
[Sun Jun 22 03:38:40 2025] COMPUTER_TACTIC: City=长沙 (ID:33), Tactic=Armament
[Sun Jun 22 03:38:40 2025] COMPUTER_TACTIC: City=柴桑 (ID:34), Tactic=Armament
[Sun Jun 22 03:38:40 2025] COMPUTER_TACTIC: City=零陵 (ID:35), Tactic=Armament
[Sun Jun 22 03:38:40 2025] COMPUTER_TACTIC: City=桂阳 (ID:36), Tactic=Armament
[Sun Jun 22 03:38:40 2025] ORDER_EXECUTED: Person=杨龄 (ID:6), Order=招商 (ID:2), City=北海 (ID:7)
[Sun Jun 22 03:38:40 2025] PERSON_RETURNED: Person=杨龄 (ID:6), City=北海 (ID:7), Reason=Order Completion
[Sun Jun 22 03:38:40 2025] ORDER_DELETED: Person=杨龄 (ID:6), Order=招商 (ID:2), City=北海 (ID:7)
[Sun Jun 22 03:38:40 2025] ORDER_EXECUTED: Person=曹植 (ID:12), Order=招商 (ID:2), City=北海 (ID:7)
[Sun Jun 22 03:38:40 2025] PERSON_RETURNED: Person=曹植 (ID:12), City=北海 (ID:7), Reason=Order Completion
[Sun Jun 22 03:38:40 2025] ORDER_DELETED: Person=曹植 (ID:12), Order=招商 (ID:2), City=北海 (ID:7)
[Sun Jun 22 03:38:40 2025] ORDER_EXECUTED: Person=陈群 (ID:25), Order=出巡 (ID:5), City=北海 (ID:7)
[Sun Jun 22 03:38:40 2025] PERSON_RETURNED: Person=陈群 (ID:25), City=北海 (ID:7), Reason=Order Completion
[Sun Jun 22 03:38:40 2025] ORDER_DELETED: Person=陈群 (ID:25), Order=出巡 (ID:5), City=北海 (ID:7)
[Sun Jun 22 03:38:40 2025] ORDER_EXECUTED: Person=ConversionError (ID:27), Order=招商 (ID:2), City=北海 (ID:7)
[Sun Jun 22 03:38:40 2025] PERSON_RETURNED: Person=ConversionError (ID:27), City=北海 (ID:7), Reason=Order Completion
[Sun Jun 22 03:38:40 2025] ORDER_DELETED: Person=ConversionError (ID:27), Order=招商 (ID:2), City=北海 (ID:7)
[Sun Jun 22 03:38:40 2025] ORDER_EXECUTED: Person=许褚 (ID:28), Order=招商 (ID:2), City=北海 (ID:7)
[Sun Jun 22 03:38:40 2025] PERSON_RETURNED: Person=许褚 (ID:28), City=北海 (ID:7), Reason=Order Completion
[Sun Jun 22 03:38:40 2025] ORDER_DELETED: Person=许褚 (ID:28), Order=招商 (ID:2), City=北海 (ID:7)
[Sun Jun 22 03:38:40 2025] ORDER_EXECUTED: Person=毋丘俭 (ID:68), Order=招商 (ID:2), City=北海 (ID:7)
[Sun Jun 22 03:38:40 2025] PERSON_RETURNED: Person=毋丘俭 (ID:68), City=北海 (ID:7), Reason=Order Completion
[Sun Jun 22 03:38:40 2025] ORDER_DELETED: Person=毋丘俭 (ID:68), Order=招商 (ID:2), City=北海 (ID:7)
[Sun Jun 22 03:38:40 2025] ORDER_EXECUTED: Person=何晏 (ID:155), Order=招揽 (ID:16), City=河内 (ID:9), Target=Person ID 126 (ID:126)
[Sun Jun 22 03:38:40 2025] PERSON_RETURNED: Person=何晏 (ID:155), City=河内 (ID:9), Reason=Order Completion
[Sun Jun 22 03:38:40 2025] ORDER_DELETED: Person=何晏 (ID:155), Order=招揽 (ID:16), City=河内 (ID:9), Target=Person ID 126 (ID:126)
[Sun Jun 22 03:38:40 2025] ORDER_EXECUTED: Person=夏侯德 (ID:8), Order=招揽 (ID:16), City=河内 (ID:9), Target=Person ID 94 (ID:94)
[Sun Jun 22 03:38:40 2025] PERSON_RETURNED: Person=夏侯德 (ID:8), City=河内 (ID:9), Reason=Order Completion
[Sun Jun 22 03:38:40 2025] ORDER_DELETED: Person=夏侯德 (ID:8), Order=招揽 (ID:16), City=河内 (ID:9), Target=Person ID 94 (ID:94)
[Sun Jun 22 03:38:40 2025] ORDER_EXECUTED: Person=曹洪 (ID:17), Order=招揽 (ID:16), City=河内 (ID:9), Target=Person ID 55 (ID:55)
[Sun Jun 22 03:38:40 2025] PERSON_RETURNED: Person=曹洪 (ID:17), City=河内 (ID:9), Reason=Order Completion
[Sun Jun 22 03:38:40 2025] ORDER_DELETED: Person=曹洪 (ID:17), Order=招揽 (ID:16), City=河内 (ID:9), Target=Person ID 55 (ID:55)
[Sun Jun 22 03:38:40 2025] ORDER_EXECUTED: Person=荀攸 (ID:22), Order=招揽 (ID:16), City=河内 (ID:9), Target=襄阳 (ID:26)
[Sun Jun 22 03:38:40 2025] PERSON_RETURNED: Person=荀攸 (ID:22), City=河内 (ID:9), Reason=Order Completion
[Sun Jun 22 03:38:40 2025] ORDER_DELETED: Person=荀攸 (ID:22), Order=招揽 (ID:16), City=河内 (ID:9), Target=襄阳 (ID:26)
[Sun Jun 22 03:38:40 2025] ORDER_EXECUTED: Person=刘晔 (ID:24), Order=招揽 (ID:16), City=河内 (ID:9), Target=Person ID 94 (ID:94)
[Sun Jun 22 03:38:40 2025] PERSON_RETURNED: Person=刘晔 (ID:24), City=河内 (ID:9), Reason=Order Completion
[Sun Jun 22 03:38:40 2025] ORDER_DELETED: Person=刘晔 (ID:24), Order=招揽 (ID:16), City=河内 (ID:9), Target=Person ID 94 (ID:94)
[Sun Jun 22 03:38:40 2025] ORDER_EXECUTED: Person=蒋干 (ID:32), Order=招揽 (ID:16), City=河内 (ID:9), Target=Person ID 38 (ID:38)
[Sun Jun 22 03:38:40 2025] PERSON_RETURNED: Person=蒋干 (ID:32), City=河内 (ID:9), Reason=Order Completion
[Sun Jun 22 03:38:40 2025] ORDER_DELETED: Person=蒋干 (ID:32), Order=招揽 (ID:16), City=河内 (ID:9), Target=Person ID 38 (ID:38)
[Sun Jun 22 03:38:40 2025] ORDER_EXECUTED: Person=张嶷 (ID:94), Order=招揽 (ID:16), City=河内 (ID:9), Target=Person ID 108 (ID:108)
[Sun Jun 22 03:38:40 2025] PERSON_RETURNED: Person=张嶷 (ID:94), City=河内 (ID:9), Reason=Order Completion
[Sun Jun 22 03:38:40 2025] ORDER_DELETED: Person=张嶷 (ID:94), Order=招揽 (ID:16), City=河内 (ID:9), Target=Person ID 108 (ID:108)
[Sun Jun 22 03:38:40 2025] ORDER_EXECUTED: Person=蒯越 (ID:54), Order=招揽 (ID:16), City=河内 (ID:9), Target=汉中 (ID:14)
[Sun Jun 22 03:38:40 2025] PERSON_RETURNED: Person=蒯越 (ID:54), City=河内 (ID:9), Reason=Order Completion
[Sun Jun 22 03:38:40 2025] ORDER_DELETED: Person=蒯越 (ID:54), Order=招揽 (ID:16), City=河内 (ID:9), Target=汉中 (ID:14)
[Sun Jun 22 03:38:40 2025] ORDER_EXECUTED: Person=韩嵩 (ID:55), Order=招揽 (ID:16), City=河内 (ID:9), Target=平原 (ID:5)
[Sun Jun 22 03:38:40 2025] PERSON_RETURNED: Person=韩嵩 (ID:55), City=河内 (ID:9), Reason=Order Completion
[Sun Jun 22 03:38:40 2025] ORDER_DELETED: Person=韩嵩 (ID:55), Order=招揽 (ID:16), City=河内 (ID:9), Target=平原 (ID:5)
[Sun Jun 22 03:38:40 2025] ORDER_EXECUTED: Person=司马师 (ID:64), Order=招揽 (ID:16), City=河内 (ID:9), Target=长沙 (ID:33)
[Sun Jun 22 03:38:40 2025] PERSON_RETURNED: Person=司马师 (ID:64), City=河内 (ID:9), Reason=Order Completion
[Sun Jun 22 03:38:40 2025] ORDER_DELETED: Person=司马师 (ID:64), Order=招揽 (ID:16), City=河内 (ID:9), Target=长沙 (ID:33)
[Sun Jun 22 03:38:40 2025] ORDER_EXECUTED: Person=典满 (ID:69), Order=招揽 (ID:16), City=河内 (ID:9), Target=Person ID 126 (ID:126)
[Sun Jun 22 03:38:40 2025] PERSON_RETURNED: Person=典满 (ID:69), City=河内 (ID:9), Reason=Order Completion
[Sun Jun 22 03:38:40 2025] ORDER_DELETED: Person=典满 (ID:69), Order=招揽 (ID:16), City=河内 (ID:9), Target=Person ID 126 (ID:126)
[Sun Jun 22 03:38:40 2025] ORDER_EXECUTED: Person=郝昭 (ID:70), Order=招揽 (ID:16), City=河内 (ID:9), Target=Person ID 56 (ID:56)
[Sun Jun 22 03:38:40 2025] PERSON_RETURNED: Person=郝昭 (ID:70), City=河内 (ID:9), Reason=Order Completion
[Sun Jun 22 03:38:40 2025] ORDER_DELETED: Person=郝昭 (ID:70), Order=招揽 (ID:16), City=河内 (ID:9), Target=Person ID 56 (ID:56)
[Sun Jun 22 03:38:40 2025] ORDER_EXECUTED: Person=夏侯霸 (ID:9), Order=招揽 (ID:16), City=长安 (ID:10), Target=Person ID 38 (ID:38)
[Sun Jun 22 03:38:40 2025] PERSON_RETURNED: Person=夏侯霸 (ID:9), City=长安 (ID:10), Reason=Order Completion
[Sun Jun 22 03:38:40 2025] ORDER_DELETED: Person=夏侯霸 (ID:9), Order=招揽 (ID:16), City=长安 (ID:10), Target=Person ID 38 (ID:38)
[Sun Jun 22 03:38:40 2025] ORDER_EXECUTED: Person=曹彰 (ID:10), Order=招揽 (ID:16), City=长安 (ID:10), Target=长沙 (ID:33)
[Sun Jun 22 03:38:40 2025] PERSON_RETURNED: Person=曹彰 (ID:10), City=长安 (ID:10), Reason=Order Completion
[Sun Jun 22 03:38:40 2025] ORDER_DELETED: Person=曹彰 (ID:10), Order=招揽 (ID:16), City=长安 (ID:10), Target=长沙 (ID:33)
[Sun Jun 22 03:38:40 2025] ORDER_EXECUTED: Person=曹真 (ID:11), Order=招揽 (ID:16), City=长安 (ID:10), Target=Person ID 57 (ID:57)
[Sun Jun 22 03:38:40 2025] PERSON_RETURNED: Person=曹真 (ID:11), City=长安 (ID:10), Reason=Order Completion
[Sun Jun 22 03:38:40 2025] ORDER_DELETED: Person=曹真 (ID:11), Order=招揽 (ID:16), City=长安 (ID:10), Target=Person ID 57 (ID:57)
[Sun Jun 22 03:38:40 2025] ORDER_EXECUTED: Person=张燕 (ID:38), Order=招揽 (ID:16), City=长安 (ID:10), Target= (ID:23)
[Sun Jun 22 03:38:40 2025] PERSON_RETURNED: Person=张燕 (ID:38), City=长安 (ID:10), Reason=Order Completion
[Sun Jun 22 03:38:40 2025] ORDER_DELETED: Person=张燕 (ID:38), Order=招揽 (ID:16), City=长安 (ID:10), Target= (ID:23)
[Sun Jun 22 03:38:40 2025] ORDER_EXECUTED: Person=陈琳 (ID:41), Order=招揽 (ID:16), City=长安 (ID:10), Target=Person ID 63 (ID:63)
[Sun Jun 22 03:38:40 2025] PERSON_RETURNED: Person=陈琳 (ID:41), City=长安 (ID:10), Reason=Order Completion
[Sun Jun 22 03:38:40 2025] ORDER_DELETED: Person=陈琳 (ID:41), Order=招揽 (ID:16), City=长安 (ID:10), Target=Person ID 63 (ID:63)
[Sun Jun 22 03:38:40 2025] ORDER_EXECUTED: Person=贾诩 (ID:53), Order=招揽 (ID:16), City=长安 (ID:10), Target=巴郡 (ID:31)
[Sun Jun 22 03:38:40 2025] PERSON_RETURNED: Person=贾诩 (ID:53), City=长安 (ID:10), Reason=Order Completion
[Sun Jun 22 03:38:40 2025] ORDER_DELETED: Person=贾诩 (ID:53), Order=招揽 (ID:16), City=长安 (ID:10), Target=巴郡 (ID:31)
[Sun Jun 22 03:38:40 2025] ORDER_EXECUTED: Person=郭淮 (ID:31), Order=招揽 (ID:16), City= (ID:11), Target=Person ID 58 (ID:58)
[Sun Jun 22 03:38:40 2025] PERSON_RETURNED: Person=郭淮 (ID:31), City= (ID:11), Reason=Order Completion
[Sun Jun 22 03:38:40 2025] ORDER_DELETED: Person=郭淮 (ID:31), Order=招揽 (ID:16), City= (ID:11), Target=Person ID 58 (ID:58)
[Sun Jun 22 03:38:40 2025] ORDER_EXECUTED: Person=高览 (ID:34), Order=招揽 (ID:16), City= (ID:11), Target=Person ID 83 (ID:83)
[Sun Jun 22 03:38:40 2025] PERSON_RETURNED: Person=高览 (ID:34), City= (ID:11), Reason=Order Completion
[Sun Jun 22 03:38:40 2025] ORDER_DELETED: Person=高览 (ID:34), Order=招揽 (ID:16), City= (ID:11), Target=Person ID 83 (ID:83)
[Sun Jun 22 03:38:40 2025] ORDER_EXECUTED: Person=文聘 (ID:57), Order=招揽 (ID:16), City= (ID:11), Target=Person ID 138 (ID:138)
[Sun Jun 22 03:38:40 2025] PERSON_RETURNED: Person=文聘 (ID:57), City= (ID:11), Reason=Order Completion
[Sun Jun 22 03:38:40 2025] ORDER_DELETED: Person=文聘 (ID:57), Order=招揽 (ID:16), City= (ID:11), Target=Person ID 138 (ID:138)
[Sun Jun 22 03:38:40 2025] ORDER_EXECUTED: Person=陈登 (ID:42), Order=招揽 (ID:16), City=濮阳 (ID:12), Target=Person ID 135 (ID:135)
[Sun Jun 22 03:38:40 2025] PERSON_RETURNED: Person=陈登 (ID:42), City=濮阳 (ID:12), Reason=Order Completion
[Sun Jun 22 03:38:40 2025] ORDER_DELETED: Person=陈登 (ID:42), Order=招揽 (ID:16), City=濮阳 (ID:12), Target=Person ID 135 (ID:135)
[Sun Jun 22 03:38:40 2025] ORDER_EXECUTED: Person=董昭 (ID:56), Order=招揽 (ID:16), City=濮阳 (ID:12), Target=Person ID 127 (ID:127)
[Sun Jun 22 03:38:40 2025] PERSON_RETURNED: Person=董昭 (ID:56), City=濮阳 (ID:12), Reason=Order Completion
[Sun Jun 22 03:38:40 2025] ORDER_DELETED: Person=董昭 (ID:56), Order=招揽 (ID:16), City=濮阳 (ID:12), Target=Person ID 127 (ID:127)
[Sun Jun 22 03:38:42 2025] GAME_TURN: Year=249, Month=3
